
=== [2x2_2clz] apply params ===
--- Current parameter snapshot ---
cl_satswarm: 23:    parameter int GRID_X               = 2,
cl_satswarm: 24:    parameter int GRID_Y               = 2,
cl_satswarm: 26:    parameter int MAX_CLAUSES_PER_CORE = 2048,
cl_satswarm: 27:    parameter int MAX_LITS             = 8192
bridge: 19:    parameter int GRID_X              = 2,
bridge: 20:    parameter int GRID_Y              = 2,
bridge: 22:    parameter int MAX_CLAUSES_PER_CORE= 2048,
bridge: 23:    parameter int MAX_LITS            = 8192
satswarm_top: 3:    parameter int GRID_X = 2,
satswarm_top: 4:    parameter int GRID_Y = 2,
satswarm_top: 6:    parameter int MAX_CLAUSES_PER_CORE = 2048,
satswarm_top: 7:    parameter int MAX_LITS = 8192,
satswarm_top: 9:    parameter int CLAUSE_SHARING_MODE = 1,
satswarm_top: 10:    parameter int SHARE_MAX_LEN = 2
satswarm_top: 205:                    .CLAUSE_SHARING_MODE(CLAUSE_SHARING_MODE),
satswarm_top: 206:                    .SHARE_MAX_LEN(SHARE_MAX_LEN)
pkg: 15:  parameter int GRID_X         = 2;    // 1x1 grid
pkg: 16:  parameter int GRID_Y         = 2;
mesh: 4:    parameter int GRID_X = 2,
mesh: 5:    parameter int GRID_Y = 2
=== [2x2_2clz] launch BuildAll (speed-focused directives) ===
[2x2_2clz] pid=2739 log=/home/ubuntu/src/project_data/SatSwarmV2/deploy/logs/grid_sharing_20260331_144138/build_2x2_2clz_20260331_144138.log
[2026-03-31T14:43:38+0000] [2x2_2clz] still running...
INFO: [Timing 38-2] Deriving generated clocks
CRITICAL WARNING: [Designutils 20-1280] Could not find module 'cl_ddr4'. The XDC file /home/ubuntu/src/project_data/SatSwarmV2/src/aws-fpga/hdk/common/ip/cl_ip/cl_ip.gen/sources_1/ip/cl_ddr4/cl_ddr4_board.xdc will not be read for any cell of this module.
CRITICAL WARNING: [Designutils 20-1280] Could not find module 'clk_mmcm_a'. The XDC file /home/ubuntu/src/project_data/SatSwarmV2/src/aws-fpga/hdk/common/ip/cl_ip/cl_ip.gen/sources_1/ip/clk_mmcm_a/clk_mmcm_a_late.xdc will not be read for any cell of this module.
CRITICAL WARNING: [Designutils 20-1280] Could not find module 'clk_mmcm_b'. The XDC file /home/ubuntu/src/project_data/SatSwarmV2/src/aws-fpga/hdk/common/ip/cl_ip/cl_ip.gen/sources_1/ip/clk_mmcm_b/clk_mmcm_b_late.xdc will not be read for any cell of this module.
CRITICAL WARNING: [Designutils 20-1280] Could not find module 'clk_mmcm_c'. The XDC file /home/ubuntu/src/project_data/SatSwarmV2/src/aws-fpga/hdk/common/ip/cl_ip/cl_ip.gen/sources_1/ip/clk_mmcm_c/clk_mmcm_c_late.xdc will not be read for any cell of this module.
CRITICAL WARNING: [Designutils 20-1280] Could not find module 'clk_mmcm_hbm'. The XDC file /home/ubuntu/src/project_data/SatSwarmV2/src/aws-fpga/hdk/common/ip/cl_ip/cl_ip.gen/sources_1/ip/clk_mmcm_hbm/clk_mmcm_hbm_late.xdc will not be read for any cell of this module.
CRITICAL WARNING: [Designutils 20-1280] Could not find module 'axi_register_slice'. The XDC file /home/ubuntu/src/project_data/SatSwarmV2/src/aws-fpga/hdk/common/ip/cl_ip/cl_ip.gen/sources_1/ip/axi_register_slice/axi_register_slice_clocks.xdc will not be read for any cell of this module.
CRITICAL WARNING: [Designutils 20-1280] Could not find module 'axi_register_slice_light'. The XDC file /home/ubuntu/src/project_data/SatSwarmV2/src/aws-fpga/hdk/common/ip/cl_ip/cl_ip.gen/sources_1/ip/axi_register_slice_light/axi_register_slice_light_clocks.xdc will not be read for any cell of this module.
CRITICAL WARNING: [Designutils 20-1280] Could not find module 'cl_axi3_256b_reg_slice'. The XDC file /home/ubuntu/src/project_data/SatSwarmV2/src/aws-fpga/hdk/common/ip/cl_ip/cl_ip.gen/sources_1/ip/cl_axi3_256b_reg_slice/cl_axi3_256b_reg_slice_clocks.xdc will not be read for any cell of this module.
CRITICAL WARNING: [Designutils 20-1280] Could not find module 'cl_axi_register_slice'. The XDC file /home/ubuntu/src/project_data/SatSwarmV2/src/aws-fpga/hdk/common/ip/cl_ip/cl_ip.gen/sources_1/ip/cl_axi_register_slice/cl_axi_register_slice_clocks.xdc will not be read for any cell of this module.
Start Loading Part and Timing Information
Finished Loading Part and Timing Information : Time (s): cpu = 00:01:03 ; elapsed = 00:01:05 . Memory (MB): peak = 4617.254 ; gain = 1630.035 ; free physical = 24171 ; free virtual = 36418
[2026-03-31T14:45:38+0000] [2x2_2clz] still running...
INFO: [Timing 38-2] Deriving generated clocks
CRITICAL WARNING: [Designutils 20-1280] Could not find module 'cl_ddr4'. The XDC file /home/ubuntu/src/project_data/SatSwarmV2/src/aws-fpga/hdk/common/ip/cl_ip/cl_ip.gen/sources_1/ip/cl_ddr4/cl_ddr4_board.xdc will not be read for any cell of this module.
CRITICAL WARNING: [Designutils 20-1280] Could not find module 'clk_mmcm_a'. The XDC file /home/ubuntu/src/project_data/SatSwarmV2/src/aws-fpga/hdk/common/ip/cl_ip/cl_ip.gen/sources_1/ip/clk_mmcm_a/clk_mmcm_a_late.xdc will not be read for any cell of this module.
CRITICAL WARNING: [Designutils 20-1280] Could not find module 'clk_mmcm_b'. The XDC file /home/ubuntu/src/project_data/SatSwarmV2/src/aws-fpga/hdk/common/ip/cl_ip/cl_ip.gen/sources_1/ip/clk_mmcm_b/clk_mmcm_b_late.xdc will not be read for any cell of this module.
CRITICAL WARNING: [Designutils 20-1280] Could not find module 'clk_mmcm_c'. The XDC file /home/ubuntu/src/project_data/SatSwarmV2/src/aws-fpga/hdk/common/ip/cl_ip/cl_ip.gen/sources_1/ip/clk_mmcm_c/clk_mmcm_c_late.xdc will not be read for any cell of this module.
CRITICAL WARNING: [Designutils 20-1280] Could not find module 'clk_mmcm_hbm'. The XDC file /home/ubuntu/src/project_data/SatSwarmV2/src/aws-fpga/hdk/common/ip/cl_ip/cl_ip.gen/sources_1/ip/clk_mmcm_hbm/clk_mmcm_hbm_late.xdc will not be read for any cell of this module.
CRITICAL WARNING: [Designutils 20-1280] Could not find module 'axi_register_slice'. The XDC file /home/ubuntu/src/project_data/SatSwarmV2/src/aws-fpga/hdk/common/ip/cl_ip/cl_ip.gen/sources_1/ip/axi_register_slice/axi_register_slice_clocks.xdc will not be read for any cell of this module.
CRITICAL WARNING: [Designutils 20-1280] Could not find module 'axi_register_slice_light'. The XDC file /home/ubuntu/src/project_data/SatSwarmV2/src/aws-fpga/hdk/common/ip/cl_ip/cl_ip.gen/sources_1/ip/axi_register_slice_light/axi_register_slice_light_clocks.xdc will not be read for any cell of this module.
CRITICAL WARNING: [Designutils 20-1280] Could not find module 'cl_axi3_256b_reg_slice'. The XDC file /home/ubuntu/src/project_data/SatSwarmV2/src/aws-fpga/hdk/common/ip/cl_ip/cl_ip.gen/sources_1/ip/cl_axi3_256b_reg_slice/cl_axi3_256b_reg_slice_clocks.xdc will not be read for any cell of this module.
CRITICAL WARNING: [Designutils 20-1280] Could not find module 'cl_axi_register_slice'. The XDC file /home/ubuntu/src/project_data/SatSwarmV2/src/aws-fpga/hdk/common/ip/cl_ip/cl_ip.gen/sources_1/ip/cl_axi_register_slice/cl_axi_register_slice_clocks.xdc will not be read for any cell of this module.
Start Loading Part and Timing Information
Finished Loading Part and Timing Information : Time (s): cpu = 00:01:03 ; elapsed = 00:01:05 . Memory (MB): peak = 4617.254 ; gain = 1630.035 ; free physical = 24171 ; free virtual = 36418
[2026-03-31T14:47:38+0000] [2x2_2clz] still running...
CRITICAL WARNING: [Designutils 20-1280] Could not find module 'clk_mmcm_a'. The XDC file /home/ubuntu/src/project_data/SatSwarmV2/src/aws-fpga/hdk/common/ip/cl_ip/cl_ip.gen/sources_1/ip/clk_mmcm_a/clk_mmcm_a_late.xdc will not be read for any cell of this module.
CRITICAL WARNING: [Designutils 20-1280] Could not find module 'clk_mmcm_b'. The XDC file /home/ubuntu/src/project_data/SatSwarmV2/src/aws-fpga/hdk/common/ip/cl_ip/cl_ip.gen/sources_1/ip/clk_mmcm_b/clk_mmcm_b_late.xdc will not be read for any cell of this module.
CRITICAL WARNING: [Designutils 20-1280] Could not find module 'clk_mmcm_c'. The XDC file /home/ubuntu/src/project_data/SatSwarmV2/src/aws-fpga/hdk/common/ip/cl_ip/cl_ip.gen/sources_1/ip/clk_mmcm_c/clk_mmcm_c_late.xdc will not be read for any cell of this module.
CRITICAL WARNING: [Designutils 20-1280] Could not find module 'clk_mmcm_hbm'. The XDC file /home/ubuntu/src/project_data/SatSwarmV2/src/aws-fpga/hdk/common/ip/cl_ip/cl_ip.gen/sources_1/ip/clk_mmcm_hbm/clk_mmcm_hbm_late.xdc will not be read for any cell of this module.
CRITICAL WARNING: [Designutils 20-1280] Could not find module 'axi_register_slice'. The XDC file /home/ubuntu/src/project_data/SatSwarmV2/src/aws-fpga/hdk/common/ip/cl_ip/cl_ip.gen/sources_1/ip/axi_register_slice/axi_register_slice_clocks.xdc will not be read for any cell of this module.
CRITICAL WARNING: [Designutils 20-1280] Could not find module 'axi_register_slice_light'. The XDC file /home/ubuntu/src/project_data/SatSwarmV2/src/aws-fpga/hdk/common/ip/cl_ip/cl_ip.gen/sources_1/ip/axi_register_slice_light/axi_register_slice_light_clocks.xdc will not be read for any cell of this module.
CRITICAL WARNING: [Designutils 20-1280] Could not find module 'cl_axi3_256b_reg_slice'. The XDC file /home/ubuntu/src/project_data/SatSwarmV2/src/aws-fpga/hdk/common/ip/cl_ip/cl_ip.gen/sources_1/ip/cl_axi3_256b_reg_slice/cl_axi3_256b_reg_slice_clocks.xdc will not be read for any cell of this module.
CRITICAL WARNING: [Designutils 20-1280] Could not find module 'cl_axi_register_slice'. The XDC file /home/ubuntu/src/project_data/SatSwarmV2/src/aws-fpga/hdk/common/ip/cl_ip/cl_ip.gen/sources_1/ip/cl_axi_register_slice/cl_axi_register_slice_clocks.xdc will not be read for any cell of this module.
Start Loading Part and Timing Information
Finished Loading Part and Timing Information : Time (s): cpu = 00:01:03 ; elapsed = 00:01:05 . Memory (MB): peak = 4617.254 ; gain = 1630.035 ; free physical = 24171 ; free virtual = 36418
Start Applying XDC Timing Constraints
Finished Applying XDC Timing Constraints : Time (s): cpu = 00:03:30 ; elapsed = 00:04:04 . Memory (MB): peak = 4649.039 ; gain = 1661.820 ; free physical = 22508 ; free virtual = 34795
[2026-03-31T14:49:38+0000] [2x2_2clz] still running...
CRITICAL WARNING: [Designutils 20-1280] Could not find module 'clk_mmcm_a'. The XDC file /home/ubuntu/src/project_data/SatSwarmV2/src/aws-fpga/hdk/common/ip/cl_ip/cl_ip.gen/sources_1/ip/clk_mmcm_a/clk_mmcm_a_late.xdc will not be read for any cell of this module.
CRITICAL WARNING: [Designutils 20-1280] Could not find module 'clk_mmcm_b'. The XDC file /home/ubuntu/src/project_data/SatSwarmV2/src/aws-fpga/hdk/common/ip/cl_ip/cl_ip.gen/sources_1/ip/clk_mmcm_b/clk_mmcm_b_late.xdc will not be read for any cell of this module.
CRITICAL WARNING: [Designutils 20-1280] Could not find module 'clk_mmcm_c'. The XDC file /home/ubuntu/src/project_data/SatSwarmV2/src/aws-fpga/hdk/common/ip/cl_ip/cl_ip.gen/sources_1/ip/clk_mmcm_c/clk_mmcm_c_late.xdc will not be read for any cell of this module.
CRITICAL WARNING: [Designutils 20-1280] Could not find module 'clk_mmcm_hbm'. The XDC file /home/ubuntu/src/project_data/SatSwarmV2/src/aws-fpga/hdk/common/ip/cl_ip/cl_ip.gen/sources_1/ip/clk_mmcm_hbm/clk_mmcm_hbm_late.xdc will not be read for any cell of this module.
CRITICAL WARNING: [Designutils 20-1280] Could not find module 'axi_register_slice'. The XDC file /home/ubuntu/src/project_data/SatSwarmV2/src/aws-fpga/hdk/common/ip/cl_ip/cl_ip.gen/sources_1/ip/axi_register_slice/axi_register_slice_clocks.xdc will not be read for any cell of this module.
CRITICAL WARNING: [Designutils 20-1280] Could not find module 'axi_register_slice_light'. The XDC file /home/ubuntu/src/project_data/SatSwarmV2/src/aws-fpga/hdk/common/ip/cl_ip/cl_ip.gen/sources_1/ip/axi_register_slice_light/axi_register_slice_light_clocks.xdc will not be read for any cell of this module.
CRITICAL WARNING: [Designutils 20-1280] Could not find module 'cl_axi3_256b_reg_slice'. The XDC file /home/ubuntu/src/project_data/SatSwarmV2/src/aws-fpga/hdk/common/ip/cl_ip/cl_ip.gen/sources_1/ip/cl_axi3_256b_reg_slice/cl_axi3_256b_reg_slice_clocks.xdc will not be read for any cell of this module.
CRITICAL WARNING: [Designutils 20-1280] Could not find module 'cl_axi_register_slice'. The XDC file /home/ubuntu/src/project_data/SatSwarmV2/src/aws-fpga/hdk/common/ip/cl_ip/cl_ip.gen/sources_1/ip/cl_axi_register_slice/cl_axi_register_slice_clocks.xdc will not be read for any cell of this module.
Start Loading Part and Timing Information
Finished Loading Part and Timing Information : Time (s): cpu = 00:01:03 ; elapsed = 00:01:05 . Memory (MB): peak = 4617.254 ; gain = 1630.035 ; free physical = 24171 ; free virtual = 36418
Start Applying XDC Timing Constraints
Finished Applying XDC Timing Constraints : Time (s): cpu = 00:03:30 ; elapsed = 00:04:04 . Memory (MB): peak = 4649.039 ; gain = 1661.820 ; free physical = 22508 ; free virtual = 34795
[2026-03-31T14:51:38+0000] [2x2_2clz] still running...
CRITICAL WARNING: [Designutils 20-1280] Could not find module 'clk_mmcm_c'. The XDC file /home/ubuntu/src/project_data/SatSwarmV2/src/aws-fpga/hdk/common/ip/cl_ip/cl_ip.gen/sources_1/ip/clk_mmcm_c/clk_mmcm_c_late.xdc will not be read for any cell of this module.
CRITICAL WARNING: [Designutils 20-1280] Could not find module 'clk_mmcm_hbm'. The XDC file /home/ubuntu/src/project_data/SatSwarmV2/src/aws-fpga/hdk/common/ip/cl_ip/cl_ip.gen/sources_1/ip/clk_mmcm_hbm/clk_mmcm_hbm_late.xdc will not be read for any cell of this module.
CRITICAL WARNING: [Designutils 20-1280] Could not find module 'axi_register_slice'. The XDC file /home/ubuntu/src/project_data/SatSwarmV2/src/aws-fpga/hdk/common/ip/cl_ip/cl_ip.gen/sources_1/ip/axi_register_slice/axi_register_slice_clocks.xdc will not be read for any cell of this module.
CRITICAL WARNING: [Designutils 20-1280] Could not find module 'axi_register_slice_light'. The XDC file /home/ubuntu/src/project_data/SatSwarmV2/src/aws-fpga/hdk/common/ip/cl_ip/cl_ip.gen/sources_1/ip/axi_register_slice_light/axi_register_slice_light_clocks.xdc will not be read for any cell of this module.
CRITICAL WARNING: [Designutils 20-1280] Could not find module 'cl_axi3_256b_reg_slice'. The XDC file /home/ubuntu/src/project_data/SatSwarmV2/src/aws-fpga/hdk/common/ip/cl_ip/cl_ip.gen/sources_1/ip/cl_axi3_256b_reg_slice/cl_axi3_256b_reg_slice_clocks.xdc will not be read for any cell of this module.
CRITICAL WARNING: [Designutils 20-1280] Could not find module 'cl_axi_register_slice'. The XDC file /home/ubuntu/src/project_data/SatSwarmV2/src/aws-fpga/hdk/common/ip/cl_ip/cl_ip.gen/sources_1/ip/cl_axi_register_slice/cl_axi_register_slice_clocks.xdc will not be read for any cell of this module.
INFO: [Timing 38-35] Done setting XDC timing constraints. [/home/ubuntu/src/project_data/SatSwarmV2/src/aws-fpga/hdk/common/ip/cl_ip/cl_ip.gen/sources_1/ip/cl_axi_clock_converter/cl_axi_clock_converter_clocks.xdc:16]
INFO: [Timing 38-2] Deriving generated clocks [/home/ubuntu/src/project_data/SatSwarmV2/src/aws-fpga/hdk/common/ip/cl_ip/cl_ip.gen/sources_1/ip/cl_axi_clock_converter/cl_axi_clock_converter_clocks.xdc:16]
CRITICAL WARNING: [Vivado 12-4739] set_false_path:No valid object(s) found for '-from [get_pins -of_objects [get_cells -hierarchical -filter { NAME =~ *ram_reg*}] -filter {REF_PIN_NAME == CLK}]'. [/home/ubuntu/src/project_data/SatSwarmV2/src/aws-fpga/hdk/common/shell_stable/build/constraints/cl_ddr_timing_aws.xdc:26]
CRITICAL WARNING: [Vivado 12-4739] set_clock_groups:No valid object(s) found for '-group [get_clocks -of_objects [get_pins -hierarchical -filter NAME=~*SH_DDR/genblk1.IS_DDR_PRESENT.DDR4_0/inst/u_ddr4_infrastructure/gen_mmcme4.u_mmcme_adv_inst/CLKOUT0]]'. [/home/ubuntu/src/project_data/SatSwarmV2/src/aws-fpga/hdk/common/shell_stable/build/constraints/cl_ddr_timing_aws.xdc:30]
CRITICAL WARNING: [Vivado 12-4739] set_clock_groups:No valid object(s) found for '-group '. [/home/ubuntu/src/project_data/SatSwarmV2/src/aws-fpga/hdk/common/shell_stable/build/constraints/cl_ddr_timing_aws.xdc:30]
CRITICAL WARNING: [Vivado 12-5201] set_clock_groups: cannot set the clock group when only one non-empty group remains. [/home/ubuntu/src/project_data/SatSwarmV2/src/aws-fpga/hdk/common/shell_stable/build/constraints/cl_ddr_timing_aws.xdc:30]
[2026-03-31T14:53:38+0000] [2x2_2clz] still running...
### print "Writing post-synth design checkpoint"
AWS FPGA: (14:51:46): Writing post-synth design checkpoint
### write_checkpoint -force ${checkpoints_dir}/${CL}.${TAG}.post_synth.dcp
INFO: [Timing 38-35] Done setting XDC timing constraints.
INFO: [Timing 38-480] Writing timing data to binary archive.
INFO: [Common 17-1381] The checkpoint '/home/ubuntu/src/project_data/SatSwarmV2/src/aws-fpga/hdk/cl/examples/cl_satswarm/build/checkpoints/cl_satswarm.2026_03_31-144138.post_synth.dcp' has been generated.
write_checkpoint: Time (s): cpu = 00:01:10 ; elapsed = 00:01:11 . Memory (MB): peak = 7486.469 ; gain = 0.000 ; free physical = 22057 ; free virtual = 34493
####       print "CRITICAL WARNING: MiG BRAM is not populated with ELF file. This results in Calibration Failure!!"
## set AWS_DCP_DIR "${HDK_SHELL_DIR}/build/checkpoints/from_aws/"
## add_files ${checkpoints_dir}/${CL}.${TAG}.post_synth.dcp
##              [get_files ${checkpoints_dir}/${CL}.${TAG}.post_synth.dcp]
INFO: [Project 1-454] Reading design checkpoint '/home/ubuntu/src/project_data/SatSwarmV2/src/aws-fpga/hdk/cl/examples/cl_satswarm/build/checkpoints/cl_satswarm.2026_03_31-144138.post_synth.dcp' for cell 'WRAPPER/CL'
[2026-03-31T14:55:38+0000] [2x2_2clz] still running...
INFO: [Project 1-454] Reading design checkpoint '/home/ubuntu/src/project_data/SatSwarmV2/src/aws-fpga/hdk/cl/examples/cl_satswarm/build/checkpoints/cl_satswarm.2026_03_31-144138.post_synth.dcp' for cell 'WRAPPER/CL'
Parsing XDC File [/home/ubuntu/src/project_data/SatSwarmV2/src/aws-fpga/hdk/common/shell_stable/build/checkpoints/from_aws/cl_bb_routed.small_shell/top_board.xdc]
Finished Parsing XDC File [/home/ubuntu/src/project_data/SatSwarmV2/src/aws-fpga/hdk/common/shell_stable/build/checkpoints/from_aws/cl_bb_routed.small_shell/top_board.xdc]
Parsing XDC File [/home/ubuntu/src/project_data/SatSwarmV2/src/aws-fpga/hdk/common/shell_stable/build/checkpoints/from_aws/cl_bb_routed.small_shell/top_early.xdc]
Finished Parsing XDC File [/home/ubuntu/src/project_data/SatSwarmV2/src/aws-fpga/hdk/common/shell_stable/build/checkpoints/from_aws/cl_bb_routed.small_shell/top_early.xdc]
Parsing XDC File [/home/ubuntu/src/project_data/SatSwarmV2/src/aws-fpga/hdk/cl/examples/cl_satswarm/build/checkpoints/cl_satswarm.2026_03_31-144138.post_synth/cl_satswarm_early.xdc] for cell 'WRAPPER/CL'
Finished Parsing XDC File [/home/ubuntu/src/project_data/SatSwarmV2/src/aws-fpga/hdk/cl/examples/cl_satswarm/build/checkpoints/cl_satswarm.2026_03_31-144138.post_synth/cl_satswarm_early.xdc] for cell 'WRAPPER/CL'
Parsing XDC File [/home/ubuntu/src/project_data/SatSwarmV2/src/aws-fpga/hdk/common/shell_stable/build/checkpoints/from_aws/cl_bb_routed.small_shell/top.xdc]
Finished Parsing XDC File [/home/ubuntu/src/project_data/SatSwarmV2/src/aws-fpga/hdk/common/shell_stable/build/checkpoints/from_aws/cl_bb_routed.small_shell/top.xdc]
Parsing XDC File [/home/ubuntu/src/project_data/SatSwarmV2/src/aws-fpga/hdk/cl/examples/cl_satswarm/build/checkpoints/cl_satswarm.2026_03_31-144138.post_synth/cl_satswarm.xdc] for cell 'WRAPPER/CL'
Finished Parsing XDC File [/home/ubuntu/src/project_data/SatSwarmV2/src/aws-fpga/hdk/cl/examples/cl_satswarm/build/checkpoints/cl_satswarm.2026_03_31-144138.post_synth/cl_satswarm.xdc] for cell 'WRAPPER/CL'
Parsing XDC File [/home/ubuntu/src/project_data/SatSwarmV2/src/aws-fpga/hdk/common/shell_stable/build/checkpoints/from_aws/cl_bb_routed.small_shell/top_late.xdc]
[2026-03-31T14:57:38+0000] [2x2_2clz] still running...
## print "Writing post-link design checkpoint"
AWS FPGA: (14:56:59): Writing post-link design checkpoint
## write_checkpoint -force ${checkpoints_dir}/${CL}.${TAG}.post_link.dcp
INFO: [Timing 38-480] Writing timing data to binary archive.
INFO: [Common 17-1381] The checkpoint '/home/ubuntu/src/project_data/SatSwarmV2/src/aws-fpga/hdk/cl/examples/cl_satswarm/build/checkpoints/cl_satswarm.2026_03_31-144138.post_link.dcp' has been generated.
write_checkpoint: Time (s): cpu = 00:00:35 ; elapsed = 00:00:37 . Memory (MB): peak = 7486.469 ; gain = 0.000 ; free physical = 21958 ; free virtual = 34481
###         puts "\nCRITICAL WARNING: $mmcm_cell cell not found. Clock recipe for this MMCM not applied.\n"
CRITICAL WARNING: WRAPPER/CL/AWS_CLK_GEN/CLK_GRP_A_EN_I.CLK_MMCM_A_I/inst/CLK_CORE_DRP_I/clk_inst/mmcme4_adv_inst cell not found. Clock recipe for this MMCM not applied.
CRITICAL WARNING: WRAPPER/CL/AWS_CLK_GEN/CLK_GRP_B_EN_I.CLK_MMCM_B_I/inst/CLK_CORE_DRP_I/clk_inst/mmcme4_adv_inst cell not found. Clock recipe for this MMCM not applied.
CRITICAL WARNING: WRAPPER/CL/AWS_CLK_GEN/CLK_GRP_C_EN_I.CLK_MMCM_C_I/inst/CLK_CORE_DRP_I/clk_inst/mmcme4_adv_inst cell not found. Clock recipe for this MMCM not applied.
CRITICAL WARNING: WRAPPER/CL/AWS_CLK_GEN/CLK_HBM_EN_I.CLK_MMCM_HBM_I/inst/CLK_CORE_DRP_I/clk_inst/mmcme4_adv_inst cell not found. Clock recipe for this MMCM not applied.
CRITICAL WARNING: [Vivado 12-795] Pblock 'pblock_CL' already exists. [/home/ubuntu/src/project_data/SatSwarmV2/src/aws-fpga/hdk/common/shell_stable/build/constraints/small_shell_level_1_fp_cl.xdc:28]
[2026-03-31T14:59:38+0000] [2x2_2clz] still running...
## print "Writing post-link design checkpoint"
AWS FPGA: (14:56:59): Writing post-link design checkpoint
## write_checkpoint -force ${checkpoints_dir}/${CL}.${TAG}.post_link.dcp
INFO: [Timing 38-480] Writing timing data to binary archive.
INFO: [Common 17-1381] The checkpoint '/home/ubuntu/src/project_data/SatSwarmV2/src/aws-fpga/hdk/cl/examples/cl_satswarm/build/checkpoints/cl_satswarm.2026_03_31-144138.post_link.dcp' has been generated.
write_checkpoint: Time (s): cpu = 00:00:35 ; elapsed = 00:00:37 . Memory (MB): peak = 7486.469 ; gain = 0.000 ; free physical = 21958 ; free virtual = 34481
###         puts "\nCRITICAL WARNING: $mmcm_cell cell not found. Clock recipe for this MMCM not applied.\n"
CRITICAL WARNING: WRAPPER/CL/AWS_CLK_GEN/CLK_GRP_A_EN_I.CLK_MMCM_A_I/inst/CLK_CORE_DRP_I/clk_inst/mmcme4_adv_inst cell not found. Clock recipe for this MMCM not applied.
CRITICAL WARNING: WRAPPER/CL/AWS_CLK_GEN/CLK_GRP_B_EN_I.CLK_MMCM_B_I/inst/CLK_CORE_DRP_I/clk_inst/mmcme4_adv_inst cell not found. Clock recipe for this MMCM not applied.
CRITICAL WARNING: WRAPPER/CL/AWS_CLK_GEN/CLK_GRP_C_EN_I.CLK_MMCM_C_I/inst/CLK_CORE_DRP_I/clk_inst/mmcme4_adv_inst cell not found. Clock recipe for this MMCM not applied.
CRITICAL WARNING: WRAPPER/CL/AWS_CLK_GEN/CLK_HBM_EN_I.CLK_MMCM_HBM_I/inst/CLK_CORE_DRP_I/clk_inst/mmcme4_adv_inst cell not found. Clock recipe for this MMCM not applied.
CRITICAL WARNING: [Vivado 12-795] Pblock 'pblock_CL' already exists. [/home/ubuntu/src/project_data/SatSwarmV2/src/aws-fpga/hdk/common/shell_stable/build/constraints/small_shell_level_1_fp_cl.xdc:28]
[2026-03-31T15:01:38+0000] [2x2_2clz] still running...
INFO: [Timing 38-480] Writing timing data to binary archive.
INFO: [Common 17-1381] The checkpoint '/home/ubuntu/src/project_data/SatSwarmV2/src/aws-fpga/hdk/cl/examples/cl_satswarm/build/checkpoints/cl_satswarm.2026_03_31-144138.post_link.dcp' has been generated.
write_checkpoint: Time (s): cpu = 00:00:35 ; elapsed = 00:00:37 . Memory (MB): peak = 7486.469 ; gain = 0.000 ; free physical = 21958 ; free virtual = 34481
###         puts "\nCRITICAL WARNING: $mmcm_cell cell not found. Clock recipe for this MMCM not applied.\n"
CRITICAL WARNING: WRAPPER/CL/AWS_CLK_GEN/CLK_GRP_A_EN_I.CLK_MMCM_A_I/inst/CLK_CORE_DRP_I/clk_inst/mmcme4_adv_inst cell not found. Clock recipe for this MMCM not applied.
CRITICAL WARNING: WRAPPER/CL/AWS_CLK_GEN/CLK_GRP_B_EN_I.CLK_MMCM_B_I/inst/CLK_CORE_DRP_I/clk_inst/mmcme4_adv_inst cell not found. Clock recipe for this MMCM not applied.
CRITICAL WARNING: WRAPPER/CL/AWS_CLK_GEN/CLK_GRP_C_EN_I.CLK_MMCM_C_I/inst/CLK_CORE_DRP_I/clk_inst/mmcme4_adv_inst cell not found. Clock recipe for this MMCM not applied.
CRITICAL WARNING: WRAPPER/CL/AWS_CLK_GEN/CLK_HBM_EN_I.CLK_MMCM_HBM_I/inst/CLK_CORE_DRP_I/clk_inst/mmcme4_adv_inst cell not found. Clock recipe for this MMCM not applied.
CRITICAL WARNING: [Vivado 12-795] Pblock 'pblock_CL' already exists. [/home/ubuntu/src/project_data/SatSwarmV2/src/aws-fpga/hdk/common/shell_stable/build/constraints/small_shell_level_1_fp_cl.xdc:28]
Starting Cache Timing Information Task
Ending Cache Timing Information Task | Checksum: 13689e457
Phase 2 Timer Update And Timing Data Collection
[2026-03-31T15:03:38+0000] [2x2_2clz] still running...
Ending Cache Timing Information Task | Checksum: 13689e457
Phase 2 Timer Update And Timing Data Collection
Phase 2.3 Timing Data Collection
Phase 2.3 Timing Data Collection | Checksum: 13689e457
Phase 2 Timer Update And Timing Data Collection | Checksum: 13689e457
## print "Writing post-opt design checkpoint and report"
AWS FPGA: (15:02:45): Writing post-opt design checkpoint and report
## write_checkpoint -force ${checkpoints_dir}/${CL}.${TAG}.post_opt.dcp
INFO: [Timing 38-480] Writing timing data to binary archive.
INFO: [Common 17-1381] The checkpoint '/home/ubuntu/src/project_data/SatSwarmV2/src/aws-fpga/hdk/cl/examples/cl_satswarm/build/checkpoints/cl_satswarm.2026_03_31-144138.post_opt.dcp' has been generated.
write_checkpoint: Time (s): cpu = 00:00:31 ; elapsed = 00:00:32 . Memory (MB): peak = 7894.445 ; gain = 0.000 ; free physical = 21544 ; free virtual = 34128
INFO: [Timing 38-91] UpdateTimingParams: Speed grade: -2, Temperature grade: E, Delay Type: max.
[2026-03-31T15:05:38+0000] [2x2_2clz] still running...
Phase 2 Timer Update And Timing Data Collection
Phase 2.3 Timing Data Collection
Phase 2.3 Timing Data Collection | Checksum: 13689e457
Phase 2 Timer Update And Timing Data Collection | Checksum: 13689e457
## print "Writing post-opt design checkpoint and report"
AWS FPGA: (15:02:45): Writing post-opt design checkpoint and report
## write_checkpoint -force ${checkpoints_dir}/${CL}.${TAG}.post_opt.dcp
INFO: [Timing 38-480] Writing timing data to binary archive.
INFO: [Common 17-1381] The checkpoint '/home/ubuntu/src/project_data/SatSwarmV2/src/aws-fpga/hdk/cl/examples/cl_satswarm/build/checkpoints/cl_satswarm.2026_03_31-144138.post_opt.dcp' has been generated.
write_checkpoint: Time (s): cpu = 00:00:31 ; elapsed = 00:00:32 . Memory (MB): peak = 7894.445 ; gain = 0.000 ; free physical = 21544 ; free virtual = 34128
INFO: [Timing 38-91] UpdateTimingParams: Speed grade: -2, Temperature grade: E, Delay Type: max.
INFO: [Timing 38-35] Done setting XDC timing constraints.
[2026-03-31T15:07:38+0000] [2x2_2clz] still running...
AWS FPGA: (15:02:45): Writing post-opt design checkpoint and report
## write_checkpoint -force ${checkpoints_dir}/${CL}.${TAG}.post_opt.dcp
INFO: [Timing 38-480] Writing timing data to binary archive.
INFO: [Common 17-1381] The checkpoint '/home/ubuntu/src/project_data/SatSwarmV2/src/aws-fpga/hdk/cl/examples/cl_satswarm/build/checkpoints/cl_satswarm.2026_03_31-144138.post_opt.dcp' has been generated.
write_checkpoint: Time (s): cpu = 00:00:31 ; elapsed = 00:00:32 . Memory (MB): peak = 7894.445 ; gain = 0.000 ; free physical = 21544 ; free virtual = 34128
INFO: [Timing 38-91] UpdateTimingParams: Speed grade: -2, Temperature grade: E, Delay Type: max.
INFO: [Timing 38-35] Done setting XDC timing constraints.
INFO: [Timing 38-78] ReportTimingParams: -max_paths 10 -nworst 1 -delay_type max -sort_by group.
CRITICAL WARNING: [Vivado 12-4430] You are lowering the severity from an ERROR. This can potentially lead to board damage or other functionality issues on hardware. If this is not desired, please run 'reset_property SEVERITY [get_drc_checks REQP-123]' to undo this change.
## place_design -directive $PLACE_DIRECT -no_bufg_opt
Command: place_design -directive Default -no_bufg_opt
Running DRC as a precondition to command place_design
[2026-03-31T15:09:38+0000] [2x2_2clz] still running...
AWS FPGA: (15:02:45): Writing post-opt design checkpoint and report
## write_checkpoint -force ${checkpoints_dir}/${CL}.${TAG}.post_opt.dcp
INFO: [Timing 38-480] Writing timing data to binary archive.
INFO: [Common 17-1381] The checkpoint '/home/ubuntu/src/project_data/SatSwarmV2/src/aws-fpga/hdk/cl/examples/cl_satswarm/build/checkpoints/cl_satswarm.2026_03_31-144138.post_opt.dcp' has been generated.
write_checkpoint: Time (s): cpu = 00:00:31 ; elapsed = 00:00:32 . Memory (MB): peak = 7894.445 ; gain = 0.000 ; free physical = 21544 ; free virtual = 34128
INFO: [Timing 38-91] UpdateTimingParams: Speed grade: -2, Temperature grade: E, Delay Type: max.
INFO: [Timing 38-35] Done setting XDC timing constraints.
INFO: [Timing 38-78] ReportTimingParams: -max_paths 10 -nworst 1 -delay_type max -sort_by group.
CRITICAL WARNING: [Vivado 12-4430] You are lowering the severity from an ERROR. This can potentially lead to board damage or other functionality issues on hardware. If this is not desired, please run 'reset_property SEVERITY [get_drc_checks REQP-123]' to undo this change.
## place_design -directive $PLACE_DIRECT -no_bufg_opt
Command: place_design -directive Default -no_bufg_opt
Running DRC as a precondition to command place_design
[2026-03-31T15:11:38+0000] [2x2_2clz] still running...
AWS FPGA: (15:02:45): Writing post-opt design checkpoint and report
## write_checkpoint -force ${checkpoints_dir}/${CL}.${TAG}.post_opt.dcp
INFO: [Timing 38-480] Writing timing data to binary archive.
INFO: [Common 17-1381] The checkpoint '/home/ubuntu/src/project_data/SatSwarmV2/src/aws-fpga/hdk/cl/examples/cl_satswarm/build/checkpoints/cl_satswarm.2026_03_31-144138.post_opt.dcp' has been generated.
write_checkpoint: Time (s): cpu = 00:00:31 ; elapsed = 00:00:32 . Memory (MB): peak = 7894.445 ; gain = 0.000 ; free physical = 21544 ; free virtual = 34128
INFO: [Timing 38-91] UpdateTimingParams: Speed grade: -2, Temperature grade: E, Delay Type: max.
INFO: [Timing 38-35] Done setting XDC timing constraints.
INFO: [Timing 38-78] ReportTimingParams: -max_paths 10 -nworst 1 -delay_type max -sort_by group.
CRITICAL WARNING: [Vivado 12-4430] You are lowering the severity from an ERROR. This can potentially lead to board damage or other functionality issues on hardware. If this is not desired, please run 'reset_property SEVERITY [get_drc_checks REQP-123]' to undo this change.
## place_design -directive $PLACE_DIRECT -no_bufg_opt
Command: place_design -directive Default -no_bufg_opt
Running DRC as a precondition to command place_design
[2026-03-31T15:13:38+0000] [2x2_2clz] still running...
AWS FPGA: (15:02:45): Writing post-opt design checkpoint and report
## write_checkpoint -force ${checkpoints_dir}/${CL}.${TAG}.post_opt.dcp
INFO: [Timing 38-480] Writing timing data to binary archive.
INFO: [Common 17-1381] The checkpoint '/home/ubuntu/src/project_data/SatSwarmV2/src/aws-fpga/hdk/cl/examples/cl_satswarm/build/checkpoints/cl_satswarm.2026_03_31-144138.post_opt.dcp' has been generated.
write_checkpoint: Time (s): cpu = 00:00:31 ; elapsed = 00:00:32 . Memory (MB): peak = 7894.445 ; gain = 0.000 ; free physical = 21544 ; free virtual = 34128
INFO: [Timing 38-91] UpdateTimingParams: Speed grade: -2, Temperature grade: E, Delay Type: max.
INFO: [Timing 38-35] Done setting XDC timing constraints.
INFO: [Timing 38-78] ReportTimingParams: -max_paths 10 -nworst 1 -delay_type max -sort_by group.
CRITICAL WARNING: [Vivado 12-4430] You are lowering the severity from an ERROR. This can potentially lead to board damage or other functionality issues on hardware. If this is not desired, please run 'reset_property SEVERITY [get_drc_checks REQP-123]' to undo this change.
## place_design -directive $PLACE_DIRECT -no_bufg_opt
Command: place_design -directive Default -no_bufg_opt
Running DRC as a precondition to command place_design
[2026-03-31T15:15:38+0000] [2x2_2clz] still running...
AWS FPGA: (15:02:45): Writing post-opt design checkpoint and report
## write_checkpoint -force ${checkpoints_dir}/${CL}.${TAG}.post_opt.dcp
INFO: [Timing 38-480] Writing timing data to binary archive.
INFO: [Common 17-1381] The checkpoint '/home/ubuntu/src/project_data/SatSwarmV2/src/aws-fpga/hdk/cl/examples/cl_satswarm/build/checkpoints/cl_satswarm.2026_03_31-144138.post_opt.dcp' has been generated.
write_checkpoint: Time (s): cpu = 00:00:31 ; elapsed = 00:00:32 . Memory (MB): peak = 7894.445 ; gain = 0.000 ; free physical = 21544 ; free virtual = 34128
INFO: [Timing 38-91] UpdateTimingParams: Speed grade: -2, Temperature grade: E, Delay Type: max.
INFO: [Timing 38-35] Done setting XDC timing constraints.
INFO: [Timing 38-78] ReportTimingParams: -max_paths 10 -nworst 1 -delay_type max -sort_by group.
CRITICAL WARNING: [Vivado 12-4430] You are lowering the severity from an ERROR. This can potentially lead to board damage or other functionality issues on hardware. If this is not desired, please run 'reset_property SEVERITY [get_drc_checks REQP-123]' to undo this change.
## place_design -directive $PLACE_DIRECT -no_bufg_opt
Command: place_design -directive Default -no_bufg_opt
Running DRC as a precondition to command place_design
[2026-03-31T15:17:38+0000] [2x2_2clz] still running...
AWS FPGA: (15:02:45): Writing post-opt design checkpoint and report
## write_checkpoint -force ${checkpoints_dir}/${CL}.${TAG}.post_opt.dcp
INFO: [Timing 38-480] Writing timing data to binary archive.
INFO: [Common 17-1381] The checkpoint '/home/ubuntu/src/project_data/SatSwarmV2/src/aws-fpga/hdk/cl/examples/cl_satswarm/build/checkpoints/cl_satswarm.2026_03_31-144138.post_opt.dcp' has been generated.
write_checkpoint: Time (s): cpu = 00:00:31 ; elapsed = 00:00:32 . Memory (MB): peak = 7894.445 ; gain = 0.000 ; free physical = 21544 ; free virtual = 34128
INFO: [Timing 38-91] UpdateTimingParams: Speed grade: -2, Temperature grade: E, Delay Type: max.
INFO: [Timing 38-35] Done setting XDC timing constraints.
INFO: [Timing 38-78] ReportTimingParams: -max_paths 10 -nworst 1 -delay_type max -sort_by group.
CRITICAL WARNING: [Vivado 12-4430] You are lowering the severity from an ERROR. This can potentially lead to board damage or other functionality issues on hardware. If this is not desired, please run 'reset_property SEVERITY [get_drc_checks REQP-123]' to undo this change.
## place_design -directive $PLACE_DIRECT -no_bufg_opt
Command: place_design -directive Default -no_bufg_opt
Running DRC as a precondition to command place_design
[2026-03-31T15:19:38+0000] [2x2_2clz] still running...
AWS FPGA: (15:02:45): Writing post-opt design checkpoint and report
## write_checkpoint -force ${checkpoints_dir}/${CL}.${TAG}.post_opt.dcp
INFO: [Timing 38-480] Writing timing data to binary archive.
INFO: [Common 17-1381] The checkpoint '/home/ubuntu/src/project_data/SatSwarmV2/src/aws-fpga/hdk/cl/examples/cl_satswarm/build/checkpoints/cl_satswarm.2026_03_31-144138.post_opt.dcp' has been generated.
write_checkpoint: Time (s): cpu = 00:00:31 ; elapsed = 00:00:32 . Memory (MB): peak = 7894.445 ; gain = 0.000 ; free physical = 21544 ; free virtual = 34128
INFO: [Timing 38-91] UpdateTimingParams: Speed grade: -2, Temperature grade: E, Delay Type: max.
INFO: [Timing 38-35] Done setting XDC timing constraints.
INFO: [Timing 38-78] ReportTimingParams: -max_paths 10 -nworst 1 -delay_type max -sort_by group.
CRITICAL WARNING: [Vivado 12-4430] You are lowering the severity from an ERROR. This can potentially lead to board damage or other functionality issues on hardware. If this is not desired, please run 'reset_property SEVERITY [get_drc_checks REQP-123]' to undo this change.
## place_design -directive $PLACE_DIRECT -no_bufg_opt
Command: place_design -directive Default -no_bufg_opt
Running DRC as a precondition to command place_design
[2026-03-31T15:21:38+0000] [2x2_2clz] still running...
AWS FPGA: (15:02:45): Writing post-opt design checkpoint and report
## write_checkpoint -force ${checkpoints_dir}/${CL}.${TAG}.post_opt.dcp
INFO: [Timing 38-480] Writing timing data to binary archive.
INFO: [Common 17-1381] The checkpoint '/home/ubuntu/src/project_data/SatSwarmV2/src/aws-fpga/hdk/cl/examples/cl_satswarm/build/checkpoints/cl_satswarm.2026_03_31-144138.post_opt.dcp' has been generated.
write_checkpoint: Time (s): cpu = 00:00:31 ; elapsed = 00:00:32 . Memory (MB): peak = 7894.445 ; gain = 0.000 ; free physical = 21544 ; free virtual = 34128
INFO: [Timing 38-91] UpdateTimingParams: Speed grade: -2, Temperature grade: E, Delay Type: max.
INFO: [Timing 38-35] Done setting XDC timing constraints.
INFO: [Timing 38-78] ReportTimingParams: -max_paths 10 -nworst 1 -delay_type max -sort_by group.
CRITICAL WARNING: [Vivado 12-4430] You are lowering the severity from an ERROR. This can potentially lead to board damage or other functionality issues on hardware. If this is not desired, please run 'reset_property SEVERITY [get_drc_checks REQP-123]' to undo this change.
## place_design -directive $PLACE_DIRECT -no_bufg_opt
Command: place_design -directive Default -no_bufg_opt
Running DRC as a precondition to command place_design
[2026-03-31T15:23:38+0000] [2x2_2clz] still running...
INFO: [Timing 38-480] Writing timing data to binary archive.
INFO: [Common 17-1381] The checkpoint '/home/ubuntu/src/project_data/SatSwarmV2/src/aws-fpga/hdk/cl/examples/cl_satswarm/build/checkpoints/cl_satswarm.2026_03_31-144138.post_opt.dcp' has been generated.
write_checkpoint: Time (s): cpu = 00:00:31 ; elapsed = 00:00:32 . Memory (MB): peak = 7894.445 ; gain = 0.000 ; free physical = 21544 ; free virtual = 34128
INFO: [Timing 38-91] UpdateTimingParams: Speed grade: -2, Temperature grade: E, Delay Type: max.
INFO: [Timing 38-35] Done setting XDC timing constraints.
INFO: [Timing 38-78] ReportTimingParams: -max_paths 10 -nworst 1 -delay_type max -sort_by group.
CRITICAL WARNING: [Vivado 12-4430] You are lowering the severity from an ERROR. This can potentially lead to board damage or other functionality issues on hardware. If this is not desired, please run 'reset_property SEVERITY [get_drc_checks REQP-123]' to undo this change.
## place_design -directive $PLACE_DIRECT -no_bufg_opt
Command: place_design -directive Default -no_bufg_opt
Running DRC as a precondition to command place_design
Phase 2.1.1.4 PBP: UpdateTiming
Phase 2.1.1.4 PBP: UpdateTiming | Checksum: 1af1425c5
[2026-03-31T15:25:38+0000] [2x2_2clz] still running...
write_checkpoint: Time (s): cpu = 00:00:31 ; elapsed = 00:00:32 . Memory (MB): peak = 7894.445 ; gain = 0.000 ; free physical = 21544 ; free virtual = 34128
INFO: [Timing 38-91] UpdateTimingParams: Speed grade: -2, Temperature grade: E, Delay Type: max.
INFO: [Timing 38-35] Done setting XDC timing constraints.
INFO: [Timing 38-78] ReportTimingParams: -max_paths 10 -nworst 1 -delay_type max -sort_by group.
CRITICAL WARNING: [Vivado 12-4430] You are lowering the severity from an ERROR. This can potentially lead to board damage or other functionality issues on hardware. If this is not desired, please run 'reset_property SEVERITY [get_drc_checks REQP-123]' to undo this change.
## place_design -directive $PLACE_DIRECT -no_bufg_opt
Command: place_design -directive Default -no_bufg_opt
Running DRC as a precondition to command place_design
Phase 2.1.1.4 PBP: UpdateTiming
Phase 2.1.1.4 PBP: UpdateTiming | Checksum: 1af1425c5
Phase 2.3 Update Timing before SLR Path Opt
Phase 2.3 Update Timing before SLR Path Opt | Checksum: 19dba7226
[2026-03-31T15:27:38+0000] [2x2_2clz] still running...
write_checkpoint: Time (s): cpu = 00:00:31 ; elapsed = 00:00:32 . Memory (MB): peak = 7894.445 ; gain = 0.000 ; free physical = 21544 ; free virtual = 34128
INFO: [Timing 38-91] UpdateTimingParams: Speed grade: -2, Temperature grade: E, Delay Type: max.
INFO: [Timing 38-35] Done setting XDC timing constraints.
INFO: [Timing 38-78] ReportTimingParams: -max_paths 10 -nworst 1 -delay_type max -sort_by group.
CRITICAL WARNING: [Vivado 12-4430] You are lowering the severity from an ERROR. This can potentially lead to board damage or other functionality issues on hardware. If this is not desired, please run 'reset_property SEVERITY [get_drc_checks REQP-123]' to undo this change.
## place_design -directive $PLACE_DIRECT -no_bufg_opt
Command: place_design -directive Default -no_bufg_opt
Running DRC as a precondition to command place_design
Phase 2.1.1.4 PBP: UpdateTiming
Phase 2.1.1.4 PBP: UpdateTiming | Checksum: 1af1425c5
Phase 2.3 Update Timing before SLR Path Opt
Phase 2.3 Update Timing before SLR Path Opt | Checksum: 19dba7226
[2026-03-31T15:29:38+0000] [2x2_2clz] still running...
write_checkpoint: Time (s): cpu = 00:00:31 ; elapsed = 00:00:32 . Memory (MB): peak = 7894.445 ; gain = 0.000 ; free physical = 21544 ; free virtual = 34128
INFO: [Timing 38-91] UpdateTimingParams: Speed grade: -2, Temperature grade: E, Delay Type: max.
INFO: [Timing 38-35] Done setting XDC timing constraints.
INFO: [Timing 38-78] ReportTimingParams: -max_paths 10 -nworst 1 -delay_type max -sort_by group.
CRITICAL WARNING: [Vivado 12-4430] You are lowering the severity from an ERROR. This can potentially lead to board damage or other functionality issues on hardware. If this is not desired, please run 'reset_property SEVERITY [get_drc_checks REQP-123]' to undo this change.
## place_design -directive $PLACE_DIRECT -no_bufg_opt
Command: place_design -directive Default -no_bufg_opt
Running DRC as a precondition to command place_design
Phase 2.1.1.4 PBP: UpdateTiming
Phase 2.1.1.4 PBP: UpdateTiming | Checksum: 1af1425c5
Phase 2.3 Update Timing before SLR Path Opt
Phase 2.3 Update Timing before SLR Path Opt | Checksum: 19dba7226
[2026-03-31T15:31:38+0000] [2x2_2clz] still running...
write_checkpoint: Time (s): cpu = 00:00:31 ; elapsed = 00:00:32 . Memory (MB): peak = 7894.445 ; gain = 0.000 ; free physical = 21544 ; free virtual = 34128
INFO: [Timing 38-91] UpdateTimingParams: Speed grade: -2, Temperature grade: E, Delay Type: max.
INFO: [Timing 38-35] Done setting XDC timing constraints.
INFO: [Timing 38-78] ReportTimingParams: -max_paths 10 -nworst 1 -delay_type max -sort_by group.
CRITICAL WARNING: [Vivado 12-4430] You are lowering the severity from an ERROR. This can potentially lead to board damage or other functionality issues on hardware. If this is not desired, please run 'reset_property SEVERITY [get_drc_checks REQP-123]' to undo this change.
## place_design -directive $PLACE_DIRECT -no_bufg_opt
Command: place_design -directive Default -no_bufg_opt
Running DRC as a precondition to command place_design
Phase 2.1.1.4 PBP: UpdateTiming
Phase 2.1.1.4 PBP: UpdateTiming | Checksum: 1af1425c5
Phase 2.3 Update Timing before SLR Path Opt
Phase 2.3 Update Timing before SLR Path Opt | Checksum: 19dba7226
[2026-03-31T15:33:38+0000] [2x2_2clz] still running...
write_checkpoint: Time (s): cpu = 00:00:31 ; elapsed = 00:00:32 . Memory (MB): peak = 7894.445 ; gain = 0.000 ; free physical = 21544 ; free virtual = 34128
INFO: [Timing 38-91] UpdateTimingParams: Speed grade: -2, Temperature grade: E, Delay Type: max.
INFO: [Timing 38-35] Done setting XDC timing constraints.
INFO: [Timing 38-78] ReportTimingParams: -max_paths 10 -nworst 1 -delay_type max -sort_by group.
CRITICAL WARNING: [Vivado 12-4430] You are lowering the severity from an ERROR. This can potentially lead to board damage or other functionality issues on hardware. If this is not desired, please run 'reset_property SEVERITY [get_drc_checks REQP-123]' to undo this change.
## place_design -directive $PLACE_DIRECT -no_bufg_opt
Command: place_design -directive Default -no_bufg_opt
Running DRC as a precondition to command place_design
Phase 2.1.1.4 PBP: UpdateTiming
Phase 2.1.1.4 PBP: UpdateTiming | Checksum: 1af1425c5
Phase 2.3 Update Timing before SLR Path Opt
Phase 2.3 Update Timing before SLR Path Opt | Checksum: 19dba7226
[2026-03-31T15:35:38+0000] [2x2_2clz] still running...
INFO: [Timing 38-91] UpdateTimingParams: Speed grade: -2, Temperature grade: E, Delay Type: max.
INFO: [Timing 38-35] Done setting XDC timing constraints.
INFO: [Timing 38-78] ReportTimingParams: -max_paths 10 -nworst 1 -delay_type max -sort_by group.
CRITICAL WARNING: [Vivado 12-4430] You are lowering the severity from an ERROR. This can potentially lead to board damage or other functionality issues on hardware. If this is not desired, please run 'reset_property SEVERITY [get_drc_checks REQP-123]' to undo this change.
## place_design -directive $PLACE_DIRECT -no_bufg_opt
Command: place_design -directive Default -no_bufg_opt
Running DRC as a precondition to command place_design
Phase 2.1.1.4 PBP: UpdateTiming
Phase 2.1.1.4 PBP: UpdateTiming | Checksum: 1af1425c5
Phase 2.3 Update Timing before SLR Path Opt
Phase 2.3 Update Timing before SLR Path Opt | Checksum: 19dba7226
Phase 2.6.1 UpdateTiming Before Physical Synthesis
[2026-03-31T15:37:38+0000] [2x2_2clz] still running...
INFO: [Timing 38-35] Done setting XDC timing constraints.
INFO: [Timing 38-78] ReportTimingParams: -max_paths 10 -nworst 1 -delay_type max -sort_by group.
CRITICAL WARNING: [Vivado 12-4430] You are lowering the severity from an ERROR. This can potentially lead to board damage or other functionality issues on hardware. If this is not desired, please run 'reset_property SEVERITY [get_drc_checks REQP-123]' to undo this change.
## place_design -directive $PLACE_DIRECT -no_bufg_opt
Command: place_design -directive Default -no_bufg_opt
Running DRC as a precondition to command place_design
Phase 2.1.1.4 PBP: UpdateTiming
Phase 2.1.1.4 PBP: UpdateTiming | Checksum: 1af1425c5
Phase 2.3 Update Timing before SLR Path Opt
Phase 2.3 Update Timing before SLR Path Opt | Checksum: 19dba7226
Phase 2.6.1 UpdateTiming Before Physical Synthesis
Phase 2.6.1 UpdateTiming Before Physical Synthesis | Checksum: 155ace880
[2026-03-31T15:39:38+0000] [2x2_2clz] still running...
INFO: [Timing 38-35] Done setting XDC timing constraints.
INFO: [Timing 38-78] ReportTimingParams: -max_paths 10 -nworst 1 -delay_type max -sort_by group.
CRITICAL WARNING: [Vivado 12-4430] You are lowering the severity from an ERROR. This can potentially lead to board damage or other functionality issues on hardware. If this is not desired, please run 'reset_property SEVERITY [get_drc_checks REQP-123]' to undo this change.
## place_design -directive $PLACE_DIRECT -no_bufg_opt
Command: place_design -directive Default -no_bufg_opt
Running DRC as a precondition to command place_design
Phase 2.1.1.4 PBP: UpdateTiming
Phase 2.1.1.4 PBP: UpdateTiming | Checksum: 1af1425c5
Phase 2.3 Update Timing before SLR Path Opt
Phase 2.3 Update Timing before SLR Path Opt | Checksum: 19dba7226
Phase 2.6.1 UpdateTiming Before Physical Synthesis
Phase 2.6.1 UpdateTiming Before Physical Synthesis | Checksum: 155ace880
[2026-03-31T15:41:38+0000] [2x2_2clz] still running...
INFO: [Timing 38-35] Done setting XDC timing constraints.
INFO: [Timing 38-78] ReportTimingParams: -max_paths 10 -nworst 1 -delay_type max -sort_by group.
CRITICAL WARNING: [Vivado 12-4430] You are lowering the severity from an ERROR. This can potentially lead to board damage or other functionality issues on hardware. If this is not desired, please run 'reset_property SEVERITY [get_drc_checks REQP-123]' to undo this change.
## place_design -directive $PLACE_DIRECT -no_bufg_opt
Command: place_design -directive Default -no_bufg_opt
Running DRC as a precondition to command place_design
Phase 2.1.1.4 PBP: UpdateTiming
Phase 2.1.1.4 PBP: UpdateTiming | Checksum: 1af1425c5
Phase 2.3 Update Timing before SLR Path Opt
Phase 2.3 Update Timing before SLR Path Opt | Checksum: 19dba7226
Phase 2.6.1 UpdateTiming Before Physical Synthesis
Phase 2.6.1 UpdateTiming Before Physical Synthesis | Checksum: 155ace880
[2026-03-31T15:43:38+0000] [2x2_2clz] still running...
INFO: [Timing 38-35] Done setting XDC timing constraints.
INFO: [Timing 38-78] ReportTimingParams: -max_paths 10 -nworst 1 -delay_type max -sort_by group.
CRITICAL WARNING: [Vivado 12-4430] You are lowering the severity from an ERROR. This can potentially lead to board damage or other functionality issues on hardware. If this is not desired, please run 'reset_property SEVERITY [get_drc_checks REQP-123]' to undo this change.
## place_design -directive $PLACE_DIRECT -no_bufg_opt
Command: place_design -directive Default -no_bufg_opt
Running DRC as a precondition to command place_design
Phase 2.1.1.4 PBP: UpdateTiming
Phase 2.1.1.4 PBP: UpdateTiming | Checksum: 1af1425c5
Phase 2.3 Update Timing before SLR Path Opt
Phase 2.3 Update Timing before SLR Path Opt | Checksum: 19dba7226
Phase 2.6.1 UpdateTiming Before Physical Synthesis
Phase 2.6.1 UpdateTiming Before Physical Synthesis | Checksum: 155ace880
[2026-03-31T15:45:38+0000] [2x2_2clz] still running...
INFO: [Timing 38-35] Done setting XDC timing constraints.
INFO: [Timing 38-78] ReportTimingParams: -max_paths 10 -nworst 1 -delay_type max -sort_by group.
CRITICAL WARNING: [Vivado 12-4430] You are lowering the severity from an ERROR. This can potentially lead to board damage or other functionality issues on hardware. If this is not desired, please run 'reset_property SEVERITY [get_drc_checks REQP-123]' to undo this change.
## place_design -directive $PLACE_DIRECT -no_bufg_opt
Command: place_design -directive Default -no_bufg_opt
Running DRC as a precondition to command place_design
Phase 2.1.1.4 PBP: UpdateTiming
Phase 2.1.1.4 PBP: UpdateTiming | Checksum: 1af1425c5
Phase 2.3 Update Timing before SLR Path Opt
Phase 2.3 Update Timing before SLR Path Opt | Checksum: 19dba7226
Phase 2.6.1 UpdateTiming Before Physical Synthesis
Phase 2.6.1 UpdateTiming Before Physical Synthesis | Checksum: 155ace880
[2026-03-31T15:47:38+0000] [2x2_2clz] still running...
INFO: [Timing 38-35] Done setting XDC timing constraints.
INFO: [Timing 38-78] ReportTimingParams: -max_paths 10 -nworst 1 -delay_type max -sort_by group.
CRITICAL WARNING: [Vivado 12-4430] You are lowering the severity from an ERROR. This can potentially lead to board damage or other functionality issues on hardware. If this is not desired, please run 'reset_property SEVERITY [get_drc_checks REQP-123]' to undo this change.
## place_design -directive $PLACE_DIRECT -no_bufg_opt
Command: place_design -directive Default -no_bufg_opt
Running DRC as a precondition to command place_design
Phase 2.1.1.4 PBP: UpdateTiming
Phase 2.1.1.4 PBP: UpdateTiming | Checksum: 1af1425c5
Phase 2.3 Update Timing before SLR Path Opt
Phase 2.3 Update Timing before SLR Path Opt | Checksum: 19dba7226
Phase 2.6.1 UpdateTiming Before Physical Synthesis
Phase 2.6.1 UpdateTiming Before Physical Synthesis | Checksum: 155ace880
[2026-03-31T15:49:38+0000] [2x2_2clz] still running...
INFO: [Timing 38-35] Done setting XDC timing constraints.
INFO: [Timing 38-78] ReportTimingParams: -max_paths 10 -nworst 1 -delay_type max -sort_by group.
CRITICAL WARNING: [Vivado 12-4430] You are lowering the severity from an ERROR. This can potentially lead to board damage or other functionality issues on hardware. If this is not desired, please run 'reset_property SEVERITY [get_drc_checks REQP-123]' to undo this change.
## place_design -directive $PLACE_DIRECT -no_bufg_opt
Command: place_design -directive Default -no_bufg_opt
Running DRC as a precondition to command place_design
Phase 2.1.1.4 PBP: UpdateTiming
Phase 2.1.1.4 PBP: UpdateTiming | Checksum: 1af1425c5
Phase 2.3 Update Timing before SLR Path Opt
Phase 2.3 Update Timing before SLR Path Opt | Checksum: 19dba7226
Phase 2.6.1 UpdateTiming Before Physical Synthesis
Phase 2.6.1 UpdateTiming Before Physical Synthesis | Checksum: 155ace880
[2026-03-31T15:51:38+0000] [2x2_2clz] still running...
INFO: [Timing 38-35] Done setting XDC timing constraints.
INFO: [Timing 38-78] ReportTimingParams: -max_paths 10 -nworst 1 -delay_type max -sort_by group.
CRITICAL WARNING: [Vivado 12-4430] You are lowering the severity from an ERROR. This can potentially lead to board damage or other functionality issues on hardware. If this is not desired, please run 'reset_property SEVERITY [get_drc_checks REQP-123]' to undo this change.
## place_design -directive $PLACE_DIRECT -no_bufg_opt
Command: place_design -directive Default -no_bufg_opt
Running DRC as a precondition to command place_design
Phase 2.1.1.4 PBP: UpdateTiming
Phase 2.1.1.4 PBP: UpdateTiming | Checksum: 1af1425c5
Phase 2.3 Update Timing before SLR Path Opt
Phase 2.3 Update Timing before SLR Path Opt | Checksum: 19dba7226
Phase 2.6.1 UpdateTiming Before Physical Synthesis
Phase 2.6.1 UpdateTiming Before Physical Synthesis | Checksum: 155ace880
[2026-03-31T15:53:38+0000] [2x2_2clz] still running...
INFO: [Timing 38-35] Done setting XDC timing constraints.
INFO: [Timing 38-78] ReportTimingParams: -max_paths 10 -nworst 1 -delay_type max -sort_by group.
CRITICAL WARNING: [Vivado 12-4430] You are lowering the severity from an ERROR. This can potentially lead to board damage or other functionality issues on hardware. If this is not desired, please run 'reset_property SEVERITY [get_drc_checks REQP-123]' to undo this change.
## place_design -directive $PLACE_DIRECT -no_bufg_opt
Command: place_design -directive Default -no_bufg_opt
Running DRC as a precondition to command place_design
Phase 2.1.1.4 PBP: UpdateTiming
Phase 2.1.1.4 PBP: UpdateTiming | Checksum: 1af1425c5
Phase 2.3 Update Timing before SLR Path Opt
Phase 2.3 Update Timing before SLR Path Opt | Checksum: 19dba7226
Phase 2.6.1 UpdateTiming Before Physical Synthesis
Phase 2.6.1 UpdateTiming Before Physical Synthesis | Checksum: 155ace880
[2026-03-31T15:55:38+0000] [2x2_2clz] still running...
INFO: [Timing 38-35] Done setting XDC timing constraints.
INFO: [Timing 38-78] ReportTimingParams: -max_paths 10 -nworst 1 -delay_type max -sort_by group.
CRITICAL WARNING: [Vivado 12-4430] You are lowering the severity from an ERROR. This can potentially lead to board damage or other functionality issues on hardware. If this is not desired, please run 'reset_property SEVERITY [get_drc_checks REQP-123]' to undo this change.
## place_design -directive $PLACE_DIRECT -no_bufg_opt
Command: place_design -directive Default -no_bufg_opt
Running DRC as a precondition to command place_design
Phase 2.1.1.4 PBP: UpdateTiming
Phase 2.1.1.4 PBP: UpdateTiming | Checksum: 1af1425c5
Phase 2.3 Update Timing before SLR Path Opt
Phase 2.3 Update Timing before SLR Path Opt | Checksum: 19dba7226
Phase 2.6.1 UpdateTiming Before Physical Synthesis
Phase 2.6.1 UpdateTiming Before Physical Synthesis | Checksum: 155ace880
[2026-03-31T15:57:38+0000] [2x2_2clz] still running...
INFO: [Timing 38-35] Done setting XDC timing constraints.
INFO: [Timing 38-78] ReportTimingParams: -max_paths 10 -nworst 1 -delay_type max -sort_by group.
CRITICAL WARNING: [Vivado 12-4430] You are lowering the severity from an ERROR. This can potentially lead to board damage or other functionality issues on hardware. If this is not desired, please run 'reset_property SEVERITY [get_drc_checks REQP-123]' to undo this change.
## place_design -directive $PLACE_DIRECT -no_bufg_opt
Command: place_design -directive Default -no_bufg_opt
Running DRC as a precondition to command place_design
Phase 2.1.1.4 PBP: UpdateTiming
Phase 2.1.1.4 PBP: UpdateTiming | Checksum: 1af1425c5
Phase 2.3 Update Timing before SLR Path Opt
Phase 2.3 Update Timing before SLR Path Opt | Checksum: 19dba7226
Phase 2.6.1 UpdateTiming Before Physical Synthesis
Phase 2.6.1 UpdateTiming Before Physical Synthesis | Checksum: 155ace880
[2026-03-31T15:59:38+0000] [2x2_2clz] still running...
INFO: [Timing 38-35] Done setting XDC timing constraints.
INFO: [Timing 38-78] ReportTimingParams: -max_paths 10 -nworst 1 -delay_type max -sort_by group.
CRITICAL WARNING: [Vivado 12-4430] You are lowering the severity from an ERROR. This can potentially lead to board damage or other functionality issues on hardware. If this is not desired, please run 'reset_property SEVERITY [get_drc_checks REQP-123]' to undo this change.
## place_design -directive $PLACE_DIRECT -no_bufg_opt
Command: place_design -directive Default -no_bufg_opt
Running DRC as a precondition to command place_design
Phase 2.1.1.4 PBP: UpdateTiming
Phase 2.1.1.4 PBP: UpdateTiming | Checksum: 1af1425c5
Phase 2.3 Update Timing before SLR Path Opt
Phase 2.3 Update Timing before SLR Path Opt | Checksum: 19dba7226
Phase 2.6.1 UpdateTiming Before Physical Synthesis
Phase 2.6.1 UpdateTiming Before Physical Synthesis | Checksum: 155ace880
[2026-03-31T16:01:38+0000] [2x2_2clz] still running...
INFO: [Timing 38-35] Done setting XDC timing constraints.
INFO: [Timing 38-78] ReportTimingParams: -max_paths 10 -nworst 1 -delay_type max -sort_by group.
CRITICAL WARNING: [Vivado 12-4430] You are lowering the severity from an ERROR. This can potentially lead to board damage or other functionality issues on hardware. If this is not desired, please run 'reset_property SEVERITY [get_drc_checks REQP-123]' to undo this change.
## place_design -directive $PLACE_DIRECT -no_bufg_opt
Command: place_design -directive Default -no_bufg_opt
Running DRC as a precondition to command place_design
Phase 2.1.1.4 PBP: UpdateTiming
Phase 2.1.1.4 PBP: UpdateTiming | Checksum: 1af1425c5
Phase 2.3 Update Timing before SLR Path Opt
Phase 2.3 Update Timing before SLR Path Opt | Checksum: 19dba7226
Phase 2.6.1 UpdateTiming Before Physical Synthesis
Phase 2.6.1 UpdateTiming Before Physical Synthesis | Checksum: 155ace880
[2026-03-31T16:03:38+0000] [2x2_2clz] still running...
INFO: [Timing 38-78] ReportTimingParams: -max_paths 10 -nworst 1 -delay_type max -sort_by group.
CRITICAL WARNING: [Vivado 12-4430] You are lowering the severity from an ERROR. This can potentially lead to board damage or other functionality issues on hardware. If this is not desired, please run 'reset_property SEVERITY [get_drc_checks REQP-123]' to undo this change.
## place_design -directive $PLACE_DIRECT -no_bufg_opt
Command: place_design -directive Default -no_bufg_opt
Running DRC as a precondition to command place_design
Phase 2.1.1.4 PBP: UpdateTiming
Phase 2.1.1.4 PBP: UpdateTiming | Checksum: 1af1425c5
Phase 2.3 Update Timing before SLR Path Opt
Phase 2.3 Update Timing before SLR Path Opt | Checksum: 19dba7226
Phase 2.6.1 UpdateTiming Before Physical Synthesis
Phase 2.6.1 UpdateTiming Before Physical Synthesis | Checksum: 155ace880
INFO: [Timing 38-35] Done setting XDC timing constraints.
[2026-03-31T16:05:38+0000] [2x2_2clz] still running...
INFO: [Timing 38-78] ReportTimingParams: -max_paths 10 -nworst 1 -delay_type max -sort_by group.
CRITICAL WARNING: [Vivado 12-4430] You are lowering the severity from an ERROR. This can potentially lead to board damage or other functionality issues on hardware. If this is not desired, please run 'reset_property SEVERITY [get_drc_checks REQP-123]' to undo this change.
## place_design -directive $PLACE_DIRECT -no_bufg_opt
Command: place_design -directive Default -no_bufg_opt
Running DRC as a precondition to command place_design
Phase 2.1.1.4 PBP: UpdateTiming
Phase 2.1.1.4 PBP: UpdateTiming | Checksum: 1af1425c5
Phase 2.3 Update Timing before SLR Path Opt
Phase 2.3 Update Timing before SLR Path Opt | Checksum: 19dba7226
Phase 2.6.1 UpdateTiming Before Physical Synthesis
Phase 2.6.1 UpdateTiming Before Physical Synthesis | Checksum: 155ace880
INFO: [Timing 38-35] Done setting XDC timing constraints.
[2026-03-31T16:07:38+0000] [2x2_2clz] still running...
INFO: [Timing 38-78] ReportTimingParams: -max_paths 10 -nworst 1 -delay_type max -sort_by group.
CRITICAL WARNING: [Vivado 12-4430] You are lowering the severity from an ERROR. This can potentially lead to board damage or other functionality issues on hardware. If this is not desired, please run 'reset_property SEVERITY [get_drc_checks REQP-123]' to undo this change.
## place_design -directive $PLACE_DIRECT -no_bufg_opt
Command: place_design -directive Default -no_bufg_opt
Running DRC as a precondition to command place_design
Phase 2.1.1.4 PBP: UpdateTiming
Phase 2.1.1.4 PBP: UpdateTiming | Checksum: 1af1425c5
Phase 2.3 Update Timing before SLR Path Opt
Phase 2.3 Update Timing before SLR Path Opt | Checksum: 19dba7226
Phase 2.6.1 UpdateTiming Before Physical Synthesis
Phase 2.6.1 UpdateTiming Before Physical Synthesis | Checksum: 155ace880
INFO: [Timing 38-35] Done setting XDC timing constraints.
[2026-03-31T16:09:38+0000] [2x2_2clz] still running...
Phase 2.1.1.4 PBP: UpdateTiming
Phase 2.1.1.4 PBP: UpdateTiming | Checksum: 1af1425c5
Phase 2.3 Update Timing before SLR Path Opt
Phase 2.3 Update Timing before SLR Path Opt | Checksum: 19dba7226
Phase 2.6.1 UpdateTiming Before Physical Synthesis
Phase 2.6.1 UpdateTiming Before Physical Synthesis | Checksum: 155ace880
INFO: [Timing 38-35] Done setting XDC timing constraints.
INFO: [Place 46-63] BUFG replication identified 0 candidate nets: Replicated nets: 0, Replicated BUFGs: 0, Replicated BUFG Driver: 0, moved BUFGs: 0, Skipped due to Placement / Routing Conflict: 0, Skipped due to Timing: 0, Skipped due to constraints: 0
Phase 4.1.1.2 Post Placement Timing Optimization
INFO: [Place 30-746] Post Placement Timing Summary WNS=0.711. For the most accurate timing information please run report_timing.
Phase 4.1.1.2 Post Placement Timing Optimization | Checksum: 15b304c6c
INFO: [Place 46-19] Post Replication Timing Summary WNS=0.711. For the most accurate timing information please run report_timing.
[2026-03-31T16:11:38+0000] [2x2_2clz] still running...
Phase 2.1.1.4 PBP: UpdateTiming
Phase 2.1.1.4 PBP: UpdateTiming | Checksum: 1af1425c5
Phase 2.3 Update Timing before SLR Path Opt
Phase 2.3 Update Timing before SLR Path Opt | Checksum: 19dba7226
Phase 2.6.1 UpdateTiming Before Physical Synthesis
Phase 2.6.1 UpdateTiming Before Physical Synthesis | Checksum: 155ace880
INFO: [Timing 38-35] Done setting XDC timing constraints.
INFO: [Place 46-63] BUFG replication identified 0 candidate nets: Replicated nets: 0, Replicated BUFGs: 0, Replicated BUFG Driver: 0, moved BUFGs: 0, Skipped due to Placement / Routing Conflict: 0, Skipped due to Timing: 0, Skipped due to constraints: 0
Phase 4.1.1.2 Post Placement Timing Optimization
INFO: [Place 30-746] Post Placement Timing Summary WNS=0.711. For the most accurate timing information please run report_timing.
Phase 4.1.1.2 Post Placement Timing Optimization | Checksum: 15b304c6c
INFO: [Place 46-19] Post Replication Timing Summary WNS=0.711. For the most accurate timing information please run report_timing.
[2026-03-31T16:13:38+0000] [2x2_2clz] still running...
INFO: [Place 30-746] Post Placement Timing Summary WNS=0.711. For the most accurate timing information please run report_timing.
Phase 4.1.1.2 Post Placement Timing Optimization | Checksum: 15b304c6c
INFO: [Place 46-19] Post Replication Timing Summary WNS=0.711. For the most accurate timing information please run report_timing.
place_design completed successfully
place_design: Time (s): cpu = 01:05:22 ; elapsed = 01:05:27 . Memory (MB): peak = 13880.086 ; gain = 5146.641 ; free physical = 14910 ; free virtual = 28120
## print "Writing post-place design checkpoint and report"
AWS FPGA: (16:11:46): Writing post-place design checkpoint and report
## write_checkpoint -force ${checkpoints_dir}/${CL}.${TAG}.post_place.dcp
INFO: [Timing 38-480] Writing timing data to binary archive.
INFO: [Common 17-1381] The checkpoint '/home/ubuntu/src/project_data/SatSwarmV2/src/aws-fpga/hdk/cl/examples/cl_satswarm/build/checkpoints/cl_satswarm.2026_03_31-144138.post_place.dcp' has been generated.
write_checkpoint: Time (s): cpu = 00:01:02 ; elapsed = 00:01:05 . Memory (MB): peak = 13880.086 ; gain = 0.000 ; free physical = 14787 ; free virtual = 28118
INFO: [Timing 38-91] UpdateTimingParams: Speed grade: -2, Temperature grade: E, Delay Type: max.
[2026-03-31T16:15:38+0000] [2x2_2clz] still running...
INFO: [Place 30-746] Post Placement Timing Summary WNS=0.711. For the most accurate timing information please run report_timing.
Phase 4.1.1.2 Post Placement Timing Optimization | Checksum: 15b304c6c
INFO: [Place 46-19] Post Replication Timing Summary WNS=0.711. For the most accurate timing information please run report_timing.
place_design completed successfully
place_design: Time (s): cpu = 01:05:22 ; elapsed = 01:05:27 . Memory (MB): peak = 13880.086 ; gain = 5146.641 ; free physical = 14910 ; free virtual = 28120
## print "Writing post-place design checkpoint and report"
AWS FPGA: (16:11:46): Writing post-place design checkpoint and report
## write_checkpoint -force ${checkpoints_dir}/${CL}.${TAG}.post_place.dcp
INFO: [Timing 38-480] Writing timing data to binary archive.
INFO: [Common 17-1381] The checkpoint '/home/ubuntu/src/project_data/SatSwarmV2/src/aws-fpga/hdk/cl/examples/cl_satswarm/build/checkpoints/cl_satswarm.2026_03_31-144138.post_place.dcp' has been generated.
write_checkpoint: Time (s): cpu = 00:01:02 ; elapsed = 00:01:05 . Memory (MB): peak = 13880.086 ; gain = 0.000 ; free physical = 14787 ; free virtual = 28118
INFO: [Timing 38-91] UpdateTimingParams: Speed grade: -2, Temperature grade: E, Delay Type: max.
[2026-03-31T16:17:38+0000] [2x2_2clz] still running...
Phase 4.1.1.2 Post Placement Timing Optimization | Checksum: 15b304c6c
INFO: [Place 46-19] Post Replication Timing Summary WNS=0.711. For the most accurate timing information please run report_timing.
place_design completed successfully
place_design: Time (s): cpu = 01:05:22 ; elapsed = 01:05:27 . Memory (MB): peak = 13880.086 ; gain = 5146.641 ; free physical = 14910 ; free virtual = 28120
## print "Writing post-place design checkpoint and report"
AWS FPGA: (16:11:46): Writing post-place design checkpoint and report
## write_checkpoint -force ${checkpoints_dir}/${CL}.${TAG}.post_place.dcp
INFO: [Timing 38-480] Writing timing data to binary archive.
INFO: [Common 17-1381] The checkpoint '/home/ubuntu/src/project_data/SatSwarmV2/src/aws-fpga/hdk/cl/examples/cl_satswarm/build/checkpoints/cl_satswarm.2026_03_31-144138.post_place.dcp' has been generated.
write_checkpoint: Time (s): cpu = 00:01:02 ; elapsed = 00:01:05 . Memory (MB): peak = 13880.086 ; gain = 0.000 ; free physical = 14787 ; free virtual = 28118
INFO: [Timing 38-91] UpdateTimingParams: Speed grade: -2, Temperature grade: E, Delay Type: max.
INFO: [Timing 38-78] ReportTimingParams: -max_paths 10 -nworst 1 -delay_type max -sort_by group.
[2026-03-31T16:19:38+0000] [2x2_2clz] still running...
INFO: [Timing 38-91] UpdateTimingParams: Speed grade: -2, Temperature grade: E, Delay Type: max.
INFO: [Timing 38-78] ReportTimingParams: -max_paths 10 -nworst 1 -delay_type max -sort_by group.
INFO: [Vivado_Tcl 4-2279] Estimated Timing Summary | WNS= 0.711 | TNS= 0.000 | 
INFO: [Vivado_Tcl 4-383] Design worst setup slack (WNS) is greater than or equal to 0.000 ns. All physical synthesis setup optimizations will be skipped.
## print "Writing post-phy_opt design checkpoint and report"
AWS FPGA: (16:18:22): Writing post-phy_opt design checkpoint and report
## write_checkpoint -force ${checkpoints_dir}/${CL}.${TAG}.post_phys_opt.dcp
INFO: [Timing 38-480] Writing timing data to binary archive.
INFO: [Common 17-1381] The checkpoint '/home/ubuntu/src/project_data/SatSwarmV2/src/aws-fpga/hdk/cl/examples/cl_satswarm/build/checkpoints/cl_satswarm.2026_03_31-144138.post_phys_opt.dcp' has been generated.
write_checkpoint: Time (s): cpu = 00:00:59 ; elapsed = 00:01:01 . Memory (MB): peak = 13880.086 ; gain = 0.000 ; free physical = 14652 ; free virtual = 28105
INFO: [Timing 38-91] UpdateTimingParams: Speed grade: -2, Temperature grade: E, Delay Type: max.
INFO: [Timing 38-78] ReportTimingParams: -max_paths 10 -nworst 1 -delay_type max -sort_by group.
[2026-03-31T16:21:38+0000] [2x2_2clz] still running...
INFO: [Vivado_Tcl 4-2279] Estimated Timing Summary | WNS= 0.711 | TNS= 0.000 | 
INFO: [Vivado_Tcl 4-383] Design worst setup slack (WNS) is greater than or equal to 0.000 ns. All physical synthesis setup optimizations will be skipped.
## print "Writing post-phy_opt design checkpoint and report"
AWS FPGA: (16:18:22): Writing post-phy_opt design checkpoint and report
## write_checkpoint -force ${checkpoints_dir}/${CL}.${TAG}.post_phys_opt.dcp
INFO: [Timing 38-480] Writing timing data to binary archive.
INFO: [Common 17-1381] The checkpoint '/home/ubuntu/src/project_data/SatSwarmV2/src/aws-fpga/hdk/cl/examples/cl_satswarm/build/checkpoints/cl_satswarm.2026_03_31-144138.post_phys_opt.dcp' has been generated.
write_checkpoint: Time (s): cpu = 00:00:59 ; elapsed = 00:01:01 . Memory (MB): peak = 13880.086 ; gain = 0.000 ; free physical = 14652 ; free virtual = 28105
INFO: [Timing 38-91] UpdateTimingParams: Speed grade: -2, Temperature grade: E, Delay Type: max.
INFO: [Timing 38-78] ReportTimingParams: -max_paths 10 -nworst 1 -delay_type max -sort_by group.
## route_design -directive $ROUTE_DIRECT -tns_cleanup
Command: route_design -directive Default -tns_cleanup
[2026-03-31T16:23:38+0000] [2x2_2clz] still running...
INFO: [Vivado_Tcl 4-2279] Estimated Timing Summary | WNS= 0.711 | TNS= 0.000 | 
INFO: [Vivado_Tcl 4-383] Design worst setup slack (WNS) is greater than or equal to 0.000 ns. All physical synthesis setup optimizations will be skipped.
## print "Writing post-phy_opt design checkpoint and report"
AWS FPGA: (16:18:22): Writing post-phy_opt design checkpoint and report
## write_checkpoint -force ${checkpoints_dir}/${CL}.${TAG}.post_phys_opt.dcp
INFO: [Timing 38-480] Writing timing data to binary archive.
INFO: [Common 17-1381] The checkpoint '/home/ubuntu/src/project_data/SatSwarmV2/src/aws-fpga/hdk/cl/examples/cl_satswarm/build/checkpoints/cl_satswarm.2026_03_31-144138.post_phys_opt.dcp' has been generated.
write_checkpoint: Time (s): cpu = 00:00:59 ; elapsed = 00:01:01 . Memory (MB): peak = 13880.086 ; gain = 0.000 ; free physical = 14652 ; free virtual = 28105
INFO: [Timing 38-91] UpdateTimingParams: Speed grade: -2, Temperature grade: E, Delay Type: max.
INFO: [Timing 38-78] ReportTimingParams: -max_paths 10 -nworst 1 -delay_type max -sort_by group.
## route_design -directive $ROUTE_DIRECT -tns_cleanup
Command: route_design -directive Default -tns_cleanup
[2026-03-31T16:25:38+0000] [2x2_2clz] still running...
INFO: [Vivado_Tcl 4-2279] Estimated Timing Summary | WNS= 0.711 | TNS= 0.000 | 
INFO: [Vivado_Tcl 4-383] Design worst setup slack (WNS) is greater than or equal to 0.000 ns. All physical synthesis setup optimizations will be skipped.
## print "Writing post-phy_opt design checkpoint and report"
AWS FPGA: (16:18:22): Writing post-phy_opt design checkpoint and report
## write_checkpoint -force ${checkpoints_dir}/${CL}.${TAG}.post_phys_opt.dcp
INFO: [Timing 38-480] Writing timing data to binary archive.
INFO: [Common 17-1381] The checkpoint '/home/ubuntu/src/project_data/SatSwarmV2/src/aws-fpga/hdk/cl/examples/cl_satswarm/build/checkpoints/cl_satswarm.2026_03_31-144138.post_phys_opt.dcp' has been generated.
write_checkpoint: Time (s): cpu = 00:00:59 ; elapsed = 00:01:01 . Memory (MB): peak = 13880.086 ; gain = 0.000 ; free physical = 14652 ; free virtual = 28105
INFO: [Timing 38-91] UpdateTimingParams: Speed grade: -2, Temperature grade: E, Delay Type: max.
INFO: [Timing 38-78] ReportTimingParams: -max_paths 10 -nworst 1 -delay_type max -sort_by group.
## route_design -directive $ROUTE_DIRECT -tns_cleanup
Command: route_design -directive Default -tns_cleanup
[2026-03-31T16:27:38+0000] [2x2_2clz] still running...
INFO: [Vivado_Tcl 4-383] Design worst setup slack (WNS) is greater than or equal to 0.000 ns. All physical synthesis setup optimizations will be skipped.
## print "Writing post-phy_opt design checkpoint and report"
AWS FPGA: (16:18:22): Writing post-phy_opt design checkpoint and report
## write_checkpoint -force ${checkpoints_dir}/${CL}.${TAG}.post_phys_opt.dcp
INFO: [Timing 38-480] Writing timing data to binary archive.
INFO: [Common 17-1381] The checkpoint '/home/ubuntu/src/project_data/SatSwarmV2/src/aws-fpga/hdk/cl/examples/cl_satswarm/build/checkpoints/cl_satswarm.2026_03_31-144138.post_phys_opt.dcp' has been generated.
write_checkpoint: Time (s): cpu = 00:00:59 ; elapsed = 00:01:01 . Memory (MB): peak = 13880.086 ; gain = 0.000 ; free physical = 14652 ; free virtual = 28105
INFO: [Timing 38-91] UpdateTimingParams: Speed grade: -2, Temperature grade: E, Delay Type: max.
INFO: [Timing 38-78] ReportTimingParams: -max_paths 10 -nworst 1 -delay_type max -sort_by group.
## route_design -directive $ROUTE_DIRECT -tns_cleanup
Command: route_design -directive Default -tns_cleanup
Post Restoration Checksum: NetGraph: 1ea37db5 | NumContArr: 97676875 | Constraints: 8d153282 | Timing: c2a8fa9d
[2026-03-31T16:29:38+0000] [2x2_2clz] still running...
## print "Writing post-phy_opt design checkpoint and report"
AWS FPGA: (16:18:22): Writing post-phy_opt design checkpoint and report
## write_checkpoint -force ${checkpoints_dir}/${CL}.${TAG}.post_phys_opt.dcp
INFO: [Timing 38-480] Writing timing data to binary archive.
INFO: [Common 17-1381] The checkpoint '/home/ubuntu/src/project_data/SatSwarmV2/src/aws-fpga/hdk/cl/examples/cl_satswarm/build/checkpoints/cl_satswarm.2026_03_31-144138.post_phys_opt.dcp' has been generated.
write_checkpoint: Time (s): cpu = 00:00:59 ; elapsed = 00:01:01 . Memory (MB): peak = 13880.086 ; gain = 0.000 ; free physical = 14652 ; free virtual = 28105
INFO: [Timing 38-91] UpdateTimingParams: Speed grade: -2, Temperature grade: E, Delay Type: max.
INFO: [Timing 38-78] ReportTimingParams: -max_paths 10 -nworst 1 -delay_type max -sort_by group.
## route_design -directive $ROUTE_DIRECT -tns_cleanup
Command: route_design -directive Default -tns_cleanup
Post Restoration Checksum: NetGraph: 1ea37db5 | NumContArr: 97676875 | Constraints: 8d153282 | Timing: c2a8fa9d
Phase 2.4 Update Timing
[2026-03-31T16:31:38+0000] [2x2_2clz] still running...
## write_checkpoint -force ${checkpoints_dir}/${CL}.${TAG}.post_phys_opt.dcp
INFO: [Timing 38-480] Writing timing data to binary archive.
INFO: [Common 17-1381] The checkpoint '/home/ubuntu/src/project_data/SatSwarmV2/src/aws-fpga/hdk/cl/examples/cl_satswarm/build/checkpoints/cl_satswarm.2026_03_31-144138.post_phys_opt.dcp' has been generated.
write_checkpoint: Time (s): cpu = 00:00:59 ; elapsed = 00:01:01 . Memory (MB): peak = 13880.086 ; gain = 0.000 ; free physical = 14652 ; free virtual = 28105
INFO: [Timing 38-91] UpdateTimingParams: Speed grade: -2, Temperature grade: E, Delay Type: max.
INFO: [Timing 38-78] ReportTimingParams: -max_paths 10 -nworst 1 -delay_type max -sort_by group.
## route_design -directive $ROUTE_DIRECT -tns_cleanup
Command: route_design -directive Default -tns_cleanup
Post Restoration Checksum: NetGraph: 1ea37db5 | NumContArr: 97676875 | Constraints: 8d153282 | Timing: c2a8fa9d
Phase 2.4 Update Timing
Phase 2.4 Update Timing | Checksum: 22c92ee28
INFO: [Route 35-416] Intermediate Timing Summary | WNS=0.711  | TNS=0.000  | WHS=-0.136 | THS=-410.934|
[2026-03-31T16:33:38+0000] [2x2_2clz] still running...
## write_checkpoint -force ${checkpoints_dir}/${CL}.${TAG}.post_phys_opt.dcp
INFO: [Timing 38-480] Writing timing data to binary archive.
INFO: [Common 17-1381] The checkpoint '/home/ubuntu/src/project_data/SatSwarmV2/src/aws-fpga/hdk/cl/examples/cl_satswarm/build/checkpoints/cl_satswarm.2026_03_31-144138.post_phys_opt.dcp' has been generated.
write_checkpoint: Time (s): cpu = 00:00:59 ; elapsed = 00:01:01 . Memory (MB): peak = 13880.086 ; gain = 0.000 ; free physical = 14652 ; free virtual = 28105
INFO: [Timing 38-91] UpdateTimingParams: Speed grade: -2, Temperature grade: E, Delay Type: max.
INFO: [Timing 38-78] ReportTimingParams: -max_paths 10 -nworst 1 -delay_type max -sort_by group.
## route_design -directive $ROUTE_DIRECT -tns_cleanup
Command: route_design -directive Default -tns_cleanup
Post Restoration Checksum: NetGraph: 1ea37db5 | NumContArr: 97676875 | Constraints: 8d153282 | Timing: c2a8fa9d
Phase 2.4 Update Timing
Phase 2.4 Update Timing | Checksum: 22c92ee28
INFO: [Route 35-416] Intermediate Timing Summary | WNS=0.711  | TNS=0.000  | WHS=-0.136 | THS=-410.934|
[2026-03-31T16:35:38+0000] [2x2_2clz] still running...
## write_checkpoint -force ${checkpoints_dir}/${CL}.${TAG}.post_phys_opt.dcp
INFO: [Timing 38-480] Writing timing data to binary archive.
INFO: [Common 17-1381] The checkpoint '/home/ubuntu/src/project_data/SatSwarmV2/src/aws-fpga/hdk/cl/examples/cl_satswarm/build/checkpoints/cl_satswarm.2026_03_31-144138.post_phys_opt.dcp' has been generated.
write_checkpoint: Time (s): cpu = 00:00:59 ; elapsed = 00:01:01 . Memory (MB): peak = 13880.086 ; gain = 0.000 ; free physical = 14652 ; free virtual = 28105
INFO: [Timing 38-91] UpdateTimingParams: Speed grade: -2, Temperature grade: E, Delay Type: max.
INFO: [Timing 38-78] ReportTimingParams: -max_paths 10 -nworst 1 -delay_type max -sort_by group.
## route_design -directive $ROUTE_DIRECT -tns_cleanup
Command: route_design -directive Default -tns_cleanup
Post Restoration Checksum: NetGraph: 1ea37db5 | NumContArr: 97676875 | Constraints: 8d153282 | Timing: c2a8fa9d
Phase 2.4 Update Timing
Phase 2.4 Update Timing | Checksum: 22c92ee28
INFO: [Route 35-416] Intermediate Timing Summary | WNS=0.711  | TNS=0.000  | WHS=-0.136 | THS=-410.934|
[2026-03-31T16:37:38+0000] [2x2_2clz] still running...
INFO: [Common 17-1381] The checkpoint '/home/ubuntu/src/project_data/SatSwarmV2/src/aws-fpga/hdk/cl/examples/cl_satswarm/build/checkpoints/cl_satswarm.2026_03_31-144138.post_phys_opt.dcp' has been generated.
write_checkpoint: Time (s): cpu = 00:00:59 ; elapsed = 00:01:01 . Memory (MB): peak = 13880.086 ; gain = 0.000 ; free physical = 14652 ; free virtual = 28105
INFO: [Timing 38-91] UpdateTimingParams: Speed grade: -2, Temperature grade: E, Delay Type: max.
INFO: [Timing 38-78] ReportTimingParams: -max_paths 10 -nworst 1 -delay_type max -sort_by group.
## route_design -directive $ROUTE_DIRECT -tns_cleanup
Command: route_design -directive Default -tns_cleanup
Post Restoration Checksum: NetGraph: 1ea37db5 | NumContArr: 97676875 | Constraints: 8d153282 | Timing: c2a8fa9d
Phase 2.4 Update Timing
Phase 2.4 Update Timing | Checksum: 22c92ee28
INFO: [Route 35-416] Intermediate Timing Summary | WNS=0.711  | TNS=0.000  | WHS=-0.136 | THS=-410.934|
Phase 2.5 Update Timing for Bus Skew
Phase 2.5.1 Update Timing
[2026-03-31T16:39:38+0000] [2x2_2clz] still running...
INFO: [Common 17-1381] The checkpoint '/home/ubuntu/src/project_data/SatSwarmV2/src/aws-fpga/hdk/cl/examples/cl_satswarm/build/checkpoints/cl_satswarm.2026_03_31-144138.post_phys_opt.dcp' has been generated.
write_checkpoint: Time (s): cpu = 00:00:59 ; elapsed = 00:01:01 . Memory (MB): peak = 13880.086 ; gain = 0.000 ; free physical = 14652 ; free virtual = 28105
INFO: [Timing 38-91] UpdateTimingParams: Speed grade: -2, Temperature grade: E, Delay Type: max.
INFO: [Timing 38-78] ReportTimingParams: -max_paths 10 -nworst 1 -delay_type max -sort_by group.
## route_design -directive $ROUTE_DIRECT -tns_cleanup
Command: route_design -directive Default -tns_cleanup
Post Restoration Checksum: NetGraph: 1ea37db5 | NumContArr: 97676875 | Constraints: 8d153282 | Timing: c2a8fa9d
Phase 2.4 Update Timing
Phase 2.4 Update Timing | Checksum: 22c92ee28
INFO: [Route 35-416] Intermediate Timing Summary | WNS=0.711  | TNS=0.000  | WHS=-0.136 | THS=-410.934|
Phase 2.5 Update Timing for Bus Skew
Phase 2.5.1 Update Timing
[2026-03-31T16:41:38+0000] [2x2_2clz] still running...
INFO: [Timing 38-78] ReportTimingParams: -max_paths 10 -nworst 1 -delay_type max -sort_by group.
## route_design -directive $ROUTE_DIRECT -tns_cleanup
Command: route_design -directive Default -tns_cleanup
Post Restoration Checksum: NetGraph: 1ea37db5 | NumContArr: 97676875 | Constraints: 8d153282 | Timing: c2a8fa9d
Phase 2.4 Update Timing
Phase 2.4 Update Timing | Checksum: 22c92ee28
INFO: [Route 35-416] Intermediate Timing Summary | WNS=0.711  | TNS=0.000  | WHS=-0.136 | THS=-410.934|
Phase 2.5 Update Timing for Bus Skew
Phase 2.5.1 Update Timing
Phase 2.5.1 Update Timing | Checksum: 22b7efc0f
INFO: [Route 35-416] Intermediate Timing Summary | WNS=0.711  | TNS=0.000  | WHS=-0.255 | THS=-115.436|
Phase 2.5 Update Timing for Bus Skew | Checksum: 298e3c25a
[2026-03-31T16:43:38+0000] [2x2_2clz] still running...
INFO: [Timing 38-78] ReportTimingParams: -max_paths 10 -nworst 1 -delay_type max -sort_by group.
## route_design -directive $ROUTE_DIRECT -tns_cleanup
Command: route_design -directive Default -tns_cleanup
Post Restoration Checksum: NetGraph: 1ea37db5 | NumContArr: 97676875 | Constraints: 8d153282 | Timing: c2a8fa9d
Phase 2.4 Update Timing
Phase 2.4 Update Timing | Checksum: 22c92ee28
INFO: [Route 35-416] Intermediate Timing Summary | WNS=0.711  | TNS=0.000  | WHS=-0.136 | THS=-410.934|
Phase 2.5 Update Timing for Bus Skew
Phase 2.5.1 Update Timing
Phase 2.5.1 Update Timing | Checksum: 22b7efc0f
INFO: [Route 35-416] Intermediate Timing Summary | WNS=0.711  | TNS=0.000  | WHS=-0.255 | THS=-115.436|
Phase 2.5 Update Timing for Bus Skew | Checksum: 298e3c25a
[2026-03-31T16:45:38+0000] [2x2_2clz] still running...
INFO: [Timing 38-78] ReportTimingParams: -max_paths 10 -nworst 1 -delay_type max -sort_by group.
## route_design -directive $ROUTE_DIRECT -tns_cleanup
Command: route_design -directive Default -tns_cleanup
Post Restoration Checksum: NetGraph: 1ea37db5 | NumContArr: 97676875 | Constraints: 8d153282 | Timing: c2a8fa9d
Phase 2.4 Update Timing
Phase 2.4 Update Timing | Checksum: 22c92ee28
INFO: [Route 35-416] Intermediate Timing Summary | WNS=0.711  | TNS=0.000  | WHS=-0.136 | THS=-410.934|
Phase 2.5 Update Timing for Bus Skew
Phase 2.5.1 Update Timing
Phase 2.5.1 Update Timing | Checksum: 22b7efc0f
INFO: [Route 35-416] Intermediate Timing Summary | WNS=0.711  | TNS=0.000  | WHS=-0.255 | THS=-115.436|
Phase 2.5 Update Timing for Bus Skew | Checksum: 298e3c25a
[2026-03-31T16:47:38+0000] [2x2_2clz] still running...
INFO: [Timing 38-78] ReportTimingParams: -max_paths 10 -nworst 1 -delay_type max -sort_by group.
## route_design -directive $ROUTE_DIRECT -tns_cleanup
Command: route_design -directive Default -tns_cleanup
Post Restoration Checksum: NetGraph: 1ea37db5 | NumContArr: 97676875 | Constraints: 8d153282 | Timing: c2a8fa9d
Phase 2.4 Update Timing
Phase 2.4 Update Timing | Checksum: 22c92ee28
INFO: [Route 35-416] Intermediate Timing Summary | WNS=0.711  | TNS=0.000  | WHS=-0.136 | THS=-410.934|
Phase 2.5 Update Timing for Bus Skew
Phase 2.5.1 Update Timing
Phase 2.5.1 Update Timing | Checksum: 22b7efc0f
INFO: [Route 35-416] Intermediate Timing Summary | WNS=0.711  | TNS=0.000  | WHS=-0.255 | THS=-115.436|
Phase 2.5 Update Timing for Bus Skew | Checksum: 298e3c25a
[2026-03-31T16:49:38+0000] [2x2_2clz] still running...
INFO: [Timing 38-78] ReportTimingParams: -max_paths 10 -nworst 1 -delay_type max -sort_by group.
## route_design -directive $ROUTE_DIRECT -tns_cleanup
Command: route_design -directive Default -tns_cleanup
Post Restoration Checksum: NetGraph: 1ea37db5 | NumContArr: 97676875 | Constraints: 8d153282 | Timing: c2a8fa9d
Phase 2.4 Update Timing
Phase 2.4 Update Timing | Checksum: 22c92ee28
INFO: [Route 35-416] Intermediate Timing Summary | WNS=0.711  | TNS=0.000  | WHS=-0.136 | THS=-410.934|
Phase 2.5 Update Timing for Bus Skew
Phase 2.5.1 Update Timing
Phase 2.5.1 Update Timing | Checksum: 22b7efc0f
INFO: [Route 35-416] Intermediate Timing Summary | WNS=0.711  | TNS=0.000  | WHS=-0.255 | THS=-115.436|
Phase 2.5 Update Timing for Bus Skew | Checksum: 298e3c25a
[2026-03-31T16:51:38+0000] [2x2_2clz] still running...
INFO: [Timing 38-78] ReportTimingParams: -max_paths 10 -nworst 1 -delay_type max -sort_by group.
## route_design -directive $ROUTE_DIRECT -tns_cleanup
Command: route_design -directive Default -tns_cleanup
Post Restoration Checksum: NetGraph: 1ea37db5 | NumContArr: 97676875 | Constraints: 8d153282 | Timing: c2a8fa9d
Phase 2.4 Update Timing
Phase 2.4 Update Timing | Checksum: 22c92ee28
INFO: [Route 35-416] Intermediate Timing Summary | WNS=0.711  | TNS=0.000  | WHS=-0.136 | THS=-410.934|
Phase 2.5 Update Timing for Bus Skew
Phase 2.5.1 Update Timing
Phase 2.5.1 Update Timing | Checksum: 22b7efc0f
INFO: [Route 35-416] Intermediate Timing Summary | WNS=0.711  | TNS=0.000  | WHS=-0.255 | THS=-115.436|
Phase 2.5 Update Timing for Bus Skew | Checksum: 298e3c25a
[2026-03-31T16:53:38+0000] [2x2_2clz] still running...
INFO: [Timing 38-78] ReportTimingParams: -max_paths 10 -nworst 1 -delay_type max -sort_by group.
## route_design -directive $ROUTE_DIRECT -tns_cleanup
Command: route_design -directive Default -tns_cleanup
Post Restoration Checksum: NetGraph: 1ea37db5 | NumContArr: 97676875 | Constraints: 8d153282 | Timing: c2a8fa9d
Phase 2.4 Update Timing
Phase 2.4 Update Timing | Checksum: 22c92ee28
INFO: [Route 35-416] Intermediate Timing Summary | WNS=0.711  | TNS=0.000  | WHS=-0.136 | THS=-410.934|
Phase 2.5 Update Timing for Bus Skew
Phase 2.5.1 Update Timing
Phase 2.5.1 Update Timing | Checksum: 22b7efc0f
INFO: [Route 35-416] Intermediate Timing Summary | WNS=0.711  | TNS=0.000  | WHS=-0.255 | THS=-115.436|
Phase 2.5 Update Timing for Bus Skew | Checksum: 298e3c25a
[2026-03-31T16:55:38+0000] [2x2_2clz] still running...
INFO: [Timing 38-78] ReportTimingParams: -max_paths 10 -nworst 1 -delay_type max -sort_by group.
## route_design -directive $ROUTE_DIRECT -tns_cleanup
Command: route_design -directive Default -tns_cleanup
Post Restoration Checksum: NetGraph: 1ea37db5 | NumContArr: 97676875 | Constraints: 8d153282 | Timing: c2a8fa9d
Phase 2.4 Update Timing
Phase 2.4 Update Timing | Checksum: 22c92ee28
INFO: [Route 35-416] Intermediate Timing Summary | WNS=0.711  | TNS=0.000  | WHS=-0.136 | THS=-410.934|
Phase 2.5 Update Timing for Bus Skew
Phase 2.5.1 Update Timing
Phase 2.5.1 Update Timing | Checksum: 22b7efc0f
INFO: [Route 35-416] Intermediate Timing Summary | WNS=0.711  | TNS=0.000  | WHS=-0.255 | THS=-115.436|
Phase 2.5 Update Timing for Bus Skew | Checksum: 298e3c25a
[2026-03-31T16:57:38+0000] [2x2_2clz] still running...
INFO: [Timing 38-78] ReportTimingParams: -max_paths 10 -nworst 1 -delay_type max -sort_by group.
## route_design -directive $ROUTE_DIRECT -tns_cleanup
Command: route_design -directive Default -tns_cleanup
Post Restoration Checksum: NetGraph: 1ea37db5 | NumContArr: 97676875 | Constraints: 8d153282 | Timing: c2a8fa9d
Phase 2.4 Update Timing
Phase 2.4 Update Timing | Checksum: 22c92ee28
INFO: [Route 35-416] Intermediate Timing Summary | WNS=0.711  | TNS=0.000  | WHS=-0.136 | THS=-410.934|
Phase 2.5 Update Timing for Bus Skew
Phase 2.5.1 Update Timing
Phase 2.5.1 Update Timing | Checksum: 22b7efc0f
INFO: [Route 35-416] Intermediate Timing Summary | WNS=0.711  | TNS=0.000  | WHS=-0.255 | THS=-115.436|
Phase 2.5 Update Timing for Bus Skew | Checksum: 298e3c25a
[2026-03-31T16:59:38+0000] [2x2_2clz] still running...
INFO: [Timing 38-78] ReportTimingParams: -max_paths 10 -nworst 1 -delay_type max -sort_by group.
## route_design -directive $ROUTE_DIRECT -tns_cleanup
Command: route_design -directive Default -tns_cleanup
Post Restoration Checksum: NetGraph: 1ea37db5 | NumContArr: 97676875 | Constraints: 8d153282 | Timing: c2a8fa9d
Phase 2.4 Update Timing
Phase 2.4 Update Timing | Checksum: 22c92ee28
INFO: [Route 35-416] Intermediate Timing Summary | WNS=0.711  | TNS=0.000  | WHS=-0.136 | THS=-410.934|
Phase 2.5 Update Timing for Bus Skew
Phase 2.5.1 Update Timing
Phase 2.5.1 Update Timing | Checksum: 22b7efc0f
INFO: [Route 35-416] Intermediate Timing Summary | WNS=0.711  | TNS=0.000  | WHS=-0.255 | THS=-115.436|
Phase 2.5 Update Timing for Bus Skew | Checksum: 298e3c25a
[2026-03-31T17:01:38+0000] [2x2_2clz] still running...
INFO: [Timing 38-78] ReportTimingParams: -max_paths 10 -nworst 1 -delay_type max -sort_by group.
## route_design -directive $ROUTE_DIRECT -tns_cleanup
Command: route_design -directive Default -tns_cleanup
Post Restoration Checksum: NetGraph: 1ea37db5 | NumContArr: 97676875 | Constraints: 8d153282 | Timing: c2a8fa9d
Phase 2.4 Update Timing
Phase 2.4 Update Timing | Checksum: 22c92ee28
INFO: [Route 35-416] Intermediate Timing Summary | WNS=0.711  | TNS=0.000  | WHS=-0.136 | THS=-410.934|
Phase 2.5 Update Timing for Bus Skew
Phase 2.5.1 Update Timing
Phase 2.5.1 Update Timing | Checksum: 22b7efc0f
INFO: [Route 35-416] Intermediate Timing Summary | WNS=0.711  | TNS=0.000  | WHS=-0.255 | THS=-115.436|
Phase 2.5 Update Timing for Bus Skew | Checksum: 298e3c25a
[2026-03-31T17:03:38+0000] [2x2_2clz] still running...
INFO: [Timing 38-78] ReportTimingParams: -max_paths 10 -nworst 1 -delay_type max -sort_by group.
## route_design -directive $ROUTE_DIRECT -tns_cleanup
Command: route_design -directive Default -tns_cleanup
Post Restoration Checksum: NetGraph: 1ea37db5 | NumContArr: 97676875 | Constraints: 8d153282 | Timing: c2a8fa9d
Phase 2.4 Update Timing
Phase 2.4 Update Timing | Checksum: 22c92ee28
INFO: [Route 35-416] Intermediate Timing Summary | WNS=0.711  | TNS=0.000  | WHS=-0.136 | THS=-410.934|
Phase 2.5 Update Timing for Bus Skew
Phase 2.5.1 Update Timing
Phase 2.5.1 Update Timing | Checksum: 22b7efc0f
INFO: [Route 35-416] Intermediate Timing Summary | WNS=0.711  | TNS=0.000  | WHS=-0.255 | THS=-115.436|
Phase 2.5 Update Timing for Bus Skew | Checksum: 298e3c25a
[2026-03-31T17:05:38+0000] [2x2_2clz] still running...
INFO: [Timing 38-78] ReportTimingParams: -max_paths 10 -nworst 1 -delay_type max -sort_by group.
## route_design -directive $ROUTE_DIRECT -tns_cleanup
Command: route_design -directive Default -tns_cleanup
Post Restoration Checksum: NetGraph: 1ea37db5 | NumContArr: 97676875 | Constraints: 8d153282 | Timing: c2a8fa9d
Phase 2.4 Update Timing
Phase 2.4 Update Timing | Checksum: 22c92ee28
INFO: [Route 35-416] Intermediate Timing Summary | WNS=0.711  | TNS=0.000  | WHS=-0.136 | THS=-410.934|
Phase 2.5 Update Timing for Bus Skew
Phase 2.5.1 Update Timing
Phase 2.5.1 Update Timing | Checksum: 22b7efc0f
INFO: [Route 35-416] Intermediate Timing Summary | WNS=0.711  | TNS=0.000  | WHS=-0.255 | THS=-115.436|
Phase 2.5 Update Timing for Bus Skew | Checksum: 298e3c25a
[2026-03-31T17:07:38+0000] [2x2_2clz] still running...
INFO: [Timing 38-78] ReportTimingParams: -max_paths 10 -nworst 1 -delay_type max -sort_by group.
## route_design -directive $ROUTE_DIRECT -tns_cleanup
Command: route_design -directive Default -tns_cleanup
Post Restoration Checksum: NetGraph: 1ea37db5 | NumContArr: 97676875 | Constraints: 8d153282 | Timing: c2a8fa9d
Phase 2.4 Update Timing
Phase 2.4 Update Timing | Checksum: 22c92ee28
INFO: [Route 35-416] Intermediate Timing Summary | WNS=0.711  | TNS=0.000  | WHS=-0.136 | THS=-410.934|
Phase 2.5 Update Timing for Bus Skew
Phase 2.5.1 Update Timing
Phase 2.5.1 Update Timing | Checksum: 22b7efc0f
INFO: [Route 35-416] Intermediate Timing Summary | WNS=0.711  | TNS=0.000  | WHS=-0.255 | THS=-115.436|
Phase 2.5 Update Timing for Bus Skew | Checksum: 298e3c25a
[2026-03-31T17:09:38+0000] [2x2_2clz] still running...
INFO: [Timing 38-78] ReportTimingParams: -max_paths 10 -nworst 1 -delay_type max -sort_by group.
## route_design -directive $ROUTE_DIRECT -tns_cleanup
Command: route_design -directive Default -tns_cleanup
Post Restoration Checksum: NetGraph: 1ea37db5 | NumContArr: 97676875 | Constraints: 8d153282 | Timing: c2a8fa9d
Phase 2.4 Update Timing
Phase 2.4 Update Timing | Checksum: 22c92ee28
INFO: [Route 35-416] Intermediate Timing Summary | WNS=0.711  | TNS=0.000  | WHS=-0.136 | THS=-410.934|
Phase 2.5 Update Timing for Bus Skew
Phase 2.5.1 Update Timing
Phase 2.5.1 Update Timing | Checksum: 22b7efc0f
INFO: [Route 35-416] Intermediate Timing Summary | WNS=0.711  | TNS=0.000  | WHS=-0.255 | THS=-115.436|
Phase 2.5 Update Timing for Bus Skew | Checksum: 298e3c25a
[2026-03-31T17:11:38+0000] [2x2_2clz] still running...
INFO: [Timing 38-78] ReportTimingParams: -max_paths 10 -nworst 1 -delay_type max -sort_by group.
## route_design -directive $ROUTE_DIRECT -tns_cleanup
Command: route_design -directive Default -tns_cleanup
Post Restoration Checksum: NetGraph: 1ea37db5 | NumContArr: 97676875 | Constraints: 8d153282 | Timing: c2a8fa9d
Phase 2.4 Update Timing
Phase 2.4 Update Timing | Checksum: 22c92ee28
INFO: [Route 35-416] Intermediate Timing Summary | WNS=0.711  | TNS=0.000  | WHS=-0.136 | THS=-410.934|
Phase 2.5 Update Timing for Bus Skew
Phase 2.5.1 Update Timing
Phase 2.5.1 Update Timing | Checksum: 22b7efc0f
INFO: [Route 35-416] Intermediate Timing Summary | WNS=0.711  | TNS=0.000  | WHS=-0.255 | THS=-115.436|
Phase 2.5 Update Timing for Bus Skew | Checksum: 298e3c25a
[2026-03-31T17:13:38+0000] [2x2_2clz] still running...
INFO: [Timing 38-78] ReportTimingParams: -max_paths 10 -nworst 1 -delay_type max -sort_by group.
## route_design -directive $ROUTE_DIRECT -tns_cleanup
Command: route_design -directive Default -tns_cleanup
Post Restoration Checksum: NetGraph: 1ea37db5 | NumContArr: 97676875 | Constraints: 8d153282 | Timing: c2a8fa9d
Phase 2.4 Update Timing
Phase 2.4 Update Timing | Checksum: 22c92ee28
INFO: [Route 35-416] Intermediate Timing Summary | WNS=0.711  | TNS=0.000  | WHS=-0.136 | THS=-410.934|
Phase 2.5 Update Timing for Bus Skew
Phase 2.5.1 Update Timing
Phase 2.5.1 Update Timing | Checksum: 22b7efc0f
INFO: [Route 35-416] Intermediate Timing Summary | WNS=0.711  | TNS=0.000  | WHS=-0.255 | THS=-115.436|
Phase 2.5 Update Timing for Bus Skew | Checksum: 298e3c25a
[2026-03-31T17:15:38+0000] [2x2_2clz] still running...
INFO: [Timing 38-78] ReportTimingParams: -max_paths 10 -nworst 1 -delay_type max -sort_by group.
## route_design -directive $ROUTE_DIRECT -tns_cleanup
Command: route_design -directive Default -tns_cleanup
Post Restoration Checksum: NetGraph: 1ea37db5 | NumContArr: 97676875 | Constraints: 8d153282 | Timing: c2a8fa9d
Phase 2.4 Update Timing
Phase 2.4 Update Timing | Checksum: 22c92ee28
INFO: [Route 35-416] Intermediate Timing Summary | WNS=0.711  | TNS=0.000  | WHS=-0.136 | THS=-410.934|
Phase 2.5 Update Timing for Bus Skew
Phase 2.5.1 Update Timing
Phase 2.5.1 Update Timing | Checksum: 22b7efc0f
INFO: [Route 35-416] Intermediate Timing Summary | WNS=0.711  | TNS=0.000  | WHS=-0.255 | THS=-115.436|
Phase 2.5 Update Timing for Bus Skew | Checksum: 298e3c25a
[2026-03-31T17:17:38+0000] [2x2_2clz] still running...
INFO: [Timing 38-78] ReportTimingParams: -max_paths 10 -nworst 1 -delay_type max -sort_by group.
## route_design -directive $ROUTE_DIRECT -tns_cleanup
Command: route_design -directive Default -tns_cleanup
Post Restoration Checksum: NetGraph: 1ea37db5 | NumContArr: 97676875 | Constraints: 8d153282 | Timing: c2a8fa9d
Phase 2.4 Update Timing
Phase 2.4 Update Timing | Checksum: 22c92ee28
INFO: [Route 35-416] Intermediate Timing Summary | WNS=0.711  | TNS=0.000  | WHS=-0.136 | THS=-410.934|
Phase 2.5 Update Timing for Bus Skew
Phase 2.5.1 Update Timing
Phase 2.5.1 Update Timing | Checksum: 22b7efc0f
INFO: [Route 35-416] Intermediate Timing Summary | WNS=0.711  | TNS=0.000  | WHS=-0.255 | THS=-115.436|
Phase 2.5 Update Timing for Bus Skew | Checksum: 298e3c25a
[2026-03-31T17:19:38+0000] [2x2_2clz] still running...
INFO: [Timing 38-78] ReportTimingParams: -max_paths 10 -nworst 1 -delay_type max -sort_by group.
## route_design -directive $ROUTE_DIRECT -tns_cleanup
Command: route_design -directive Default -tns_cleanup
Post Restoration Checksum: NetGraph: 1ea37db5 | NumContArr: 97676875 | Constraints: 8d153282 | Timing: c2a8fa9d
Phase 2.4 Update Timing
Phase 2.4 Update Timing | Checksum: 22c92ee28
INFO: [Route 35-416] Intermediate Timing Summary | WNS=0.711  | TNS=0.000  | WHS=-0.136 | THS=-410.934|
Phase 2.5 Update Timing for Bus Skew
Phase 2.5.1 Update Timing
Phase 2.5.1 Update Timing | Checksum: 22b7efc0f
INFO: [Route 35-416] Intermediate Timing Summary | WNS=0.711  | TNS=0.000  | WHS=-0.255 | THS=-115.436|
Phase 2.5 Update Timing for Bus Skew | Checksum: 298e3c25a
[2026-03-31T17:21:38+0000] [2x2_2clz] still running...
INFO: [Timing 38-78] ReportTimingParams: -max_paths 10 -nworst 1 -delay_type max -sort_by group.
## route_design -directive $ROUTE_DIRECT -tns_cleanup
Command: route_design -directive Default -tns_cleanup
Post Restoration Checksum: NetGraph: 1ea37db5 | NumContArr: 97676875 | Constraints: 8d153282 | Timing: c2a8fa9d
Phase 2.4 Update Timing
Phase 2.4 Update Timing | Checksum: 22c92ee28
INFO: [Route 35-416] Intermediate Timing Summary | WNS=0.711  | TNS=0.000  | WHS=-0.136 | THS=-410.934|
Phase 2.5 Update Timing for Bus Skew
Phase 2.5.1 Update Timing
Phase 2.5.1 Update Timing | Checksum: 22b7efc0f
INFO: [Route 35-416] Intermediate Timing Summary | WNS=0.711  | TNS=0.000  | WHS=-0.255 | THS=-115.436|
Phase 2.5 Update Timing for Bus Skew | Checksum: 298e3c25a
[2026-03-31T17:23:38+0000] [2x2_2clz] still running...
INFO: [Timing 38-78] ReportTimingParams: -max_paths 10 -nworst 1 -delay_type max -sort_by group.
## route_design -directive $ROUTE_DIRECT -tns_cleanup
Command: route_design -directive Default -tns_cleanup
Post Restoration Checksum: NetGraph: 1ea37db5 | NumContArr: 97676875 | Constraints: 8d153282 | Timing: c2a8fa9d
Phase 2.4 Update Timing
Phase 2.4 Update Timing | Checksum: 22c92ee28
INFO: [Route 35-416] Intermediate Timing Summary | WNS=0.711  | TNS=0.000  | WHS=-0.136 | THS=-410.934|
Phase 2.5 Update Timing for Bus Skew
Phase 2.5.1 Update Timing
Phase 2.5.1 Update Timing | Checksum: 22b7efc0f
INFO: [Route 35-416] Intermediate Timing Summary | WNS=0.711  | TNS=0.000  | WHS=-0.255 | THS=-115.436|
Phase 2.5 Update Timing for Bus Skew | Checksum: 298e3c25a
[2026-03-31T17:25:38+0000] [2x2_2clz] still running...
INFO: [Timing 38-78] ReportTimingParams: -max_paths 10 -nworst 1 -delay_type max -sort_by group.
## route_design -directive $ROUTE_DIRECT -tns_cleanup
Command: route_design -directive Default -tns_cleanup
Post Restoration Checksum: NetGraph: 1ea37db5 | NumContArr: 97676875 | Constraints: 8d153282 | Timing: c2a8fa9d
Phase 2.4 Update Timing
Phase 2.4 Update Timing | Checksum: 22c92ee28
INFO: [Route 35-416] Intermediate Timing Summary | WNS=0.711  | TNS=0.000  | WHS=-0.136 | THS=-410.934|
Phase 2.5 Update Timing for Bus Skew
Phase 2.5.1 Update Timing
Phase 2.5.1 Update Timing | Checksum: 22b7efc0f
INFO: [Route 35-416] Intermediate Timing Summary | WNS=0.711  | TNS=0.000  | WHS=-0.255 | THS=-115.436|
Phase 2.5 Update Timing for Bus Skew | Checksum: 298e3c25a
[2026-03-31T17:27:38+0000] [2x2_2clz] still running...
INFO: [Timing 38-78] ReportTimingParams: -max_paths 10 -nworst 1 -delay_type max -sort_by group.
## route_design -directive $ROUTE_DIRECT -tns_cleanup
Command: route_design -directive Default -tns_cleanup
Post Restoration Checksum: NetGraph: 1ea37db5 | NumContArr: 97676875 | Constraints: 8d153282 | Timing: c2a8fa9d
Phase 2.4 Update Timing
Phase 2.4 Update Timing | Checksum: 22c92ee28
INFO: [Route 35-416] Intermediate Timing Summary | WNS=0.711  | TNS=0.000  | WHS=-0.136 | THS=-410.934|
Phase 2.5 Update Timing for Bus Skew
Phase 2.5.1 Update Timing
Phase 2.5.1 Update Timing | Checksum: 22b7efc0f
INFO: [Route 35-416] Intermediate Timing Summary | WNS=0.711  | TNS=0.000  | WHS=-0.255 | THS=-115.436|
Phase 2.5 Update Timing for Bus Skew | Checksum: 298e3c25a
[2026-03-31T17:29:38+0000] [2x2_2clz] still running...
## route_design -directive $ROUTE_DIRECT -tns_cleanup
Command: route_design -directive Default -tns_cleanup
Post Restoration Checksum: NetGraph: 1ea37db5 | NumContArr: 97676875 | Constraints: 8d153282 | Timing: c2a8fa9d
Phase 2.4 Update Timing
Phase 2.4 Update Timing | Checksum: 22c92ee28
INFO: [Route 35-416] Intermediate Timing Summary | WNS=0.711  | TNS=0.000  | WHS=-0.136 | THS=-410.934|
Phase 2.5 Update Timing for Bus Skew
Phase 2.5.1 Update Timing
Phase 2.5.1 Update Timing | Checksum: 22b7efc0f
INFO: [Route 35-416] Intermediate Timing Summary | WNS=0.711  | TNS=0.000  | WHS=-0.255 | THS=-115.436|
Phase 2.5 Update Timing for Bus Skew | Checksum: 298e3c25a
INFO: [Route 35-416] Intermediate Timing Summary | WNS=0.711  | TNS=0.000  | WHS=-0.019 | THS=-0.516 |
[2026-03-31T17:31:38+0000] [2x2_2clz] still running...
Command: route_design -directive Default -tns_cleanup
Post Restoration Checksum: NetGraph: 1ea37db5 | NumContArr: 97676875 | Constraints: 8d153282 | Timing: c2a8fa9d
Phase 2.4 Update Timing
Phase 2.4 Update Timing | Checksum: 22c92ee28
INFO: [Route 35-416] Intermediate Timing Summary | WNS=0.711  | TNS=0.000  | WHS=-0.136 | THS=-410.934|
Phase 2.5 Update Timing for Bus Skew
Phase 2.5.1 Update Timing
Phase 2.5.1 Update Timing | Checksum: 22b7efc0f
INFO: [Route 35-416] Intermediate Timing Summary | WNS=0.711  | TNS=0.000  | WHS=-0.255 | THS=-115.436|
Phase 2.5 Update Timing for Bus Skew | Checksum: 298e3c25a
INFO: [Route 35-416] Intermediate Timing Summary | WNS=0.711  | TNS=0.000  | WHS=-0.019 | THS=-0.516 |
INFO: [Route 35-416] Intermediate Timing Summary | WNS=0.711  | TNS=0.000  | WHS=N/A    | THS=N/A    |
[2026-03-31T17:33:38+0000] [2x2_2clz] still running...
Command: route_design -directive Default -tns_cleanup
Post Restoration Checksum: NetGraph: 1ea37db5 | NumContArr: 97676875 | Constraints: 8d153282 | Timing: c2a8fa9d
Phase 2.4 Update Timing
Phase 2.4 Update Timing | Checksum: 22c92ee28
INFO: [Route 35-416] Intermediate Timing Summary | WNS=0.711  | TNS=0.000  | WHS=-0.136 | THS=-410.934|
Phase 2.5 Update Timing for Bus Skew
Phase 2.5.1 Update Timing
Phase 2.5.1 Update Timing | Checksum: 22b7efc0f
INFO: [Route 35-416] Intermediate Timing Summary | WNS=0.711  | TNS=0.000  | WHS=-0.255 | THS=-115.436|
Phase 2.5 Update Timing for Bus Skew | Checksum: 298e3c25a
INFO: [Route 35-416] Intermediate Timing Summary | WNS=0.711  | TNS=0.000  | WHS=-0.019 | THS=-0.516 |
INFO: [Route 35-416] Intermediate Timing Summary | WNS=0.711  | TNS=0.000  | WHS=N/A    | THS=N/A    |
[2026-03-31T17:35:38+0000] [2x2_2clz] still running...
Phase 2.4 Update Timing
Phase 2.4 Update Timing | Checksum: 22c92ee28
INFO: [Route 35-416] Intermediate Timing Summary | WNS=0.711  | TNS=0.000  | WHS=-0.136 | THS=-410.934|
Phase 2.5 Update Timing for Bus Skew
Phase 2.5.1 Update Timing
Phase 2.5.1 Update Timing | Checksum: 22b7efc0f
INFO: [Route 35-416] Intermediate Timing Summary | WNS=0.711  | TNS=0.000  | WHS=-0.255 | THS=-115.436|
Phase 2.5 Update Timing for Bus Skew | Checksum: 298e3c25a
INFO: [Route 35-416] Intermediate Timing Summary | WNS=0.711  | TNS=0.000  | WHS=-0.019 | THS=-0.516 |
INFO: [Route 35-416] Intermediate Timing Summary | WNS=0.711  | TNS=0.000  | WHS=N/A    | THS=N/A    |
INFO: [Route 35-416] Intermediate Timing Summary | WNS=0.711  | TNS=0.000  | WHS=0.010  | THS=0.000  |
INFO: [Route 35-416] Intermediate Timing Summary | WNS=0.711  | TNS=0.000  | WHS=0.010  | THS=0.000  |
[2026-03-31T17:37:38+0000] [2x2_2clz] still running...
Phase 2.4 Update Timing
Phase 2.4 Update Timing | Checksum: 22c92ee28
INFO: [Route 35-416] Intermediate Timing Summary | WNS=0.711  | TNS=0.000  | WHS=-0.136 | THS=-410.934|
Phase 2.5 Update Timing for Bus Skew
Phase 2.5.1 Update Timing
Phase 2.5.1 Update Timing | Checksum: 22b7efc0f
INFO: [Route 35-416] Intermediate Timing Summary | WNS=0.711  | TNS=0.000  | WHS=-0.255 | THS=-115.436|
Phase 2.5 Update Timing for Bus Skew | Checksum: 298e3c25a
INFO: [Route 35-416] Intermediate Timing Summary | WNS=0.711  | TNS=0.000  | WHS=-0.019 | THS=-0.516 |
INFO: [Route 35-416] Intermediate Timing Summary | WNS=0.711  | TNS=0.000  | WHS=N/A    | THS=N/A    |
INFO: [Route 35-416] Intermediate Timing Summary | WNS=0.711  | TNS=0.000  | WHS=0.010  | THS=0.000  |
INFO: [Route 35-416] Intermediate Timing Summary | WNS=0.711  | TNS=0.000  | WHS=0.010  | THS=0.000  |
[2026-03-31T17:39:38+0000] [2x2_2clz] still running...
Phase 2.4 Update Timing | Checksum: 22c92ee28
INFO: [Route 35-416] Intermediate Timing Summary | WNS=0.711  | TNS=0.000  | WHS=-0.136 | THS=-410.934|
Phase 2.5 Update Timing for Bus Skew
Phase 2.5.1 Update Timing
Phase 2.5.1 Update Timing | Checksum: 22b7efc0f
INFO: [Route 35-416] Intermediate Timing Summary | WNS=0.711  | TNS=0.000  | WHS=-0.255 | THS=-115.436|
Phase 2.5 Update Timing for Bus Skew | Checksum: 298e3c25a
INFO: [Route 35-416] Intermediate Timing Summary | WNS=0.711  | TNS=0.000  | WHS=-0.019 | THS=-0.516 |
INFO: [Route 35-416] Intermediate Timing Summary | WNS=0.711  | TNS=0.000  | WHS=N/A    | THS=N/A    |
INFO: [Route 35-416] Intermediate Timing Summary | WNS=0.711  | TNS=0.000  | WHS=0.010  | THS=0.000  |
INFO: [Route 35-416] Intermediate Timing Summary | WNS=0.711  | TNS=0.000  | WHS=0.010  | THS=0.000  |
INFO: [Route 35-416] Intermediate Timing Summary | WNS=0.711  | TNS=0.000  | WHS=0.010  | THS=0.000  |
[2026-03-31T17:41:38+0000] [2x2_2clz] still running...
Phase 2.4 Update Timing | Checksum: 22c92ee28
INFO: [Route 35-416] Intermediate Timing Summary | WNS=0.711  | TNS=0.000  | WHS=-0.136 | THS=-410.934|
Phase 2.5 Update Timing for Bus Skew
Phase 2.5.1 Update Timing
Phase 2.5.1 Update Timing | Checksum: 22b7efc0f
INFO: [Route 35-416] Intermediate Timing Summary | WNS=0.711  | TNS=0.000  | WHS=-0.255 | THS=-115.436|
Phase 2.5 Update Timing for Bus Skew | Checksum: 298e3c25a
INFO: [Route 35-416] Intermediate Timing Summary | WNS=0.711  | TNS=0.000  | WHS=-0.019 | THS=-0.516 |
INFO: [Route 35-416] Intermediate Timing Summary | WNS=0.711  | TNS=0.000  | WHS=N/A    | THS=N/A    |
INFO: [Route 35-416] Intermediate Timing Summary | WNS=0.711  | TNS=0.000  | WHS=0.010  | THS=0.000  |
INFO: [Route 35-416] Intermediate Timing Summary | WNS=0.711  | TNS=0.000  | WHS=0.010  | THS=0.000  |
INFO: [Route 35-416] Intermediate Timing Summary | WNS=0.711  | TNS=0.000  | WHS=0.010  | THS=0.000  |
[2026-03-31T17:43:38+0000] [2x2_2clz] still running...
Phase 2.5 Update Timing for Bus Skew
Phase 2.5.1 Update Timing
Phase 2.5.1 Update Timing | Checksum: 22b7efc0f
INFO: [Route 35-416] Intermediate Timing Summary | WNS=0.711  | TNS=0.000  | WHS=-0.255 | THS=-115.436|
Phase 2.5 Update Timing for Bus Skew | Checksum: 298e3c25a
INFO: [Route 35-416] Intermediate Timing Summary | WNS=0.711  | TNS=0.000  | WHS=-0.019 | THS=-0.516 |
INFO: [Route 35-416] Intermediate Timing Summary | WNS=0.711  | TNS=0.000  | WHS=N/A    | THS=N/A    |
INFO: [Route 35-416] Intermediate Timing Summary | WNS=0.711  | TNS=0.000  | WHS=0.010  | THS=0.000  |
INFO: [Route 35-416] Intermediate Timing Summary | WNS=0.711  | TNS=0.000  | WHS=0.010  | THS=0.000  |
INFO: [Route 35-416] Intermediate Timing Summary | WNS=0.711  | TNS=0.000  | WHS=0.010  | THS=0.000  |
Phase 14 Post Router Timing
INFO: [Route 35-57] Estimated Timing Summary | WNS=0.711  | TNS=0.000  | WHS=0.010  | THS=0.000  |
[2026-03-31T17:45:38+0000] [2x2_2clz] still running...
INFO: [Route 35-416] Intermediate Timing Summary | WNS=0.711  | TNS=0.000  | WHS=0.010  | THS=0.000  |
INFO: [Route 35-416] Intermediate Timing Summary | WNS=0.711  | TNS=0.000  | WHS=0.010  | THS=0.000  |
INFO: [Route 35-416] Intermediate Timing Summary | WNS=0.711  | TNS=0.000  | WHS=0.010  | THS=0.000  |
Phase 14 Post Router Timing
INFO: [Route 35-57] Estimated Timing Summary | WNS=0.711  | TNS=0.000  | WHS=0.010  | THS=0.000  |
Phase 14 Post Router Timing | Checksum: 29ffc76a4
Total Elapsed time in route_design: 4988.08 secs
INFO: [Constraints 18-12546] INFO: Running DFX DRC before completing route_design
route_design completed successfully
route_design: Time (s): cpu = 01:25:06 ; elapsed = 01:25:08 . Memory (MB): peak = 13880.086 ; gain = 0.000 ; free physical = 14627 ; free virtual = 28094
## print "Writing post-route design checkpoint and report"
AWS FPGA: (17:45:32): Writing post-route design checkpoint and report
[2026-03-31T17:47:38+0000] [2x2_2clz] still running...
INFO: [Route 35-416] Intermediate Timing Summary | WNS=0.711  | TNS=0.000  | WHS=0.010  | THS=0.000  |
INFO: [Route 35-416] Intermediate Timing Summary | WNS=0.711  | TNS=0.000  | WHS=0.010  | THS=0.000  |
INFO: [Route 35-416] Intermediate Timing Summary | WNS=0.711  | TNS=0.000  | WHS=0.010  | THS=0.000  |
Phase 14 Post Router Timing
INFO: [Route 35-57] Estimated Timing Summary | WNS=0.711  | TNS=0.000  | WHS=0.010  | THS=0.000  |
Phase 14 Post Router Timing | Checksum: 29ffc76a4
Total Elapsed time in route_design: 4988.08 secs
INFO: [Constraints 18-12546] INFO: Running DFX DRC before completing route_design
route_design completed successfully
route_design: Time (s): cpu = 01:25:06 ; elapsed = 01:25:08 . Memory (MB): peak = 13880.086 ; gain = 0.000 ; free physical = 14627 ; free virtual = 28094
## print "Writing post-route design checkpoint and report"
AWS FPGA: (17:45:32): Writing post-route design checkpoint and report
[2026-03-31T17:49:38+0000] [2x2_2clz] still running...
INFO: [Route 35-416] Intermediate Timing Summary | WNS=0.711  | TNS=0.000  | WHS=0.010  | THS=0.000  |
INFO: [Route 35-416] Intermediate Timing Summary | WNS=0.711  | TNS=0.000  | WHS=0.010  | THS=0.000  |
INFO: [Route 35-416] Intermediate Timing Summary | WNS=0.711  | TNS=0.000  | WHS=0.010  | THS=0.000  |
Phase 14 Post Router Timing
INFO: [Route 35-57] Estimated Timing Summary | WNS=0.711  | TNS=0.000  | WHS=0.010  | THS=0.000  |
Phase 14 Post Router Timing | Checksum: 29ffc76a4
Total Elapsed time in route_design: 4988.08 secs
INFO: [Constraints 18-12546] INFO: Running DFX DRC before completing route_design
route_design completed successfully
route_design: Time (s): cpu = 01:25:06 ; elapsed = 01:25:08 . Memory (MB): peak = 13880.086 ; gain = 0.000 ; free physical = 14627 ; free virtual = 28094
## print "Writing post-route design checkpoint and report"
AWS FPGA: (17:45:32): Writing post-route design checkpoint and report
[2026-03-31T17:51:38+0000] [2x2_2clz] still running...
Phase 14 Post Router Timing | Checksum: 29ffc76a4
Total Elapsed time in route_design: 4988.08 secs
INFO: [Constraints 18-12546] INFO: Running DFX DRC before completing route_design
route_design completed successfully
route_design: Time (s): cpu = 01:25:06 ; elapsed = 01:25:08 . Memory (MB): peak = 13880.086 ; gain = 0.000 ; free physical = 14627 ; free virtual = 28094
## print "Writing post-route design checkpoint and report"
AWS FPGA: (17:45:32): Writing post-route design checkpoint and report
WARNING: [Timing 38-164] This design has multiple clocks. Inter clock paths are considered valid unless explicitly excluded by timing constraints such as set_clock_groups or set_false_path.
WARNING: [Timing 38-164] This design has multiple clocks. Inter clock paths are considered valid unless explicitly excluded by timing constraints such as set_clock_groups or set_false_path.
##     write_checkpoint -force ${checkpoints_dir}/${CL}.${TAG}.post_route.VIOLATED.dcp
##     write_checkpoint -force ${checkpoints_dir}/${CL}.${TAG}.post_route.dcp
INFO: [Timing 38-480] Writing timing data to binary archive.
[2026-03-31T17:53:38+0000] [2x2_2clz] still running...
WARNING: [Timing 38-164] This design has multiple clocks. Inter clock paths are considered valid unless explicitly excluded by timing constraints such as set_clock_groups or set_false_path.
WARNING: [Timing 38-164] This design has multiple clocks. Inter clock paths are considered valid unless explicitly excluded by timing constraints such as set_clock_groups or set_false_path.
##     write_checkpoint -force ${checkpoints_dir}/${CL}.${TAG}.post_route.VIOLATED.dcp
##     write_checkpoint -force ${checkpoints_dir}/${CL}.${TAG}.post_route.dcp
INFO: [Timing 38-480] Writing timing data to binary archive.
INFO: [Common 17-1381] The checkpoint '/home/ubuntu/src/project_data/SatSwarmV2/src/aws-fpga/hdk/cl/examples/cl_satswarm/build/checkpoints/cl_satswarm.2026_03_31-144138.post_route.dcp' has been generated.
write_checkpoint: Time (s): cpu = 00:01:07 ; elapsed = 00:01:09 . Memory (MB): peak = 13880.086 ; gain = 0.000 ; free physical = 14422 ; free virtual = 28064
INFO: [Timing 38-78] ReportTimingParams: -max_paths 10 -nworst 1 -delay_type max -sort_by group.
## write_debug_probes -no_partial_ltxfile -force ${checkpoints_dir}/${TAG}.debug_probes.ltx
## print "Finished building design checkpoints for customer design ${CL}"
AWS FPGA: (17:52:26): Finished building design checkpoints for customer design cl_satswarm
af5de0e5d344d2c6e001c5f1c7d9cf6fb04d339bdd082f830afe1b2e91061934  /home/ubuntu/src/project_data/SatSwarmV2/src/aws-fpga/hdk/cl/examples/cl_satswarm/build/checkpoints/cl_satswarm.2026_03_31-144138.post_route.dcp
Completed 1.0 MiB/173.8 MiB (12.5 MiB/s) with 1 file(s) remainingCompleted 2.0 MiB/173.8 MiB (20.6 MiB/s) with 1 file(s) remainingCompleted 3.0 MiB/173.8 MiB (30.0 MiB/s) with 1 file(s) remainingCompleted 4.0 MiB/173.8 MiB (39.5 MiB/s) with 1 file(s) remainingCompleted 5.0 MiB/173.8 MiB (48.8 MiB/s) with 1 file(s) remainingCompleted 6.0 MiB/173.8 MiB (57.1 MiB/s) with 1 file(s) remainingCompleted 7.0 MiB/173.8 MiB (64.5 MiB/s) with 1 file(s) remainingCompleted 8.0 MiB/173.8 MiB (71.2 MiB/s) with 1 file(s) remainingCompleted 9.0 MiB/173.8 MiB (70.4 MiB/s) with 1 file(s) remainingCompleted 10.0 MiB/173.8 MiB (77.1 MiB/s) with 1 file(s) remainingCompleted 11.0 MiB/173.8 MiB (83.9 MiB/s) with 1 file(s) remainingCompleted 12.0 MiB/173.8 MiB (91.3 MiB/s) with 1 file(s) remainingCompleted 13.0 MiB/173.8 MiB (96.7 MiB/s) with 1 file(s) remainingCompleted 14.0 MiB/173.8 MiB (102.9 MiB/s) with 1 file(s) remainingCompleted 15.0 MiB/173.8 MiB (109.9 MiB/s) with 1 file(s) remainingCompleted 16.0 MiB/173.8 MiB (114.6 MiB/s) with 1 file(s) remainingCompleted 17.0 MiB/173.8 MiB (121.7 MiB/s) with 1 file(s) remainingCompleted 18.0 MiB/173.8 MiB (107.5 MiB/s) with 1 file(s) remainingCompleted 19.0 MiB/173.8 MiB (112.0 MiB/s) with 1 file(s) remainingCompleted 20.0 MiB/173.8 MiB (116.4 MiB/s) with 1 file(s) remainingCompleted 21.0 MiB/173.8 MiB (121.3 MiB/s) with 1 file(s) remainingCompleted 22.0 MiB/173.8 MiB (126.4 MiB/s) with 1 file(s) remainingCompleted 23.0 MiB/173.8 MiB (131.8 MiB/s) with 1 file(s) remainingCompleted 24.0 MiB/173.8 MiB (136.4 MiB/s) with 1 file(s) remainingCompleted 25.0 MiB/173.8 MiB (141.2 MiB/s) with 1 file(s) remainingCompleted 26.0 MiB/173.8 MiB (146.2 MiB/s) with 1 file(s) remainingCompleted 27.0 MiB/173.8 MiB (150.9 MiB/s) with 1 file(s) remainingCompleted 28.0 MiB/173.8 MiB (155.7 MiB/s) with 1 file(s) remainingCompleted 29.0 MiB/173.8 MiB (161.2 MiB/s) with 1 file(s) remainingCompleted 30.0 MiB/173.8 MiB (165.7 MiB/s) with 1 file(s) remainingCompleted 31.0 MiB/173.8 MiB (170.3 MiB/s) with 1 file(s) remainingCompleted 32.0 MiB/173.8 MiB (174.5 MiB/s) with 1 file(s) remainingCompleted 33.0 MiB/173.8 MiB (179.9 MiB/s) with 1 file(s) remainingCompleted 34.0 MiB/173.8 MiB (185.3 MiB/s) with 1 file(s) remainingCompleted 35.0 MiB/173.8 MiB (190.3 MiB/s) with 1 file(s) remainingCompleted 36.0 MiB/173.8 MiB (193.7 MiB/s) with 1 file(s) remainingCompleted 37.0 MiB/173.8 MiB (198.1 MiB/s) with 1 file(s) remainingCompleted 38.0 MiB/173.8 MiB (203.4 MiB/s) with 1 file(s) remainingCompleted 39.0 MiB/173.8 MiB (208.6 MiB/s) with 1 file(s) remainingCompleted 40.0 MiB/173.8 MiB (210.8 MiB/s) with 1 file(s) remainingCompleted 41.0 MiB/173.8 MiB (216.0 MiB/s) with 1 file(s) remainingCompleted 42.0 MiB/173.8 MiB (218.9 MiB/s) with 1 file(s) remainingCompleted 43.0 MiB/173.8 MiB (224.0 MiB/s) with 1 file(s) remainingCompleted 44.0 MiB/173.8 MiB (228.1 MiB/s) with 1 file(s) remainingCompleted 45.0 MiB/173.8 MiB (233.2 MiB/s) with 1 file(s) remainingCompleted 46.0 MiB/173.8 MiB (237.7 MiB/s) with 1 file(s) remainingCompleted 47.0 MiB/173.8 MiB (240.4 MiB/s) with 1 file(s) remainingCompleted 48.0 MiB/173.8 MiB (245.5 MiB/s) with 1 file(s) remainingCompleted 49.0 MiB/173.8 MiB (250.5 MiB/s) with 1 file(s) remainingCompleted 50.0 MiB/173.8 MiB (253.4 MiB/s) with 1 file(s) remainingCompleted 51.0 MiB/173.8 MiB (257.6 MiB/s) with 1 file(s) remainingCompleted 52.0 MiB/173.8 MiB (261.8 MiB/s) with 1 file(s) remainingCompleted 53.0 MiB/173.8 MiB (265.5 MiB/s) with 1 file(s) remainingCompleted 54.0 MiB/173.8 MiB (268.1 MiB/s) with 1 file(s) remainingCompleted 55.0 MiB/173.8 MiB (273.0 MiB/s) with 1 file(s) remainingCompleted 56.0 MiB/173.8 MiB (277.3 MiB/s) with 1 file(s) remainingCompleted 57.0 MiB/173.8 MiB (280.3 MiB/s) with 1 file(s) remainingCompleted 58.0 MiB/173.8 MiB (284.6 MiB/s) with 1 file(s) remainingCompleted 59.0 MiB/173.8 MiB (289.2 MiB/s) with 1 file(s) remainingCompleted 60.0 MiB/173.8 MiB (292.7 MiB/s) with 1 file(s) remainingCompleted 61.0 MiB/173.8 MiB (297.4 MiB/s) with 1 file(s) remainingCompleted 62.0 MiB/173.8 MiB (301.0 MiB/s) with 1 file(s) remainingCompleted 63.0 MiB/173.8 MiB (303.7 MiB/s) with 1 file(s) remainingCompleted 64.0 MiB/173.8 MiB (306.3 MiB/s) with 1 file(s) remainingCompleted 65.0 MiB/173.8 MiB (308.0 MiB/s) with 1 file(s) remainingCompleted 66.0 MiB/173.8 MiB (312.7 MiB/s) with 1 file(s) remainingCompleted 67.0 MiB/173.8 MiB (315.2 MiB/s) with 1 file(s) remainingCompleted 68.0 MiB/173.8 MiB (317.2 MiB/s) with 1 file(s) remainingCompleted 69.0 MiB/173.8 MiB (320.5 MiB/s) with 1 file(s) remainingCompleted 70.0 MiB/173.8 MiB (323.1 MiB/s) with 1 file(s) remainingCompleted 71.0 MiB/173.8 MiB (325.9 MiB/s) with 1 file(s) remainingCompleted 72.0 MiB/173.8 MiB (329.5 MiB/s) with 1 file(s) remainingCompleted 73.0 MiB/173.8 MiB (328.4 MiB/s) with 1 file(s) remainingCompleted 74.0 MiB/173.8 MiB (317.5 MiB/s) with 1 file(s) remainingCompleted 75.0 MiB/173.8 MiB (318.2 MiB/s) with 1 file(s) remainingCompleted 76.0 MiB/173.8 MiB (320.5 MiB/s) with 1 file(s) remainingCompleted 77.0 MiB/173.8 MiB (323.3 MiB/s) with 1 file(s) remainingCompleted 78.0 MiB/173.8 MiB (323.1 MiB/s) with 1 file(s) remainingCompleted 79.0 MiB/173.8 MiB (321.9 MiB/s) with 1 file(s) remainingCompleted 80.0 MiB/173.8 MiB (324.6 MiB/s) with 1 file(s) remainingCompleted 81.0 MiB/173.8 MiB (293.2 MiB/s) with 1 file(s) remainingCompleted 82.0 MiB/173.8 MiB (294.5 MiB/s) with 1 file(s) remainingCompleted 83.0 MiB/173.8 MiB (296.5 MiB/s) with 1 file(s) remainingCompleted 84.0 MiB/173.8 MiB (295.0 MiB/s) with 1 file(s) remainingCompleted 85.0 MiB/173.8 MiB (296.3 MiB/s) with 1 file(s) remainingCompleted 86.0 MiB/173.8 MiB (298.3 MiB/s) with 1 file(s) remainingCompleted 87.0 MiB/173.8 MiB (300.3 MiB/s) with 1 file(s) remainingCompleted 88.0 MiB/173.8 MiB (295.8 MiB/s) with 1 file(s) remainingCompleted 89.0 MiB/173.8 MiB (297.8 MiB/s) with 1 file(s) remainingCompleted 90.0 MiB/173.8 MiB (299.9 MiB/s) with 1 file(s) remainingCompleted 91.0 MiB/173.8 MiB (301.7 MiB/s) with 1 file(s) remainingCompleted 92.0 MiB/173.8 MiB (303.2 MiB/s) with 1 file(s) remainingCompleted 93.0 MiB/173.8 MiB (293.8 MiB/s) with 1 file(s) remainingCompleted 94.0 MiB/173.8 MiB (294.9 MiB/s) with 1 file(s) remainingCompleted 95.0 MiB/173.8 MiB (298.0 MiB/s) with 1 file(s) remainingCompleted 96.0 MiB/173.8 MiB (298.1 MiB/s) with 1 file(s) remainingCompleted 97.0 MiB/173.8 MiB (300.4 MiB/s) with 1 file(s) remainingCompleted 98.0 MiB/173.8 MiB (302.2 MiB/s) with 1 file(s) remainingCompleted 99.0 MiB/173.8 MiB (304.7 MiB/s) with 1 file(s) remainingCompleted 100.0 MiB/173.8 MiB (306.3 MiB/s) with 1 file(s) remainingCompleted 101.0 MiB/173.8 MiB (308.6 MiB/s) with 1 file(s) remainingCompleted 102.0 MiB/173.8 MiB (311.1 MiB/s) with 1 file(s) remainingCompleted 103.0 MiB/173.8 MiB (313.1 MiB/s) with 1 file(s) remainingCompleted 104.0 MiB/173.8 MiB (315.3 MiB/s) with 1 file(s) remainingCompleted 105.0 MiB/173.8 MiB (318.0 MiB/s) with 1 file(s) remainingCompleted 106.0 MiB/173.8 MiB (319.7 MiB/s) with 1 file(s) remainingCompleted 107.0 MiB/173.8 MiB (316.7 MiB/s) with 1 file(s) remainingCompleted 108.0 MiB/173.8 MiB (318.2 MiB/s) with 1 file(s) remainingCompleted 109.0 MiB/173.8 MiB (319.9 MiB/s) with 1 file(s) remainingCompleted 110.0 MiB/173.8 MiB (320.1 MiB/s) with 1 file(s) remainingCompleted 111.0 MiB/173.8 MiB (322.7 MiB/s) with 1 file(s) remainingCompleted 112.0 MiB/173.8 MiB (324.3 MiB/s) with 1 file(s) remainingCompleted 113.0 MiB/173.8 MiB (326.4 MiB/s) with 1 file(s) remainingCompleted 114.0 MiB/173.8 MiB (328.1 MiB/s) with 1 file(s) remainingCompleted 115.0 MiB/173.8 MiB (330.0 MiB/s) with 1 file(s) remainingCompleted 116.0 MiB/173.8 MiB (331.5 MiB/s) with 1 file(s) remainingCompleted 117.0 MiB/173.8 MiB (323.6 MiB/s) with 1 file(s) remainingCompleted 118.0 MiB/173.8 MiB (324.4 MiB/s) with 1 file(s) remainingCompleted 119.0 MiB/173.8 MiB (325.1 MiB/s) with 1 file(s) remainingCompleted 120.0 MiB/173.8 MiB (325.7 MiB/s) with 1 file(s) remainingCompleted 121.0 MiB/173.8 MiB (295.8 MiB/s) with 1 file(s) remainingCompleted 122.0 MiB/173.8 MiB (298.2 MiB/s) with 1 file(s) remainingCompleted 123.0 MiB/173.8 MiB (298.6 MiB/s) with 1 file(s) remainingCompleted 124.0 MiB/173.8 MiB (300.3 MiB/s) with 1 file(s) remainingCompleted 125.0 MiB/173.8 MiB (302.0 MiB/s) with 1 file(s) remainingCompleted 126.0 MiB/173.8 MiB (303.8 MiB/s) with 1 file(s) remainingCompleted 127.0 MiB/173.8 MiB (305.5 MiB/s) with 1 file(s) remainingCompleted 128.0 MiB/173.8 MiB (304.3 MiB/s) with 1 file(s) remainingCompleted 129.0 MiB/173.8 MiB (305.2 MiB/s) with 1 file(s) remainingCompleted 130.0 MiB/173.8 MiB (306.5 MiB/s) with 1 file(s) remainingCompleted 131.0 MiB/173.8 MiB (307.9 MiB/s) with 1 file(s) remainingCompleted 132.0 MiB/173.8 MiB (309.5 MiB/s) with 1 file(s) remainingCompleted 133.0 MiB/173.8 MiB (311.0 MiB/s) with 1 file(s) remainingCompleted 134.0 MiB/173.8 MiB (313.1 MiB/s) with 1 file(s) remainingCompleted 135.0 MiB/173.8 MiB (314.8 MiB/s) with 1 file(s) remainingCompleted 136.0 MiB/173.8 MiB (316.8 MiB/s) with 1 file(s) remainingCompleted 137.0 MiB/173.8 MiB (316.3 MiB/s) with 1 file(s) remainingCompleted 138.0 MiB/173.8 MiB (317.5 MiB/s) with 1 file(s) remainingCompleted 139.0 MiB/173.8 MiB (319.0 MiB/s) with 1 file(s) remainingCompleted 140.0 MiB/173.8 MiB (320.6 MiB/s) with 1 file(s) remainingCompleted 141.0 MiB/173.8 MiB (322.3 MiB/s) with 1 file(s) remainingCompleted 142.0 MiB/173.8 MiB (324.0 MiB/s) with 1 file(s) remainingCompleted 143.0 MiB/173.8 MiB (325.7 MiB/s) with 1 file(s) remainingCompleted 144.0 MiB/173.8 MiB (322.4 MiB/s) with 1 file(s) remainingCompleted 145.0 MiB/173.8 MiB (324.5 MiB/s) with 1 file(s) remainingCompleted 146.0 MiB/173.8 MiB (324.0 MiB/s) with 1 file(s) remainingCompleted 147.0 MiB/173.8 MiB (326.1 MiB/s) with 1 file(s) remainingCompleted 148.0 MiB/173.8 MiB (327.5 MiB/s) with 1 file(s) remainingCompleted 149.0 MiB/173.8 MiB (329.2 MiB/s) with 1 file(s) remainingCompleted 150.0 MiB/173.8 MiB (331.1 MiB/s) with 1 file(s) remainingCompleted 151.0 MiB/173.8 MiB (332.6 MiB/s) with 1 file(s) remainingCompleted 152.0 MiB/173.8 MiB (334.5 MiB/s) with 1 file(s) remainingCompleted 153.0 MiB/173.8 MiB (336.1 MiB/s) with 1 file(s) remainingCompleted 154.0 MiB/173.8 MiB (338.0 MiB/s) with 1 file(s) remainingCompleted 155.0 MiB/173.8 MiB (339.6 MiB/s) with 1 file(s) remainingCompleted 156.0 MiB/173.8 MiB (341.7 MiB/s) with 1 file(s) remainingCompleted 157.0 MiB/173.8 MiB (342.8 MiB/s) with 1 file(s) remainingCompleted 158.0 MiB/173.8 MiB (344.3 MiB/s) with 1 file(s) remainingCompleted 159.0 MiB/173.8 MiB (344.8 MiB/s) with 1 file(s) remainingCompleted 160.0 MiB/173.8 MiB (346.4 MiB/s) with 1 file(s) remainingCompleted 161.0 MiB/173.8 MiB (347.7 MiB/s) with 1 file(s) remainingCompleted 162.0 MiB/173.8 MiB (349.8 MiB/s) with 1 file(s) remainingCompleted 163.0 MiB/173.8 MiB (349.5 MiB/s) with 1 file(s) remainingCompleted 164.0 MiB/173.8 MiB (350.7 MiB/s) with 1 file(s) remainingCompleted 165.0 MiB/173.8 MiB (351.2 MiB/s) with 1 file(s) remainingCompleted 166.0 MiB/173.8 MiB (351.0 MiB/s) with 1 file(s) remainingCompleted 167.0 MiB/173.8 MiB (352.8 MiB/s) with 1 file(s) remainingCompleted 168.0 MiB/173.8 MiB (353.8 MiB/s) with 1 file(s) remainingCompleted 169.0 MiB/173.8 MiB (355.4 MiB/s) with 1 file(s) remainingCompleted 170.0 MiB/173.8 MiB (356.4 MiB/s) with 1 file(s) remainingCompleted 171.0 MiB/173.8 MiB (358.0 MiB/s) with 1 file(s) remainingCompleted 172.0 MiB/173.8 MiB (359.6 MiB/s) with 1 file(s) remainingCompleted 173.0 MiB/173.8 MiB (353.2 MiB/s) with 1 file(s) remainingCompleted 173.8 MiB/173.8 MiB (351.1 MiB/s) with 1 file(s) remainingupload: ../src/aws-fpga/hdk/cl/examples/cl_satswarm/build/checkpoints/2026_03_31-144138.Developer_CL.tar to s3://satswarm-v2-afi-624824941978/dcp/2026_03_31-144138.Developer_CL.tar
=== [2x2_2clz] ok ===
log: /home/ubuntu/src/project_data/SatSwarmV2/deploy/logs/grid_sharing_20260331_144138/build_2x2_2clz_20260331_144138.log
latest tar: /home/ubuntu/src/project_data/SatSwarmV2/src/aws-fpga/hdk/cl/examples/cl_satswarm/build/checkpoints/2026_03_31-144138.Developer_CL.tar
afi submitted: afi-07e84cf377a21810e (agfi-0e32325155d52e9a2)
afi json: /home/ubuntu/src/project_data/SatSwarmV2/deploy/logs/grid_sharing_20260331_144138/afi_create_2x2_2clz_20260331_144138.json

=== [3x3_2clz] apply params ===
--- Current parameter snapshot ---
cl_satswarm: 23:    parameter int GRID_X               = 3,
cl_satswarm: 24:    parameter int GRID_Y               = 3,
cl_satswarm: 26:    parameter int MAX_CLAUSES_PER_CORE = 2048,
cl_satswarm: 27:    parameter int MAX_LITS             = 8192
bridge: 19:    parameter int GRID_X              = 3,
bridge: 20:    parameter int GRID_Y              = 3,
bridge: 22:    parameter int MAX_CLAUSES_PER_CORE= 2048,
bridge: 23:    parameter int MAX_LITS            = 8192
satswarm_top: 3:    parameter int GRID_X = 3,
satswarm_top: 4:    parameter int GRID_Y = 3,
satswarm_top: 6:    parameter int MAX_CLAUSES_PER_CORE = 2048,
satswarm_top: 7:    parameter int MAX_LITS = 8192,
satswarm_top: 9:    parameter int CLAUSE_SHARING_MODE = 1,
satswarm_top: 10:    parameter int SHARE_MAX_LEN = 2
satswarm_top: 205:                    .CLAUSE_SHARING_MODE(CLAUSE_SHARING_MODE),
satswarm_top: 206:                    .SHARE_MAX_LEN(SHARE_MAX_LEN)
pkg: 15:  parameter int GRID_X         = 3;    // 1x1 grid
pkg: 16:  parameter int GRID_Y         = 3;
mesh: 4:    parameter int GRID_X = 3,
mesh: 5:    parameter int GRID_Y = 3
=== [3x3_2clz] launch BuildAll (speed-focused directives) ===
[3x3_2clz] pid=42829 log=/home/ubuntu/src/project_data/SatSwarmV2/deploy/logs/grid_sharing_20260331_144138/build_3x3_2clz_20260331_175343.log
[2026-03-31T17:55:43+0000] [3x3_2clz] still running...
CRITICAL WARNING: [Designutils 20-1280] Could not find module 'clk_mmcm_hbm'. The XDC file /home/ubuntu/src/project_data/SatSwarmV2/src/aws-fpga/hdk/common/ip/cl_ip/cl_ip.gen/sources_1/ip/clk_mmcm_hbm/clk_mmcm_hbm_board.xdc will not be read for any cell of this module.
CRITICAL WARNING: [Designutils 20-1280] Could not find module 'clk_mmcm_hbm'. The XDC file /home/ubuntu/src/project_data/SatSwarmV2/src/aws-fpga/hdk/common/ip/cl_ip/cl_ip.gen/sources_1/ip/clk_mmcm_hbm/clk_mmcm_hbm.xdc will not be read for any cell of this module.
INFO: [Timing 38-2] Deriving generated clocks
CRITICAL WARNING: [Designutils 20-1280] Could not find module 'cl_ddr4'. The XDC file /home/ubuntu/src/project_data/SatSwarmV2/src/aws-fpga/hdk/common/ip/cl_ip/cl_ip.gen/sources_1/ip/cl_ddr4/cl_ddr4_board.xdc will not be read for any cell of this module.
CRITICAL WARNING: [Designutils 20-1280] Could not find module 'clk_mmcm_a'. The XDC file /home/ubuntu/src/project_data/SatSwarmV2/src/aws-fpga/hdk/common/ip/cl_ip/cl_ip.gen/sources_1/ip/clk_mmcm_a/clk_mmcm_a_late.xdc will not be read for any cell of this module.
CRITICAL WARNING: [Designutils 20-1280] Could not find module 'clk_mmcm_b'. The XDC file /home/ubuntu/src/project_data/SatSwarmV2/src/aws-fpga/hdk/common/ip/cl_ip/cl_ip.gen/sources_1/ip/clk_mmcm_b/clk_mmcm_b_late.xdc will not be read for any cell of this module.
CRITICAL WARNING: [Designutils 20-1280] Could not find module 'clk_mmcm_c'. The XDC file /home/ubuntu/src/project_data/SatSwarmV2/src/aws-fpga/hdk/common/ip/cl_ip/cl_ip.gen/sources_1/ip/clk_mmcm_c/clk_mmcm_c_late.xdc will not be read for any cell of this module.
CRITICAL WARNING: [Designutils 20-1280] Could not find module 'clk_mmcm_hbm'. The XDC file /home/ubuntu/src/project_data/SatSwarmV2/src/aws-fpga/hdk/common/ip/cl_ip/cl_ip.gen/sources_1/ip/clk_mmcm_hbm/clk_mmcm_hbm_late.xdc will not be read for any cell of this module.
CRITICAL WARNING: [Designutils 20-1280] Could not find module 'axi_register_slice'. The XDC file /home/ubuntu/src/project_data/SatSwarmV2/src/aws-fpga/hdk/common/ip/cl_ip/cl_ip.gen/sources_1/ip/axi_register_slice/axi_register_slice_clocks.xdc will not be read for any cell of this module.
CRITICAL WARNING: [Designutils 20-1280] Could not find module 'axi_register_slice_light'. The XDC file /home/ubuntu/src/project_data/SatSwarmV2/src/aws-fpga/hdk/common/ip/cl_ip/cl_ip.gen/sources_1/ip/axi_register_slice_light/axi_register_slice_light_clocks.xdc will not be read for any cell of this module.
CRITICAL WARNING: [Designutils 20-1280] Could not find module 'cl_axi3_256b_reg_slice'. The XDC file /home/ubuntu/src/project_data/SatSwarmV2/src/aws-fpga/hdk/common/ip/cl_ip/cl_ip.gen/sources_1/ip/cl_axi3_256b_reg_slice/cl_axi3_256b_reg_slice_clocks.xdc will not be read for any cell of this module.
CRITICAL WARNING: [Designutils 20-1280] Could not find module 'cl_axi_register_slice'. The XDC file /home/ubuntu/src/project_data/SatSwarmV2/src/aws-fpga/hdk/common/ip/cl_ip/cl_ip.gen/sources_1/ip/cl_axi_register_slice/cl_axi_register_slice_clocks.xdc will not be read for any cell of this module.
[2026-03-31T17:57:43+0000] [3x3_2clz] still running...
INFO: [Timing 38-2] Deriving generated clocks
CRITICAL WARNING: [Designutils 20-1280] Could not find module 'cl_ddr4'. The XDC file /home/ubuntu/src/project_data/SatSwarmV2/src/aws-fpga/hdk/common/ip/cl_ip/cl_ip.gen/sources_1/ip/cl_ddr4/cl_ddr4_board.xdc will not be read for any cell of this module.
CRITICAL WARNING: [Designutils 20-1280] Could not find module 'clk_mmcm_a'. The XDC file /home/ubuntu/src/project_data/SatSwarmV2/src/aws-fpga/hdk/common/ip/cl_ip/cl_ip.gen/sources_1/ip/clk_mmcm_a/clk_mmcm_a_late.xdc will not be read for any cell of this module.
CRITICAL WARNING: [Designutils 20-1280] Could not find module 'clk_mmcm_b'. The XDC file /home/ubuntu/src/project_data/SatSwarmV2/src/aws-fpga/hdk/common/ip/cl_ip/cl_ip.gen/sources_1/ip/clk_mmcm_b/clk_mmcm_b_late.xdc will not be read for any cell of this module.
CRITICAL WARNING: [Designutils 20-1280] Could not find module 'clk_mmcm_c'. The XDC file /home/ubuntu/src/project_data/SatSwarmV2/src/aws-fpga/hdk/common/ip/cl_ip/cl_ip.gen/sources_1/ip/clk_mmcm_c/clk_mmcm_c_late.xdc will not be read for any cell of this module.
CRITICAL WARNING: [Designutils 20-1280] Could not find module 'clk_mmcm_hbm'. The XDC file /home/ubuntu/src/project_data/SatSwarmV2/src/aws-fpga/hdk/common/ip/cl_ip/cl_ip.gen/sources_1/ip/clk_mmcm_hbm/clk_mmcm_hbm_late.xdc will not be read for any cell of this module.
CRITICAL WARNING: [Designutils 20-1280] Could not find module 'axi_register_slice'. The XDC file /home/ubuntu/src/project_data/SatSwarmV2/src/aws-fpga/hdk/common/ip/cl_ip/cl_ip.gen/sources_1/ip/axi_register_slice/axi_register_slice_clocks.xdc will not be read for any cell of this module.
CRITICAL WARNING: [Designutils 20-1280] Could not find module 'axi_register_slice_light'. The XDC file /home/ubuntu/src/project_data/SatSwarmV2/src/aws-fpga/hdk/common/ip/cl_ip/cl_ip.gen/sources_1/ip/axi_register_slice_light/axi_register_slice_light_clocks.xdc will not be read for any cell of this module.
CRITICAL WARNING: [Designutils 20-1280] Could not find module 'cl_axi3_256b_reg_slice'. The XDC file /home/ubuntu/src/project_data/SatSwarmV2/src/aws-fpga/hdk/common/ip/cl_ip/cl_ip.gen/sources_1/ip/cl_axi3_256b_reg_slice/cl_axi3_256b_reg_slice_clocks.xdc will not be read for any cell of this module.
CRITICAL WARNING: [Designutils 20-1280] Could not find module 'cl_axi_register_slice'. The XDC file /home/ubuntu/src/project_data/SatSwarmV2/src/aws-fpga/hdk/common/ip/cl_ip/cl_ip.gen/sources_1/ip/cl_axi_register_slice/cl_axi_register_slice_clocks.xdc will not be read for any cell of this module.
Start Loading Part and Timing Information
Finished Loading Part and Timing Information : Time (s): cpu = 00:01:41 ; elapsed = 00:01:44 . Memory (MB): peak = 5385.344 ; gain = 2445.309 ; free physical = 20385 ; free virtual = 35137
[2026-03-31T17:59:43+0000] [3x3_2clz] still running...
INFO: [Timing 38-2] Deriving generated clocks
CRITICAL WARNING: [Designutils 20-1280] Could not find module 'cl_ddr4'. The XDC file /home/ubuntu/src/project_data/SatSwarmV2/src/aws-fpga/hdk/common/ip/cl_ip/cl_ip.gen/sources_1/ip/cl_ddr4/cl_ddr4_board.xdc will not be read for any cell of this module.
CRITICAL WARNING: [Designutils 20-1280] Could not find module 'clk_mmcm_a'. The XDC file /home/ubuntu/src/project_data/SatSwarmV2/src/aws-fpga/hdk/common/ip/cl_ip/cl_ip.gen/sources_1/ip/clk_mmcm_a/clk_mmcm_a_late.xdc will not be read for any cell of this module.
CRITICAL WARNING: [Designutils 20-1280] Could not find module 'clk_mmcm_b'. The XDC file /home/ubuntu/src/project_data/SatSwarmV2/src/aws-fpga/hdk/common/ip/cl_ip/cl_ip.gen/sources_1/ip/clk_mmcm_b/clk_mmcm_b_late.xdc will not be read for any cell of this module.
CRITICAL WARNING: [Designutils 20-1280] Could not find module 'clk_mmcm_c'. The XDC file /home/ubuntu/src/project_data/SatSwarmV2/src/aws-fpga/hdk/common/ip/cl_ip/cl_ip.gen/sources_1/ip/clk_mmcm_c/clk_mmcm_c_late.xdc will not be read for any cell of this module.
CRITICAL WARNING: [Designutils 20-1280] Could not find module 'clk_mmcm_hbm'. The XDC file /home/ubuntu/src/project_data/SatSwarmV2/src/aws-fpga/hdk/common/ip/cl_ip/cl_ip.gen/sources_1/ip/clk_mmcm_hbm/clk_mmcm_hbm_late.xdc will not be read for any cell of this module.
CRITICAL WARNING: [Designutils 20-1280] Could not find module 'axi_register_slice'. The XDC file /home/ubuntu/src/project_data/SatSwarmV2/src/aws-fpga/hdk/common/ip/cl_ip/cl_ip.gen/sources_1/ip/axi_register_slice/axi_register_slice_clocks.xdc will not be read for any cell of this module.
CRITICAL WARNING: [Designutils 20-1280] Could not find module 'axi_register_slice_light'. The XDC file /home/ubuntu/src/project_data/SatSwarmV2/src/aws-fpga/hdk/common/ip/cl_ip/cl_ip.gen/sources_1/ip/axi_register_slice_light/axi_register_slice_light_clocks.xdc will not be read for any cell of this module.
CRITICAL WARNING: [Designutils 20-1280] Could not find module 'cl_axi3_256b_reg_slice'. The XDC file /home/ubuntu/src/project_data/SatSwarmV2/src/aws-fpga/hdk/common/ip/cl_ip/cl_ip.gen/sources_1/ip/cl_axi3_256b_reg_slice/cl_axi3_256b_reg_slice_clocks.xdc will not be read for any cell of this module.
CRITICAL WARNING: [Designutils 20-1280] Could not find module 'cl_axi_register_slice'. The XDC file /home/ubuntu/src/project_data/SatSwarmV2/src/aws-fpga/hdk/common/ip/cl_ip/cl_ip.gen/sources_1/ip/cl_axi_register_slice/cl_axi_register_slice_clocks.xdc will not be read for any cell of this module.
Start Loading Part and Timing Information
Finished Loading Part and Timing Information : Time (s): cpu = 00:01:41 ; elapsed = 00:01:44 . Memory (MB): peak = 5385.344 ; gain = 2445.309 ; free physical = 20385 ; free virtual = 35137
[2026-03-31T18:01:43+0000] [3x3_2clz] still running...
CRITICAL WARNING: [Designutils 20-1280] Could not find module 'clk_mmcm_a'. The XDC file /home/ubuntu/src/project_data/SatSwarmV2/src/aws-fpga/hdk/common/ip/cl_ip/cl_ip.gen/sources_1/ip/clk_mmcm_a/clk_mmcm_a_late.xdc will not be read for any cell of this module.
CRITICAL WARNING: [Designutils 20-1280] Could not find module 'clk_mmcm_b'. The XDC file /home/ubuntu/src/project_data/SatSwarmV2/src/aws-fpga/hdk/common/ip/cl_ip/cl_ip.gen/sources_1/ip/clk_mmcm_b/clk_mmcm_b_late.xdc will not be read for any cell of this module.
CRITICAL WARNING: [Designutils 20-1280] Could not find module 'clk_mmcm_c'. The XDC file /home/ubuntu/src/project_data/SatSwarmV2/src/aws-fpga/hdk/common/ip/cl_ip/cl_ip.gen/sources_1/ip/clk_mmcm_c/clk_mmcm_c_late.xdc will not be read for any cell of this module.
CRITICAL WARNING: [Designutils 20-1280] Could not find module 'clk_mmcm_hbm'. The XDC file /home/ubuntu/src/project_data/SatSwarmV2/src/aws-fpga/hdk/common/ip/cl_ip/cl_ip.gen/sources_1/ip/clk_mmcm_hbm/clk_mmcm_hbm_late.xdc will not be read for any cell of this module.
CRITICAL WARNING: [Designutils 20-1280] Could not find module 'axi_register_slice'. The XDC file /home/ubuntu/src/project_data/SatSwarmV2/src/aws-fpga/hdk/common/ip/cl_ip/cl_ip.gen/sources_1/ip/axi_register_slice/axi_register_slice_clocks.xdc will not be read for any cell of this module.
CRITICAL WARNING: [Designutils 20-1280] Could not find module 'axi_register_slice_light'. The XDC file /home/ubuntu/src/project_data/SatSwarmV2/src/aws-fpga/hdk/common/ip/cl_ip/cl_ip.gen/sources_1/ip/axi_register_slice_light/axi_register_slice_light_clocks.xdc will not be read for any cell of this module.
CRITICAL WARNING: [Designutils 20-1280] Could not find module 'cl_axi3_256b_reg_slice'. The XDC file /home/ubuntu/src/project_data/SatSwarmV2/src/aws-fpga/hdk/common/ip/cl_ip/cl_ip.gen/sources_1/ip/cl_axi3_256b_reg_slice/cl_axi3_256b_reg_slice_clocks.xdc will not be read for any cell of this module.
CRITICAL WARNING: [Designutils 20-1280] Could not find module 'cl_axi_register_slice'. The XDC file /home/ubuntu/src/project_data/SatSwarmV2/src/aws-fpga/hdk/common/ip/cl_ip/cl_ip.gen/sources_1/ip/cl_axi_register_slice/cl_axi_register_slice_clocks.xdc will not be read for any cell of this module.
Start Loading Part and Timing Information
Finished Loading Part and Timing Information : Time (s): cpu = 00:01:41 ; elapsed = 00:01:44 . Memory (MB): peak = 5385.344 ; gain = 2445.309 ; free physical = 20385 ; free virtual = 35137
Start Applying XDC Timing Constraints
Finished Applying XDC Timing Constraints : Time (s): cpu = 00:05:39 ; elapsed = 00:06:15 . Memory (MB): peak = 5417.129 ; gain = 2477.094 ; free physical = 18626 ; free virtual = 33408
[2026-03-31T18:03:43+0000] [3x3_2clz] still running...
CRITICAL WARNING: [Designutils 20-1280] Could not find module 'clk_mmcm_a'. The XDC file /home/ubuntu/src/project_data/SatSwarmV2/src/aws-fpga/hdk/common/ip/cl_ip/cl_ip.gen/sources_1/ip/clk_mmcm_a/clk_mmcm_a_late.xdc will not be read for any cell of this module.
CRITICAL WARNING: [Designutils 20-1280] Could not find module 'clk_mmcm_b'. The XDC file /home/ubuntu/src/project_data/SatSwarmV2/src/aws-fpga/hdk/common/ip/cl_ip/cl_ip.gen/sources_1/ip/clk_mmcm_b/clk_mmcm_b_late.xdc will not be read for any cell of this module.
CRITICAL WARNING: [Designutils 20-1280] Could not find module 'clk_mmcm_c'. The XDC file /home/ubuntu/src/project_data/SatSwarmV2/src/aws-fpga/hdk/common/ip/cl_ip/cl_ip.gen/sources_1/ip/clk_mmcm_c/clk_mmcm_c_late.xdc will not be read for any cell of this module.
CRITICAL WARNING: [Designutils 20-1280] Could not find module 'clk_mmcm_hbm'. The XDC file /home/ubuntu/src/project_data/SatSwarmV2/src/aws-fpga/hdk/common/ip/cl_ip/cl_ip.gen/sources_1/ip/clk_mmcm_hbm/clk_mmcm_hbm_late.xdc will not be read for any cell of this module.
CRITICAL WARNING: [Designutils 20-1280] Could not find module 'axi_register_slice'. The XDC file /home/ubuntu/src/project_data/SatSwarmV2/src/aws-fpga/hdk/common/ip/cl_ip/cl_ip.gen/sources_1/ip/axi_register_slice/axi_register_slice_clocks.xdc will not be read for any cell of this module.
CRITICAL WARNING: [Designutils 20-1280] Could not find module 'axi_register_slice_light'. The XDC file /home/ubuntu/src/project_data/SatSwarmV2/src/aws-fpga/hdk/common/ip/cl_ip/cl_ip.gen/sources_1/ip/axi_register_slice_light/axi_register_slice_light_clocks.xdc will not be read for any cell of this module.
CRITICAL WARNING: [Designutils 20-1280] Could not find module 'cl_axi3_256b_reg_slice'. The XDC file /home/ubuntu/src/project_data/SatSwarmV2/src/aws-fpga/hdk/common/ip/cl_ip/cl_ip.gen/sources_1/ip/cl_axi3_256b_reg_slice/cl_axi3_256b_reg_slice_clocks.xdc will not be read for any cell of this module.
CRITICAL WARNING: [Designutils 20-1280] Could not find module 'cl_axi_register_slice'. The XDC file /home/ubuntu/src/project_data/SatSwarmV2/src/aws-fpga/hdk/common/ip/cl_ip/cl_ip.gen/sources_1/ip/cl_axi_register_slice/cl_axi_register_slice_clocks.xdc will not be read for any cell of this module.
Start Loading Part and Timing Information
Finished Loading Part and Timing Information : Time (s): cpu = 00:01:41 ; elapsed = 00:01:44 . Memory (MB): peak = 5385.344 ; gain = 2445.309 ; free physical = 20385 ; free virtual = 35137
Start Applying XDC Timing Constraints
Finished Applying XDC Timing Constraints : Time (s): cpu = 00:05:39 ; elapsed = 00:06:15 . Memory (MB): peak = 5417.129 ; gain = 2477.094 ; free physical = 18626 ; free virtual = 33408
[2026-03-31T18:05:43+0000] [3x3_2clz] still running...
CRITICAL WARNING: [Designutils 20-1280] Could not find module 'clk_mmcm_a'. The XDC file /home/ubuntu/src/project_data/SatSwarmV2/src/aws-fpga/hdk/common/ip/cl_ip/cl_ip.gen/sources_1/ip/clk_mmcm_a/clk_mmcm_a_late.xdc will not be read for any cell of this module.
CRITICAL WARNING: [Designutils 20-1280] Could not find module 'clk_mmcm_b'. The XDC file /home/ubuntu/src/project_data/SatSwarmV2/src/aws-fpga/hdk/common/ip/cl_ip/cl_ip.gen/sources_1/ip/clk_mmcm_b/clk_mmcm_b_late.xdc will not be read for any cell of this module.
CRITICAL WARNING: [Designutils 20-1280] Could not find module 'clk_mmcm_c'. The XDC file /home/ubuntu/src/project_data/SatSwarmV2/src/aws-fpga/hdk/common/ip/cl_ip/cl_ip.gen/sources_1/ip/clk_mmcm_c/clk_mmcm_c_late.xdc will not be read for any cell of this module.
CRITICAL WARNING: [Designutils 20-1280] Could not find module 'clk_mmcm_hbm'. The XDC file /home/ubuntu/src/project_data/SatSwarmV2/src/aws-fpga/hdk/common/ip/cl_ip/cl_ip.gen/sources_1/ip/clk_mmcm_hbm/clk_mmcm_hbm_late.xdc will not be read for any cell of this module.
CRITICAL WARNING: [Designutils 20-1280] Could not find module 'axi_register_slice'. The XDC file /home/ubuntu/src/project_data/SatSwarmV2/src/aws-fpga/hdk/common/ip/cl_ip/cl_ip.gen/sources_1/ip/axi_register_slice/axi_register_slice_clocks.xdc will not be read for any cell of this module.
CRITICAL WARNING: [Designutils 20-1280] Could not find module 'axi_register_slice_light'. The XDC file /home/ubuntu/src/project_data/SatSwarmV2/src/aws-fpga/hdk/common/ip/cl_ip/cl_ip.gen/sources_1/ip/axi_register_slice_light/axi_register_slice_light_clocks.xdc will not be read for any cell of this module.
CRITICAL WARNING: [Designutils 20-1280] Could not find module 'cl_axi3_256b_reg_slice'. The XDC file /home/ubuntu/src/project_data/SatSwarmV2/src/aws-fpga/hdk/common/ip/cl_ip/cl_ip.gen/sources_1/ip/cl_axi3_256b_reg_slice/cl_axi3_256b_reg_slice_clocks.xdc will not be read for any cell of this module.
CRITICAL WARNING: [Designutils 20-1280] Could not find module 'cl_axi_register_slice'. The XDC file /home/ubuntu/src/project_data/SatSwarmV2/src/aws-fpga/hdk/common/ip/cl_ip/cl_ip.gen/sources_1/ip/cl_axi_register_slice/cl_axi_register_slice_clocks.xdc will not be read for any cell of this module.
Start Loading Part and Timing Information
Finished Loading Part and Timing Information : Time (s): cpu = 00:01:41 ; elapsed = 00:01:44 . Memory (MB): peak = 5385.344 ; gain = 2445.309 ; free physical = 20385 ; free virtual = 35137
Start Applying XDC Timing Constraints
Finished Applying XDC Timing Constraints : Time (s): cpu = 00:05:39 ; elapsed = 00:06:15 . Memory (MB): peak = 5417.129 ; gain = 2477.094 ; free physical = 18626 ; free virtual = 33408
[2026-03-31T18:07:43+0000] [3x3_2clz] still running...
CRITICAL WARNING: [Designutils 20-1280] Could not find module 'clk_mmcm_a'. The XDC file /home/ubuntu/src/project_data/SatSwarmV2/src/aws-fpga/hdk/common/ip/cl_ip/cl_ip.gen/sources_1/ip/clk_mmcm_a/clk_mmcm_a_late.xdc will not be read for any cell of this module.
CRITICAL WARNING: [Designutils 20-1280] Could not find module 'clk_mmcm_b'. The XDC file /home/ubuntu/src/project_data/SatSwarmV2/src/aws-fpga/hdk/common/ip/cl_ip/cl_ip.gen/sources_1/ip/clk_mmcm_b/clk_mmcm_b_late.xdc will not be read for any cell of this module.
CRITICAL WARNING: [Designutils 20-1280] Could not find module 'clk_mmcm_c'. The XDC file /home/ubuntu/src/project_data/SatSwarmV2/src/aws-fpga/hdk/common/ip/cl_ip/cl_ip.gen/sources_1/ip/clk_mmcm_c/clk_mmcm_c_late.xdc will not be read for any cell of this module.
CRITICAL WARNING: [Designutils 20-1280] Could not find module 'clk_mmcm_hbm'. The XDC file /home/ubuntu/src/project_data/SatSwarmV2/src/aws-fpga/hdk/common/ip/cl_ip/cl_ip.gen/sources_1/ip/clk_mmcm_hbm/clk_mmcm_hbm_late.xdc will not be read for any cell of this module.
CRITICAL WARNING: [Designutils 20-1280] Could not find module 'axi_register_slice'. The XDC file /home/ubuntu/src/project_data/SatSwarmV2/src/aws-fpga/hdk/common/ip/cl_ip/cl_ip.gen/sources_1/ip/axi_register_slice/axi_register_slice_clocks.xdc will not be read for any cell of this module.
CRITICAL WARNING: [Designutils 20-1280] Could not find module 'axi_register_slice_light'. The XDC file /home/ubuntu/src/project_data/SatSwarmV2/src/aws-fpga/hdk/common/ip/cl_ip/cl_ip.gen/sources_1/ip/axi_register_slice_light/axi_register_slice_light_clocks.xdc will not be read for any cell of this module.
CRITICAL WARNING: [Designutils 20-1280] Could not find module 'cl_axi3_256b_reg_slice'. The XDC file /home/ubuntu/src/project_data/SatSwarmV2/src/aws-fpga/hdk/common/ip/cl_ip/cl_ip.gen/sources_1/ip/cl_axi3_256b_reg_slice/cl_axi3_256b_reg_slice_clocks.xdc will not be read for any cell of this module.
CRITICAL WARNING: [Designutils 20-1280] Could not find module 'cl_axi_register_slice'. The XDC file /home/ubuntu/src/project_data/SatSwarmV2/src/aws-fpga/hdk/common/ip/cl_ip/cl_ip.gen/sources_1/ip/cl_axi_register_slice/cl_axi_register_slice_clocks.xdc will not be read for any cell of this module.
Start Loading Part and Timing Information
Finished Loading Part and Timing Information : Time (s): cpu = 00:01:41 ; elapsed = 00:01:44 . Memory (MB): peak = 5385.344 ; gain = 2445.309 ; free physical = 20385 ; free virtual = 35137
Start Applying XDC Timing Constraints
Finished Applying XDC Timing Constraints : Time (s): cpu = 00:05:39 ; elapsed = 00:06:15 . Memory (MB): peak = 5417.129 ; gain = 2477.094 ; free physical = 18626 ; free virtual = 33408
[2026-03-31T18:09:43+0000] [3x3_2clz] still running...
CRITICAL WARNING: [Designutils 20-1280] Could not find module 'clk_mmcm_a'. The XDC file /home/ubuntu/src/project_data/SatSwarmV2/src/aws-fpga/hdk/common/ip/cl_ip/cl_ip.gen/sources_1/ip/clk_mmcm_a/clk_mmcm_a_late.xdc will not be read for any cell of this module.
CRITICAL WARNING: [Designutils 20-1280] Could not find module 'clk_mmcm_b'. The XDC file /home/ubuntu/src/project_data/SatSwarmV2/src/aws-fpga/hdk/common/ip/cl_ip/cl_ip.gen/sources_1/ip/clk_mmcm_b/clk_mmcm_b_late.xdc will not be read for any cell of this module.
CRITICAL WARNING: [Designutils 20-1280] Could not find module 'clk_mmcm_c'. The XDC file /home/ubuntu/src/project_data/SatSwarmV2/src/aws-fpga/hdk/common/ip/cl_ip/cl_ip.gen/sources_1/ip/clk_mmcm_c/clk_mmcm_c_late.xdc will not be read for any cell of this module.
CRITICAL WARNING: [Designutils 20-1280] Could not find module 'clk_mmcm_hbm'. The XDC file /home/ubuntu/src/project_data/SatSwarmV2/src/aws-fpga/hdk/common/ip/cl_ip/cl_ip.gen/sources_1/ip/clk_mmcm_hbm/clk_mmcm_hbm_late.xdc will not be read for any cell of this module.
CRITICAL WARNING: [Designutils 20-1280] Could not find module 'axi_register_slice'. The XDC file /home/ubuntu/src/project_data/SatSwarmV2/src/aws-fpga/hdk/common/ip/cl_ip/cl_ip.gen/sources_1/ip/axi_register_slice/axi_register_slice_clocks.xdc will not be read for any cell of this module.
CRITICAL WARNING: [Designutils 20-1280] Could not find module 'axi_register_slice_light'. The XDC file /home/ubuntu/src/project_data/SatSwarmV2/src/aws-fpga/hdk/common/ip/cl_ip/cl_ip.gen/sources_1/ip/axi_register_slice_light/axi_register_slice_light_clocks.xdc will not be read for any cell of this module.
CRITICAL WARNING: [Designutils 20-1280] Could not find module 'cl_axi3_256b_reg_slice'. The XDC file /home/ubuntu/src/project_data/SatSwarmV2/src/aws-fpga/hdk/common/ip/cl_ip/cl_ip.gen/sources_1/ip/cl_axi3_256b_reg_slice/cl_axi3_256b_reg_slice_clocks.xdc will not be read for any cell of this module.
CRITICAL WARNING: [Designutils 20-1280] Could not find module 'cl_axi_register_slice'. The XDC file /home/ubuntu/src/project_data/SatSwarmV2/src/aws-fpga/hdk/common/ip/cl_ip/cl_ip.gen/sources_1/ip/cl_axi_register_slice/cl_axi_register_slice_clocks.xdc will not be read for any cell of this module.
Start Loading Part and Timing Information
Finished Loading Part and Timing Information : Time (s): cpu = 00:01:41 ; elapsed = 00:01:44 . Memory (MB): peak = 5385.344 ; gain = 2445.309 ; free physical = 20385 ; free virtual = 35137
Start Applying XDC Timing Constraints
Finished Applying XDC Timing Constraints : Time (s): cpu = 00:05:39 ; elapsed = 00:06:15 . Memory (MB): peak = 5417.129 ; gain = 2477.094 ; free physical = 18626 ; free virtual = 33408
[2026-03-31T18:11:43+0000] [3x3_2clz] still running...
CRITICAL WARNING: [Vivado 12-1815] Setting property 'IOSTANDARD' is not allowed for GT terminals. [/home/ubuntu/src/project_data/SatSwarmV2/src/aws-fpga/hdk/common/shell_stable/build/constraints/cl_pins.xdc:205]
CRITICAL WARNING: [Vivado 12-1815] Setting property 'IOSTANDARD' is not allowed for GT terminals. [/home/ubuntu/src/project_data/SatSwarmV2/src/aws-fpga/hdk/common/shell_stable/build/constraints/cl_pins.xdc:223]
CRITICAL WARNING: [Designutils 20-1280] Could not find module 'cl_ddr4'. The XDC file /home/ubuntu/src/project_data/SatSwarmV2/src/aws-fpga/hdk/common/ip/cl_ip/cl_ip.gen/sources_1/ip/cl_ddr4/cl_ddr4_board.xdc will not be read for any cell of this module.
CRITICAL WARNING: [Designutils 20-1280] Could not find module 'clk_mmcm_a'. The XDC file /home/ubuntu/src/project_data/SatSwarmV2/src/aws-fpga/hdk/common/ip/cl_ip/cl_ip.gen/sources_1/ip/clk_mmcm_a/clk_mmcm_a_late.xdc will not be read for any cell of this module.
CRITICAL WARNING: [Designutils 20-1280] Could not find module 'clk_mmcm_b'. The XDC file /home/ubuntu/src/project_data/SatSwarmV2/src/aws-fpga/hdk/common/ip/cl_ip/cl_ip.gen/sources_1/ip/clk_mmcm_b/clk_mmcm_b_late.xdc will not be read for any cell of this module.
CRITICAL WARNING: [Designutils 20-1280] Could not find module 'clk_mmcm_c'. The XDC file /home/ubuntu/src/project_data/SatSwarmV2/src/aws-fpga/hdk/common/ip/cl_ip/cl_ip.gen/sources_1/ip/clk_mmcm_c/clk_mmcm_c_late.xdc will not be read for any cell of this module.
CRITICAL WARNING: [Designutils 20-1280] Could not find module 'clk_mmcm_hbm'. The XDC file /home/ubuntu/src/project_data/SatSwarmV2/src/aws-fpga/hdk/common/ip/cl_ip/cl_ip.gen/sources_1/ip/clk_mmcm_hbm/clk_mmcm_hbm_late.xdc will not be read for any cell of this module.
CRITICAL WARNING: [Designutils 20-1280] Could not find module 'axi_register_slice'. The XDC file /home/ubuntu/src/project_data/SatSwarmV2/src/aws-fpga/hdk/common/ip/cl_ip/cl_ip.gen/sources_1/ip/axi_register_slice/axi_register_slice_clocks.xdc will not be read for any cell of this module.
CRITICAL WARNING: [Designutils 20-1280] Could not find module 'axi_register_slice_light'. The XDC file /home/ubuntu/src/project_data/SatSwarmV2/src/aws-fpga/hdk/common/ip/cl_ip/cl_ip.gen/sources_1/ip/axi_register_slice_light/axi_register_slice_light_clocks.xdc will not be read for any cell of this module.
CRITICAL WARNING: [Designutils 20-1280] Could not find module 'cl_axi3_256b_reg_slice'. The XDC file /home/ubuntu/src/project_data/SatSwarmV2/src/aws-fpga/hdk/common/ip/cl_ip/cl_ip.gen/sources_1/ip/cl_axi3_256b_reg_slice/cl_axi3_256b_reg_slice_clocks.xdc will not be read for any cell of this module.
CRITICAL WARNING: [Designutils 20-1280] Could not find module 'cl_axi_register_slice'. The XDC file /home/ubuntu/src/project_data/SatSwarmV2/src/aws-fpga/hdk/common/ip/cl_ip/cl_ip.gen/sources_1/ip/cl_axi_register_slice/cl_axi_register_slice_clocks.xdc will not be read for any cell of this module.
INFO: [Timing 38-35] Done setting XDC timing constraints. [/home/ubuntu/src/project_data/SatSwarmV2/src/aws-fpga/hdk/common/ip/cl_ip/cl_ip.gen/sources_1/ip/cl_axi_clock_converter/cl_axi_clock_converter_clocks.xdc:16]
[2026-03-31T18:13:43+0000] [3x3_2clz] still running...
INFO: [Timing 38-2] Deriving generated clocks [/home/ubuntu/src/project_data/SatSwarmV2/src/aws-fpga/hdk/common/ip/cl_ip/cl_ip.gen/sources_1/ip/cl_axi_clock_converter/cl_axi_clock_converter_clocks.xdc:16]
CRITICAL WARNING: [Vivado 12-4739] set_false_path:No valid object(s) found for '-from [get_pins -of_objects [get_cells -hierarchical -filter { NAME =~ *ram_reg*}] -filter {REF_PIN_NAME == CLK}]'. [/home/ubuntu/src/project_data/SatSwarmV2/src/aws-fpga/hdk/common/shell_stable/build/constraints/cl_ddr_timing_aws.xdc:26]
CRITICAL WARNING: [Vivado 12-4739] set_clock_groups:No valid object(s) found for '-group [get_clocks -of_objects [get_pins -hierarchical -filter NAME=~*SH_DDR/genblk1.IS_DDR_PRESENT.DDR4_0/inst/u_ddr4_infrastructure/gen_mmcme4.u_mmcme_adv_inst/CLKOUT0]]'. [/home/ubuntu/src/project_data/SatSwarmV2/src/aws-fpga/hdk/common/shell_stable/build/constraints/cl_ddr_timing_aws.xdc:30]
CRITICAL WARNING: [Vivado 12-4739] set_clock_groups:No valid object(s) found for '-group '. [/home/ubuntu/src/project_data/SatSwarmV2/src/aws-fpga/hdk/common/shell_stable/build/constraints/cl_ddr_timing_aws.xdc:30]
CRITICAL WARNING: [Vivado 12-5201] set_clock_groups: cannot set the clock group when only one non-empty group remains. [/home/ubuntu/src/project_data/SatSwarmV2/src/aws-fpga/hdk/common/shell_stable/build/constraints/cl_ddr_timing_aws.xdc:30]
synth_design completed successfully
synth_design: Time (s): cpu = 00:18:04 ; elapsed = 00:18:44 . Memory (MB): peak = 11298.301 ; gain = 9626.188 ; free physical = 15424 ; free virtual = 30201
INFO: [Common 17-2834] synth_design peak Physical Memory [PSS] (MB): overall = 10972.177; main = 10560.566; forked = 4011.316
INFO: [Common 17-2834] synth_design peak Virtual Memory [VSS] (MB): overall = 13494.949; main = 11298.270; forked = 5644.188
### print "Writing post-synth design checkpoint"
AWS FPGA: (18:12:38): Writing post-synth design checkpoint
### write_checkpoint -force ${checkpoints_dir}/${CL}.${TAG}.post_synth.dcp
[2026-03-31T18:15:43+0000] [3x3_2clz] still running...
### print "Writing post-synth design checkpoint"
AWS FPGA: (18:12:38): Writing post-synth design checkpoint
### write_checkpoint -force ${checkpoints_dir}/${CL}.${TAG}.post_synth.dcp
INFO: [Timing 38-35] Done setting XDC timing constraints.
INFO: [Timing 38-480] Writing timing data to binary archive.
INFO: [Common 17-1381] The checkpoint '/home/ubuntu/src/project_data/SatSwarmV2/src/aws-fpga/hdk/cl/examples/cl_satswarm/build/checkpoints/cl_satswarm.2026_03_31-175343.post_synth.dcp' has been generated.
write_checkpoint: Time (s): cpu = 00:02:43 ; elapsed = 00:02:46 . Memory (MB): peak = 11298.301 ; gain = 0.000 ; free physical = 15195 ; free virtual = 30158
####       print "CRITICAL WARNING: MiG BRAM is not populated with ELF file. This results in Calibration Failure!!"
## set AWS_DCP_DIR "${HDK_SHELL_DIR}/build/checkpoints/from_aws/"
## add_files ${checkpoints_dir}/${CL}.${TAG}.post_synth.dcp
##              [get_files ${checkpoints_dir}/${CL}.${TAG}.post_synth.dcp]
INFO: [Project 1-454] Reading design checkpoint '/home/ubuntu/src/project_data/SatSwarmV2/src/aws-fpga/hdk/cl/examples/cl_satswarm/build/checkpoints/cl_satswarm.2026_03_31-175343.post_synth.dcp' for cell 'WRAPPER/CL'
[2026-03-31T18:17:43+0000] [3x3_2clz] still running...
### print "Writing post-synth design checkpoint"
AWS FPGA: (18:12:38): Writing post-synth design checkpoint
### write_checkpoint -force ${checkpoints_dir}/${CL}.${TAG}.post_synth.dcp
INFO: [Timing 38-35] Done setting XDC timing constraints.
INFO: [Timing 38-480] Writing timing data to binary archive.
INFO: [Common 17-1381] The checkpoint '/home/ubuntu/src/project_data/SatSwarmV2/src/aws-fpga/hdk/cl/examples/cl_satswarm/build/checkpoints/cl_satswarm.2026_03_31-175343.post_synth.dcp' has been generated.
write_checkpoint: Time (s): cpu = 00:02:43 ; elapsed = 00:02:46 . Memory (MB): peak = 11298.301 ; gain = 0.000 ; free physical = 15195 ; free virtual = 30158
####       print "CRITICAL WARNING: MiG BRAM is not populated with ELF file. This results in Calibration Failure!!"
## set AWS_DCP_DIR "${HDK_SHELL_DIR}/build/checkpoints/from_aws/"
## add_files ${checkpoints_dir}/${CL}.${TAG}.post_synth.dcp
##              [get_files ${checkpoints_dir}/${CL}.${TAG}.post_synth.dcp]
INFO: [Project 1-454] Reading design checkpoint '/home/ubuntu/src/project_data/SatSwarmV2/src/aws-fpga/hdk/cl/examples/cl_satswarm/build/checkpoints/cl_satswarm.2026_03_31-175343.post_synth.dcp' for cell 'WRAPPER/CL'
[2026-03-31T18:19:43+0000] [3x3_2clz] still running...
### print "Writing post-synth design checkpoint"
AWS FPGA: (18:12:38): Writing post-synth design checkpoint
### write_checkpoint -force ${checkpoints_dir}/${CL}.${TAG}.post_synth.dcp
INFO: [Timing 38-35] Done setting XDC timing constraints.
INFO: [Timing 38-480] Writing timing data to binary archive.
INFO: [Common 17-1381] The checkpoint '/home/ubuntu/src/project_data/SatSwarmV2/src/aws-fpga/hdk/cl/examples/cl_satswarm/build/checkpoints/cl_satswarm.2026_03_31-175343.post_synth.dcp' has been generated.
write_checkpoint: Time (s): cpu = 00:02:43 ; elapsed = 00:02:46 . Memory (MB): peak = 11298.301 ; gain = 0.000 ; free physical = 15195 ; free virtual = 30158
####       print "CRITICAL WARNING: MiG BRAM is not populated with ELF file. This results in Calibration Failure!!"
## set AWS_DCP_DIR "${HDK_SHELL_DIR}/build/checkpoints/from_aws/"
## add_files ${checkpoints_dir}/${CL}.${TAG}.post_synth.dcp
##              [get_files ${checkpoints_dir}/${CL}.${TAG}.post_synth.dcp]
INFO: [Project 1-454] Reading design checkpoint '/home/ubuntu/src/project_data/SatSwarmV2/src/aws-fpga/hdk/cl/examples/cl_satswarm/build/checkpoints/cl_satswarm.2026_03_31-175343.post_synth.dcp' for cell 'WRAPPER/CL'
[2026-03-31T18:21:43+0000] [3x3_2clz] still running...
INFO: [Project 1-454] Reading design checkpoint '/home/ubuntu/src/project_data/SatSwarmV2/src/aws-fpga/hdk/cl/examples/cl_satswarm/build/checkpoints/cl_satswarm.2026_03_31-175343.post_synth.dcp' for cell 'WRAPPER/CL'
Parsing XDC File [/home/ubuntu/src/project_data/SatSwarmV2/src/aws-fpga/hdk/common/shell_stable/build/checkpoints/from_aws/cl_bb_routed.small_shell/top_board.xdc]
Finished Parsing XDC File [/home/ubuntu/src/project_data/SatSwarmV2/src/aws-fpga/hdk/common/shell_stable/build/checkpoints/from_aws/cl_bb_routed.small_shell/top_board.xdc]
Parsing XDC File [/home/ubuntu/src/project_data/SatSwarmV2/src/aws-fpga/hdk/common/shell_stable/build/checkpoints/from_aws/cl_bb_routed.small_shell/top_early.xdc]
Finished Parsing XDC File [/home/ubuntu/src/project_data/SatSwarmV2/src/aws-fpga/hdk/common/shell_stable/build/checkpoints/from_aws/cl_bb_routed.small_shell/top_early.xdc]
Parsing XDC File [/home/ubuntu/src/project_data/SatSwarmV2/src/aws-fpga/hdk/cl/examples/cl_satswarm/build/checkpoints/cl_satswarm.2026_03_31-175343.post_synth/cl_satswarm_early.xdc] for cell 'WRAPPER/CL'
Finished Parsing XDC File [/home/ubuntu/src/project_data/SatSwarmV2/src/aws-fpga/hdk/cl/examples/cl_satswarm/build/checkpoints/cl_satswarm.2026_03_31-175343.post_synth/cl_satswarm_early.xdc] for cell 'WRAPPER/CL'
Parsing XDC File [/home/ubuntu/src/project_data/SatSwarmV2/src/aws-fpga/hdk/common/shell_stable/build/checkpoints/from_aws/cl_bb_routed.small_shell/top.xdc]
Finished Parsing XDC File [/home/ubuntu/src/project_data/SatSwarmV2/src/aws-fpga/hdk/common/shell_stable/build/checkpoints/from_aws/cl_bb_routed.small_shell/top.xdc]
Parsing XDC File [/home/ubuntu/src/project_data/SatSwarmV2/src/aws-fpga/hdk/cl/examples/cl_satswarm/build/checkpoints/cl_satswarm.2026_03_31-175343.post_synth/cl_satswarm.xdc] for cell 'WRAPPER/CL'
Finished Parsing XDC File [/home/ubuntu/src/project_data/SatSwarmV2/src/aws-fpga/hdk/cl/examples/cl_satswarm/build/checkpoints/cl_satswarm.2026_03_31-175343.post_synth/cl_satswarm.xdc] for cell 'WRAPPER/CL'
Parsing XDC File [/home/ubuntu/src/project_data/SatSwarmV2/src/aws-fpga/hdk/common/shell_stable/build/checkpoints/from_aws/cl_bb_routed.small_shell/top_late.xdc]
[2026-03-31T18:23:43+0000] [3x3_2clz] still running...
Parsing XDC File [/home/ubuntu/src/project_data/SatSwarmV2/src/aws-fpga/hdk/cl/examples/cl_satswarm/build/checkpoints/cl_satswarm.2026_03_31-175343.post_synth/cl_satswarm_late.xdc] for cell 'WRAPPER/CL'
Finished Parsing XDC File [/home/ubuntu/src/project_data/SatSwarmV2/src/aws-fpga/hdk/cl/examples/cl_satswarm/build/checkpoints/cl_satswarm.2026_03_31-175343.post_synth/cl_satswarm_late.xdc] for cell 'WRAPPER/CL'
CRITICAL WARNING: [Constraints 18-4866] Site IOB_X0Y207 had a top level port PCIE_RP_PERSTN on sitetype net OUTBUF_O which was overwritten!
CRITICAL WARNING: [Constraints 18-4866] Site IOB_X0Y207 had a top level port PCIE_RP_PERSTN on sitetype net PULL_PAD which was overwritten!
CRITICAL WARNING: [Constraints 18-4866] Site IOB_X0Y207 had a top level port PCIE_RP_PERSTN on sitetype net IO which was overwritten!
CRITICAL WARNING: [Constraints 18-4866] Site IOB_X0Y181 had a top level port PCIE_EP_PERSTN on sitetype net OUTBUF_O which was overwritten!
CRITICAL WARNING: [Constraints 18-4866] Site IOB_X0Y181 had a top level port PCIE_EP_PERSTN on sitetype net PULL_PAD which was overwritten!
CRITICAL WARNING: [Constraints 18-4866] Site IOB_X0Y181 had a top level port PCIE_EP_PERSTN on sitetype net IO which was overwritten!
## print "Writing post-link design checkpoint"
AWS FPGA: (18:23:25): Writing post-link design checkpoint
## write_checkpoint -force ${checkpoints_dir}/${CL}.${TAG}.post_link.dcp
INFO: [Timing 38-480] Writing timing data to binary archive.
[2026-03-31T18:25:43+0000] [3x3_2clz] still running...
## print "Writing post-link design checkpoint"
AWS FPGA: (18:23:25): Writing post-link design checkpoint
## write_checkpoint -force ${checkpoints_dir}/${CL}.${TAG}.post_link.dcp
INFO: [Timing 38-480] Writing timing data to binary archive.
INFO: [Common 17-1381] The checkpoint '/home/ubuntu/src/project_data/SatSwarmV2/src/aws-fpga/hdk/cl/examples/cl_satswarm/build/checkpoints/cl_satswarm.2026_03_31-175343.post_link.dcp' has been generated.
write_checkpoint: Time (s): cpu = 00:01:18 ; elapsed = 00:01:21 . Memory (MB): peak = 11298.301 ; gain = 0.000 ; free physical = 15009 ; free virtual = 30138
###         puts "\nCRITICAL WARNING: $mmcm_cell cell not found. Clock recipe for this MMCM not applied.\n"
CRITICAL WARNING: WRAPPER/CL/AWS_CLK_GEN/CLK_GRP_A_EN_I.CLK_MMCM_A_I/inst/CLK_CORE_DRP_I/clk_inst/mmcme4_adv_inst cell not found. Clock recipe for this MMCM not applied.
CRITICAL WARNING: WRAPPER/CL/AWS_CLK_GEN/CLK_GRP_B_EN_I.CLK_MMCM_B_I/inst/CLK_CORE_DRP_I/clk_inst/mmcme4_adv_inst cell not found. Clock recipe for this MMCM not applied.
CRITICAL WARNING: WRAPPER/CL/AWS_CLK_GEN/CLK_GRP_C_EN_I.CLK_MMCM_C_I/inst/CLK_CORE_DRP_I/clk_inst/mmcme4_adv_inst cell not found. Clock recipe for this MMCM not applied.
CRITICAL WARNING: WRAPPER/CL/AWS_CLK_GEN/CLK_HBM_EN_I.CLK_MMCM_HBM_I/inst/CLK_CORE_DRP_I/clk_inst/mmcme4_adv_inst cell not found. Clock recipe for this MMCM not applied.
CRITICAL WARNING: [Vivado 12-795] Pblock 'pblock_CL' already exists. [/home/ubuntu/src/project_data/SatSwarmV2/src/aws-fpga/hdk/common/shell_stable/build/constraints/small_shell_level_1_fp_cl.xdc:28]
[2026-03-31T18:27:43+0000] [3x3_2clz] still running...
## print "Writing post-link design checkpoint"
AWS FPGA: (18:23:25): Writing post-link design checkpoint
## write_checkpoint -force ${checkpoints_dir}/${CL}.${TAG}.post_link.dcp
INFO: [Timing 38-480] Writing timing data to binary archive.
INFO: [Common 17-1381] The checkpoint '/home/ubuntu/src/project_data/SatSwarmV2/src/aws-fpga/hdk/cl/examples/cl_satswarm/build/checkpoints/cl_satswarm.2026_03_31-175343.post_link.dcp' has been generated.
write_checkpoint: Time (s): cpu = 00:01:18 ; elapsed = 00:01:21 . Memory (MB): peak = 11298.301 ; gain = 0.000 ; free physical = 15009 ; free virtual = 30138
###         puts "\nCRITICAL WARNING: $mmcm_cell cell not found. Clock recipe for this MMCM not applied.\n"
CRITICAL WARNING: WRAPPER/CL/AWS_CLK_GEN/CLK_GRP_A_EN_I.CLK_MMCM_A_I/inst/CLK_CORE_DRP_I/clk_inst/mmcme4_adv_inst cell not found. Clock recipe for this MMCM not applied.
CRITICAL WARNING: WRAPPER/CL/AWS_CLK_GEN/CLK_GRP_B_EN_I.CLK_MMCM_B_I/inst/CLK_CORE_DRP_I/clk_inst/mmcme4_adv_inst cell not found. Clock recipe for this MMCM not applied.
CRITICAL WARNING: WRAPPER/CL/AWS_CLK_GEN/CLK_GRP_C_EN_I.CLK_MMCM_C_I/inst/CLK_CORE_DRP_I/clk_inst/mmcme4_adv_inst cell not found. Clock recipe for this MMCM not applied.
CRITICAL WARNING: WRAPPER/CL/AWS_CLK_GEN/CLK_HBM_EN_I.CLK_MMCM_HBM_I/inst/CLK_CORE_DRP_I/clk_inst/mmcme4_adv_inst cell not found. Clock recipe for this MMCM not applied.
CRITICAL WARNING: [Vivado 12-795] Pblock 'pblock_CL' already exists. [/home/ubuntu/src/project_data/SatSwarmV2/src/aws-fpga/hdk/common/shell_stable/build/constraints/small_shell_level_1_fp_cl.xdc:28]
[2026-03-31T18:29:43+0000] [3x3_2clz] still running...
INFO: [Timing 38-480] Writing timing data to binary archive.
INFO: [Common 17-1381] The checkpoint '/home/ubuntu/src/project_data/SatSwarmV2/src/aws-fpga/hdk/cl/examples/cl_satswarm/build/checkpoints/cl_satswarm.2026_03_31-175343.post_link.dcp' has been generated.
write_checkpoint: Time (s): cpu = 00:01:18 ; elapsed = 00:01:21 . Memory (MB): peak = 11298.301 ; gain = 0.000 ; free physical = 15009 ; free virtual = 30138
###         puts "\nCRITICAL WARNING: $mmcm_cell cell not found. Clock recipe for this MMCM not applied.\n"
CRITICAL WARNING: WRAPPER/CL/AWS_CLK_GEN/CLK_GRP_A_EN_I.CLK_MMCM_A_I/inst/CLK_CORE_DRP_I/clk_inst/mmcme4_adv_inst cell not found. Clock recipe for this MMCM not applied.
CRITICAL WARNING: WRAPPER/CL/AWS_CLK_GEN/CLK_GRP_B_EN_I.CLK_MMCM_B_I/inst/CLK_CORE_DRP_I/clk_inst/mmcme4_adv_inst cell not found. Clock recipe for this MMCM not applied.
CRITICAL WARNING: WRAPPER/CL/AWS_CLK_GEN/CLK_GRP_C_EN_I.CLK_MMCM_C_I/inst/CLK_CORE_DRP_I/clk_inst/mmcme4_adv_inst cell not found. Clock recipe for this MMCM not applied.
CRITICAL WARNING: WRAPPER/CL/AWS_CLK_GEN/CLK_HBM_EN_I.CLK_MMCM_HBM_I/inst/CLK_CORE_DRP_I/clk_inst/mmcme4_adv_inst cell not found. Clock recipe for this MMCM not applied.
CRITICAL WARNING: [Vivado 12-795] Pblock 'pblock_CL' already exists. [/home/ubuntu/src/project_data/SatSwarmV2/src/aws-fpga/hdk/common/shell_stable/build/constraints/small_shell_level_1_fp_cl.xdc:28]
Starting Cache Timing Information Task
Ending Cache Timing Information Task | Checksum: 18be5797c
Phase 2 Timer Update And Timing Data Collection
[2026-03-31T18:31:43+0000] [3x3_2clz] still running...
###         puts "\nCRITICAL WARNING: $mmcm_cell cell not found. Clock recipe for this MMCM not applied.\n"
CRITICAL WARNING: WRAPPER/CL/AWS_CLK_GEN/CLK_GRP_A_EN_I.CLK_MMCM_A_I/inst/CLK_CORE_DRP_I/clk_inst/mmcme4_adv_inst cell not found. Clock recipe for this MMCM not applied.
CRITICAL WARNING: WRAPPER/CL/AWS_CLK_GEN/CLK_GRP_B_EN_I.CLK_MMCM_B_I/inst/CLK_CORE_DRP_I/clk_inst/mmcme4_adv_inst cell not found. Clock recipe for this MMCM not applied.
CRITICAL WARNING: WRAPPER/CL/AWS_CLK_GEN/CLK_GRP_C_EN_I.CLK_MMCM_C_I/inst/CLK_CORE_DRP_I/clk_inst/mmcme4_adv_inst cell not found. Clock recipe for this MMCM not applied.
CRITICAL WARNING: WRAPPER/CL/AWS_CLK_GEN/CLK_HBM_EN_I.CLK_MMCM_HBM_I/inst/CLK_CORE_DRP_I/clk_inst/mmcme4_adv_inst cell not found. Clock recipe for this MMCM not applied.
CRITICAL WARNING: [Vivado 12-795] Pblock 'pblock_CL' already exists. [/home/ubuntu/src/project_data/SatSwarmV2/src/aws-fpga/hdk/common/shell_stable/build/constraints/small_shell_level_1_fp_cl.xdc:28]
Starting Cache Timing Information Task
Ending Cache Timing Information Task | Checksum: 18be5797c
Phase 2 Timer Update And Timing Data Collection
Phase 2.3 Timing Data Collection
Phase 2.3 Timing Data Collection | Checksum: 18be5797c
Phase 2 Timer Update And Timing Data Collection | Checksum: 18be5797c
[2026-03-31T18:33:43+0000] [3x3_2clz] still running...
Ending Cache Timing Information Task | Checksum: 18be5797c
Phase 2 Timer Update And Timing Data Collection
Phase 2.3 Timing Data Collection
Phase 2.3 Timing Data Collection | Checksum: 18be5797c
Phase 2 Timer Update And Timing Data Collection | Checksum: 18be5797c
## print "Writing post-opt design checkpoint and report"
AWS FPGA: (18:32:28): Writing post-opt design checkpoint and report
## write_checkpoint -force ${checkpoints_dir}/${CL}.${TAG}.post_opt.dcp
INFO: [Timing 38-480] Writing timing data to binary archive.
INFO: [Common 17-1381] The checkpoint '/home/ubuntu/src/project_data/SatSwarmV2/src/aws-fpga/hdk/cl/examples/cl_satswarm/build/checkpoints/cl_satswarm.2026_03_31-175343.post_opt.dcp' has been generated.
write_checkpoint: Time (s): cpu = 00:01:09 ; elapsed = 00:01:11 . Memory (MB): peak = 11669.277 ; gain = 0.000 ; free physical = 14517 ; free virtual = 29744
INFO: [Timing 38-91] UpdateTimingParams: Speed grade: -2, Temperature grade: E, Delay Type: max.
[2026-03-31T18:35:43+0000] [3x3_2clz] still running...
Phase 2 Timer Update And Timing Data Collection
Phase 2.3 Timing Data Collection
Phase 2.3 Timing Data Collection | Checksum: 18be5797c
Phase 2 Timer Update And Timing Data Collection | Checksum: 18be5797c
## print "Writing post-opt design checkpoint and report"
AWS FPGA: (18:32:28): Writing post-opt design checkpoint and report
## write_checkpoint -force ${checkpoints_dir}/${CL}.${TAG}.post_opt.dcp
INFO: [Timing 38-480] Writing timing data to binary archive.
INFO: [Common 17-1381] The checkpoint '/home/ubuntu/src/project_data/SatSwarmV2/src/aws-fpga/hdk/cl/examples/cl_satswarm/build/checkpoints/cl_satswarm.2026_03_31-175343.post_opt.dcp' has been generated.
write_checkpoint: Time (s): cpu = 00:01:09 ; elapsed = 00:01:11 . Memory (MB): peak = 11669.277 ; gain = 0.000 ; free physical = 14517 ; free virtual = 29744
INFO: [Timing 38-91] UpdateTimingParams: Speed grade: -2, Temperature grade: E, Delay Type: max.
INFO: [Timing 38-35] Done setting XDC timing constraints.
[2026-03-31T18:37:43+0000] [3x3_2clz] still running...
Phase 2 Timer Update And Timing Data Collection
Phase 2.3 Timing Data Collection
Phase 2.3 Timing Data Collection | Checksum: 18be5797c
Phase 2 Timer Update And Timing Data Collection | Checksum: 18be5797c
## print "Writing post-opt design checkpoint and report"
AWS FPGA: (18:32:28): Writing post-opt design checkpoint and report
## write_checkpoint -force ${checkpoints_dir}/${CL}.${TAG}.post_opt.dcp
INFO: [Timing 38-480] Writing timing data to binary archive.
INFO: [Common 17-1381] The checkpoint '/home/ubuntu/src/project_data/SatSwarmV2/src/aws-fpga/hdk/cl/examples/cl_satswarm/build/checkpoints/cl_satswarm.2026_03_31-175343.post_opt.dcp' has been generated.
write_checkpoint: Time (s): cpu = 00:01:09 ; elapsed = 00:01:11 . Memory (MB): peak = 11669.277 ; gain = 0.000 ; free physical = 14517 ; free virtual = 29744
INFO: [Timing 38-91] UpdateTimingParams: Speed grade: -2, Temperature grade: E, Delay Type: max.
INFO: [Timing 38-35] Done setting XDC timing constraints.
[2026-03-31T18:39:43+0000] [3x3_2clz] still running...
Phase 2.3 Timing Data Collection
Phase 2.3 Timing Data Collection | Checksum: 18be5797c
Phase 2 Timer Update And Timing Data Collection | Checksum: 18be5797c
## print "Writing post-opt design checkpoint and report"
AWS FPGA: (18:32:28): Writing post-opt design checkpoint and report
## write_checkpoint -force ${checkpoints_dir}/${CL}.${TAG}.post_opt.dcp
INFO: [Timing 38-480] Writing timing data to binary archive.
INFO: [Common 17-1381] The checkpoint '/home/ubuntu/src/project_data/SatSwarmV2/src/aws-fpga/hdk/cl/examples/cl_satswarm/build/checkpoints/cl_satswarm.2026_03_31-175343.post_opt.dcp' has been generated.
write_checkpoint: Time (s): cpu = 00:01:09 ; elapsed = 00:01:11 . Memory (MB): peak = 11669.277 ; gain = 0.000 ; free physical = 14517 ; free virtual = 29744
INFO: [Timing 38-91] UpdateTimingParams: Speed grade: -2, Temperature grade: E, Delay Type: max.
INFO: [Timing 38-35] Done setting XDC timing constraints.
INFO: [Timing 38-78] ReportTimingParams: -max_paths 10 -nworst 1 -delay_type max -sort_by group.
[2026-03-31T18:41:43+0000] [3x3_2clz] still running...
AWS FPGA: (18:32:28): Writing post-opt design checkpoint and report
## write_checkpoint -force ${checkpoints_dir}/${CL}.${TAG}.post_opt.dcp
INFO: [Timing 38-480] Writing timing data to binary archive.
INFO: [Common 17-1381] The checkpoint '/home/ubuntu/src/project_data/SatSwarmV2/src/aws-fpga/hdk/cl/examples/cl_satswarm/build/checkpoints/cl_satswarm.2026_03_31-175343.post_opt.dcp' has been generated.
write_checkpoint: Time (s): cpu = 00:01:09 ; elapsed = 00:01:11 . Memory (MB): peak = 11669.277 ; gain = 0.000 ; free physical = 14517 ; free virtual = 29744
INFO: [Timing 38-91] UpdateTimingParams: Speed grade: -2, Temperature grade: E, Delay Type: max.
INFO: [Timing 38-35] Done setting XDC timing constraints.
INFO: [Timing 38-78] ReportTimingParams: -max_paths 10 -nworst 1 -delay_type max -sort_by group.
CRITICAL WARNING: [Vivado 12-4430] You are lowering the severity from an ERROR. This can potentially lead to board damage or other functionality issues on hardware. If this is not desired, please run 'reset_property SEVERITY [get_drc_checks REQP-123]' to undo this change.
## place_design -directive $PLACE_DIRECT -no_bufg_opt
Command: place_design -directive Default -no_bufg_opt
Running DRC as a precondition to command place_design
[2026-03-31T18:43:43+0000] [3x3_2clz] still running...
AWS FPGA: (18:32:28): Writing post-opt design checkpoint and report
## write_checkpoint -force ${checkpoints_dir}/${CL}.${TAG}.post_opt.dcp
INFO: [Timing 38-480] Writing timing data to binary archive.
INFO: [Common 17-1381] The checkpoint '/home/ubuntu/src/project_data/SatSwarmV2/src/aws-fpga/hdk/cl/examples/cl_satswarm/build/checkpoints/cl_satswarm.2026_03_31-175343.post_opt.dcp' has been generated.
write_checkpoint: Time (s): cpu = 00:01:09 ; elapsed = 00:01:11 . Memory (MB): peak = 11669.277 ; gain = 0.000 ; free physical = 14517 ; free virtual = 29744
INFO: [Timing 38-91] UpdateTimingParams: Speed grade: -2, Temperature grade: E, Delay Type: max.
INFO: [Timing 38-35] Done setting XDC timing constraints.
INFO: [Timing 38-78] ReportTimingParams: -max_paths 10 -nworst 1 -delay_type max -sort_by group.
CRITICAL WARNING: [Vivado 12-4430] You are lowering the severity from an ERROR. This can potentially lead to board damage or other functionality issues on hardware. If this is not desired, please run 'reset_property SEVERITY [get_drc_checks REQP-123]' to undo this change.
## place_design -directive $PLACE_DIRECT -no_bufg_opt
Command: place_design -directive Default -no_bufg_opt
Running DRC as a precondition to command place_design
[2026-03-31T18:45:43+0000] [3x3_2clz] still running...
AWS FPGA: (18:32:28): Writing post-opt design checkpoint and report
## write_checkpoint -force ${checkpoints_dir}/${CL}.${TAG}.post_opt.dcp
INFO: [Timing 38-480] Writing timing data to binary archive.
INFO: [Common 17-1381] The checkpoint '/home/ubuntu/src/project_data/SatSwarmV2/src/aws-fpga/hdk/cl/examples/cl_satswarm/build/checkpoints/cl_satswarm.2026_03_31-175343.post_opt.dcp' has been generated.
write_checkpoint: Time (s): cpu = 00:01:09 ; elapsed = 00:01:11 . Memory (MB): peak = 11669.277 ; gain = 0.000 ; free physical = 14517 ; free virtual = 29744
INFO: [Timing 38-91] UpdateTimingParams: Speed grade: -2, Temperature grade: E, Delay Type: max.
INFO: [Timing 38-35] Done setting XDC timing constraints.
INFO: [Timing 38-78] ReportTimingParams: -max_paths 10 -nworst 1 -delay_type max -sort_by group.
CRITICAL WARNING: [Vivado 12-4430] You are lowering the severity from an ERROR. This can potentially lead to board damage or other functionality issues on hardware. If this is not desired, please run 'reset_property SEVERITY [get_drc_checks REQP-123]' to undo this change.
## place_design -directive $PLACE_DIRECT -no_bufg_opt
Command: place_design -directive Default -no_bufg_opt
Running DRC as a precondition to command place_design
[2026-03-31T18:47:43+0000] [3x3_2clz] still running...
AWS FPGA: (18:32:28): Writing post-opt design checkpoint and report
## write_checkpoint -force ${checkpoints_dir}/${CL}.${TAG}.post_opt.dcp
INFO: [Timing 38-480] Writing timing data to binary archive.
INFO: [Common 17-1381] The checkpoint '/home/ubuntu/src/project_data/SatSwarmV2/src/aws-fpga/hdk/cl/examples/cl_satswarm/build/checkpoints/cl_satswarm.2026_03_31-175343.post_opt.dcp' has been generated.
write_checkpoint: Time (s): cpu = 00:01:09 ; elapsed = 00:01:11 . Memory (MB): peak = 11669.277 ; gain = 0.000 ; free physical = 14517 ; free virtual = 29744
INFO: [Timing 38-91] UpdateTimingParams: Speed grade: -2, Temperature grade: E, Delay Type: max.
INFO: [Timing 38-35] Done setting XDC timing constraints.
INFO: [Timing 38-78] ReportTimingParams: -max_paths 10 -nworst 1 -delay_type max -sort_by group.
CRITICAL WARNING: [Vivado 12-4430] You are lowering the severity from an ERROR. This can potentially lead to board damage or other functionality issues on hardware. If this is not desired, please run 'reset_property SEVERITY [get_drc_checks REQP-123]' to undo this change.
## place_design -directive $PLACE_DIRECT -no_bufg_opt
Command: place_design -directive Default -no_bufg_opt
Running DRC as a precondition to command place_design
[2026-03-31T18:49:43+0000] [3x3_2clz] still running...
AWS FPGA: (18:32:28): Writing post-opt design checkpoint and report
## write_checkpoint -force ${checkpoints_dir}/${CL}.${TAG}.post_opt.dcp
INFO: [Timing 38-480] Writing timing data to binary archive.
INFO: [Common 17-1381] The checkpoint '/home/ubuntu/src/project_data/SatSwarmV2/src/aws-fpga/hdk/cl/examples/cl_satswarm/build/checkpoints/cl_satswarm.2026_03_31-175343.post_opt.dcp' has been generated.
write_checkpoint: Time (s): cpu = 00:01:09 ; elapsed = 00:01:11 . Memory (MB): peak = 11669.277 ; gain = 0.000 ; free physical = 14517 ; free virtual = 29744
INFO: [Timing 38-91] UpdateTimingParams: Speed grade: -2, Temperature grade: E, Delay Type: max.
INFO: [Timing 38-35] Done setting XDC timing constraints.
INFO: [Timing 38-78] ReportTimingParams: -max_paths 10 -nworst 1 -delay_type max -sort_by group.
CRITICAL WARNING: [Vivado 12-4430] You are lowering the severity from an ERROR. This can potentially lead to board damage or other functionality issues on hardware. If this is not desired, please run 'reset_property SEVERITY [get_drc_checks REQP-123]' to undo this change.
## place_design -directive $PLACE_DIRECT -no_bufg_opt
Command: place_design -directive Default -no_bufg_opt
Running DRC as a precondition to command place_design
[2026-03-31T18:51:43+0000] [3x3_2clz] still running...
AWS FPGA: (18:32:28): Writing post-opt design checkpoint and report
## write_checkpoint -force ${checkpoints_dir}/${CL}.${TAG}.post_opt.dcp
INFO: [Timing 38-480] Writing timing data to binary archive.
INFO: [Common 17-1381] The checkpoint '/home/ubuntu/src/project_data/SatSwarmV2/src/aws-fpga/hdk/cl/examples/cl_satswarm/build/checkpoints/cl_satswarm.2026_03_31-175343.post_opt.dcp' has been generated.
write_checkpoint: Time (s): cpu = 00:01:09 ; elapsed = 00:01:11 . Memory (MB): peak = 11669.277 ; gain = 0.000 ; free physical = 14517 ; free virtual = 29744
INFO: [Timing 38-91] UpdateTimingParams: Speed grade: -2, Temperature grade: E, Delay Type: max.
INFO: [Timing 38-35] Done setting XDC timing constraints.
INFO: [Timing 38-78] ReportTimingParams: -max_paths 10 -nworst 1 -delay_type max -sort_by group.
CRITICAL WARNING: [Vivado 12-4430] You are lowering the severity from an ERROR. This can potentially lead to board damage or other functionality issues on hardware. If this is not desired, please run 'reset_property SEVERITY [get_drc_checks REQP-123]' to undo this change.
## place_design -directive $PLACE_DIRECT -no_bufg_opt
Command: place_design -directive Default -no_bufg_opt
Running DRC as a precondition to command place_design
[2026-03-31T18:53:43+0000] [3x3_2clz] still running...
AWS FPGA: (18:32:28): Writing post-opt design checkpoint and report
## write_checkpoint -force ${checkpoints_dir}/${CL}.${TAG}.post_opt.dcp
INFO: [Timing 38-480] Writing timing data to binary archive.
INFO: [Common 17-1381] The checkpoint '/home/ubuntu/src/project_data/SatSwarmV2/src/aws-fpga/hdk/cl/examples/cl_satswarm/build/checkpoints/cl_satswarm.2026_03_31-175343.post_opt.dcp' has been generated.
write_checkpoint: Time (s): cpu = 00:01:09 ; elapsed = 00:01:11 . Memory (MB): peak = 11669.277 ; gain = 0.000 ; free physical = 14517 ; free virtual = 29744
INFO: [Timing 38-91] UpdateTimingParams: Speed grade: -2, Temperature grade: E, Delay Type: max.
INFO: [Timing 38-35] Done setting XDC timing constraints.
INFO: [Timing 38-78] ReportTimingParams: -max_paths 10 -nworst 1 -delay_type max -sort_by group.
CRITICAL WARNING: [Vivado 12-4430] You are lowering the severity from an ERROR. This can potentially lead to board damage or other functionality issues on hardware. If this is not desired, please run 'reset_property SEVERITY [get_drc_checks REQP-123]' to undo this change.
## place_design -directive $PLACE_DIRECT -no_bufg_opt
Command: place_design -directive Default -no_bufg_opt
Running DRC as a precondition to command place_design
[2026-03-31T18:55:43+0000] [3x3_2clz] still running...
AWS FPGA: (18:32:28): Writing post-opt design checkpoint and report
## write_checkpoint -force ${checkpoints_dir}/${CL}.${TAG}.post_opt.dcp
INFO: [Timing 38-480] Writing timing data to binary archive.
INFO: [Common 17-1381] The checkpoint '/home/ubuntu/src/project_data/SatSwarmV2/src/aws-fpga/hdk/cl/examples/cl_satswarm/build/checkpoints/cl_satswarm.2026_03_31-175343.post_opt.dcp' has been generated.
write_checkpoint: Time (s): cpu = 00:01:09 ; elapsed = 00:01:11 . Memory (MB): peak = 11669.277 ; gain = 0.000 ; free physical = 14517 ; free virtual = 29744
INFO: [Timing 38-91] UpdateTimingParams: Speed grade: -2, Temperature grade: E, Delay Type: max.
INFO: [Timing 38-35] Done setting XDC timing constraints.
INFO: [Timing 38-78] ReportTimingParams: -max_paths 10 -nworst 1 -delay_type max -sort_by group.
CRITICAL WARNING: [Vivado 12-4430] You are lowering the severity from an ERROR. This can potentially lead to board damage or other functionality issues on hardware. If this is not desired, please run 'reset_property SEVERITY [get_drc_checks REQP-123]' to undo this change.
## place_design -directive $PLACE_DIRECT -no_bufg_opt
Command: place_design -directive Default -no_bufg_opt
Running DRC as a precondition to command place_design
[2026-03-31T18:57:43+0000] [3x3_2clz] still running...
AWS FPGA: (18:32:28): Writing post-opt design checkpoint and report
## write_checkpoint -force ${checkpoints_dir}/${CL}.${TAG}.post_opt.dcp
INFO: [Timing 38-480] Writing timing data to binary archive.
INFO: [Common 17-1381] The checkpoint '/home/ubuntu/src/project_data/SatSwarmV2/src/aws-fpga/hdk/cl/examples/cl_satswarm/build/checkpoints/cl_satswarm.2026_03_31-175343.post_opt.dcp' has been generated.
write_checkpoint: Time (s): cpu = 00:01:09 ; elapsed = 00:01:11 . Memory (MB): peak = 11669.277 ; gain = 0.000 ; free physical = 14517 ; free virtual = 29744
INFO: [Timing 38-91] UpdateTimingParams: Speed grade: -2, Temperature grade: E, Delay Type: max.
INFO: [Timing 38-35] Done setting XDC timing constraints.
INFO: [Timing 38-78] ReportTimingParams: -max_paths 10 -nworst 1 -delay_type max -sort_by group.
CRITICAL WARNING: [Vivado 12-4430] You are lowering the severity from an ERROR. This can potentially lead to board damage or other functionality issues on hardware. If this is not desired, please run 'reset_property SEVERITY [get_drc_checks REQP-123]' to undo this change.
## place_design -directive $PLACE_DIRECT -no_bufg_opt
Command: place_design -directive Default -no_bufg_opt
Running DRC as a precondition to command place_design
[2026-03-31T18:59:43+0000] [3x3_2clz] still running...
AWS FPGA: (18:32:28): Writing post-opt design checkpoint and report
## write_checkpoint -force ${checkpoints_dir}/${CL}.${TAG}.post_opt.dcp
INFO: [Timing 38-480] Writing timing data to binary archive.
INFO: [Common 17-1381] The checkpoint '/home/ubuntu/src/project_data/SatSwarmV2/src/aws-fpga/hdk/cl/examples/cl_satswarm/build/checkpoints/cl_satswarm.2026_03_31-175343.post_opt.dcp' has been generated.
write_checkpoint: Time (s): cpu = 00:01:09 ; elapsed = 00:01:11 . Memory (MB): peak = 11669.277 ; gain = 0.000 ; free physical = 14517 ; free virtual = 29744
INFO: [Timing 38-91] UpdateTimingParams: Speed grade: -2, Temperature grade: E, Delay Type: max.
INFO: [Timing 38-35] Done setting XDC timing constraints.
INFO: [Timing 38-78] ReportTimingParams: -max_paths 10 -nworst 1 -delay_type max -sort_by group.
CRITICAL WARNING: [Vivado 12-4430] You are lowering the severity from an ERROR. This can potentially lead to board damage or other functionality issues on hardware. If this is not desired, please run 'reset_property SEVERITY [get_drc_checks REQP-123]' to undo this change.
## place_design -directive $PLACE_DIRECT -no_bufg_opt
Command: place_design -directive Default -no_bufg_opt
Running DRC as a precondition to command place_design
[2026-03-31T19:01:43+0000] [3x3_2clz] still running...
AWS FPGA: (18:32:28): Writing post-opt design checkpoint and report
## write_checkpoint -force ${checkpoints_dir}/${CL}.${TAG}.post_opt.dcp
INFO: [Timing 38-480] Writing timing data to binary archive.
INFO: [Common 17-1381] The checkpoint '/home/ubuntu/src/project_data/SatSwarmV2/src/aws-fpga/hdk/cl/examples/cl_satswarm/build/checkpoints/cl_satswarm.2026_03_31-175343.post_opt.dcp' has been generated.
write_checkpoint: Time (s): cpu = 00:01:09 ; elapsed = 00:01:11 . Memory (MB): peak = 11669.277 ; gain = 0.000 ; free physical = 14517 ; free virtual = 29744
INFO: [Timing 38-91] UpdateTimingParams: Speed grade: -2, Temperature grade: E, Delay Type: max.
INFO: [Timing 38-35] Done setting XDC timing constraints.
INFO: [Timing 38-78] ReportTimingParams: -max_paths 10 -nworst 1 -delay_type max -sort_by group.
CRITICAL WARNING: [Vivado 12-4430] You are lowering the severity from an ERROR. This can potentially lead to board damage or other functionality issues on hardware. If this is not desired, please run 'reset_property SEVERITY [get_drc_checks REQP-123]' to undo this change.
## place_design -directive $PLACE_DIRECT -no_bufg_opt
Command: place_design -directive Default -no_bufg_opt
Running DRC as a precondition to command place_design
[2026-03-31T19:03:43+0000] [3x3_2clz] still running...
AWS FPGA: (18:32:28): Writing post-opt design checkpoint and report
## write_checkpoint -force ${checkpoints_dir}/${CL}.${TAG}.post_opt.dcp
INFO: [Timing 38-480] Writing timing data to binary archive.
INFO: [Common 17-1381] The checkpoint '/home/ubuntu/src/project_data/SatSwarmV2/src/aws-fpga/hdk/cl/examples/cl_satswarm/build/checkpoints/cl_satswarm.2026_03_31-175343.post_opt.dcp' has been generated.
write_checkpoint: Time (s): cpu = 00:01:09 ; elapsed = 00:01:11 . Memory (MB): peak = 11669.277 ; gain = 0.000 ; free physical = 14517 ; free virtual = 29744
INFO: [Timing 38-91] UpdateTimingParams: Speed grade: -2, Temperature grade: E, Delay Type: max.
INFO: [Timing 38-35] Done setting XDC timing constraints.
INFO: [Timing 38-78] ReportTimingParams: -max_paths 10 -nworst 1 -delay_type max -sort_by group.
CRITICAL WARNING: [Vivado 12-4430] You are lowering the severity from an ERROR. This can potentially lead to board damage or other functionality issues on hardware. If this is not desired, please run 'reset_property SEVERITY [get_drc_checks REQP-123]' to undo this change.
## place_design -directive $PLACE_DIRECT -no_bufg_opt
Command: place_design -directive Default -no_bufg_opt
Running DRC as a precondition to command place_design
[2026-03-31T19:05:43+0000] [3x3_2clz] still running...
AWS FPGA: (18:32:28): Writing post-opt design checkpoint and report
## write_checkpoint -force ${checkpoints_dir}/${CL}.${TAG}.post_opt.dcp
INFO: [Timing 38-480] Writing timing data to binary archive.
INFO: [Common 17-1381] The checkpoint '/home/ubuntu/src/project_data/SatSwarmV2/src/aws-fpga/hdk/cl/examples/cl_satswarm/build/checkpoints/cl_satswarm.2026_03_31-175343.post_opt.dcp' has been generated.
write_checkpoint: Time (s): cpu = 00:01:09 ; elapsed = 00:01:11 . Memory (MB): peak = 11669.277 ; gain = 0.000 ; free physical = 14517 ; free virtual = 29744
INFO: [Timing 38-91] UpdateTimingParams: Speed grade: -2, Temperature grade: E, Delay Type: max.
INFO: [Timing 38-35] Done setting XDC timing constraints.
INFO: [Timing 38-78] ReportTimingParams: -max_paths 10 -nworst 1 -delay_type max -sort_by group.
CRITICAL WARNING: [Vivado 12-4430] You are lowering the severity from an ERROR. This can potentially lead to board damage or other functionality issues on hardware. If this is not desired, please run 'reset_property SEVERITY [get_drc_checks REQP-123]' to undo this change.
## place_design -directive $PLACE_DIRECT -no_bufg_opt
Command: place_design -directive Default -no_bufg_opt
Running DRC as a precondition to command place_design
[2026-03-31T19:07:43+0000] [3x3_2clz] still running...
AWS FPGA: (18:32:28): Writing post-opt design checkpoint and report
## write_checkpoint -force ${checkpoints_dir}/${CL}.${TAG}.post_opt.dcp
INFO: [Timing 38-480] Writing timing data to binary archive.
INFO: [Common 17-1381] The checkpoint '/home/ubuntu/src/project_data/SatSwarmV2/src/aws-fpga/hdk/cl/examples/cl_satswarm/build/checkpoints/cl_satswarm.2026_03_31-175343.post_opt.dcp' has been generated.
write_checkpoint: Time (s): cpu = 00:01:09 ; elapsed = 00:01:11 . Memory (MB): peak = 11669.277 ; gain = 0.000 ; free physical = 14517 ; free virtual = 29744
INFO: [Timing 38-91] UpdateTimingParams: Speed grade: -2, Temperature grade: E, Delay Type: max.
INFO: [Timing 38-35] Done setting XDC timing constraints.
INFO: [Timing 38-78] ReportTimingParams: -max_paths 10 -nworst 1 -delay_type max -sort_by group.
CRITICAL WARNING: [Vivado 12-4430] You are lowering the severity from an ERROR. This can potentially lead to board damage or other functionality issues on hardware. If this is not desired, please run 'reset_property SEVERITY [get_drc_checks REQP-123]' to undo this change.
## place_design -directive $PLACE_DIRECT -no_bufg_opt
Command: place_design -directive Default -no_bufg_opt
Running DRC as a precondition to command place_design
[2026-03-31T19:09:43+0000] [3x3_2clz] still running...
AWS FPGA: (18:32:28): Writing post-opt design checkpoint and report
## write_checkpoint -force ${checkpoints_dir}/${CL}.${TAG}.post_opt.dcp
INFO: [Timing 38-480] Writing timing data to binary archive.
INFO: [Common 17-1381] The checkpoint '/home/ubuntu/src/project_data/SatSwarmV2/src/aws-fpga/hdk/cl/examples/cl_satswarm/build/checkpoints/cl_satswarm.2026_03_31-175343.post_opt.dcp' has been generated.
write_checkpoint: Time (s): cpu = 00:01:09 ; elapsed = 00:01:11 . Memory (MB): peak = 11669.277 ; gain = 0.000 ; free physical = 14517 ; free virtual = 29744
INFO: [Timing 38-91] UpdateTimingParams: Speed grade: -2, Temperature grade: E, Delay Type: max.
INFO: [Timing 38-35] Done setting XDC timing constraints.
INFO: [Timing 38-78] ReportTimingParams: -max_paths 10 -nworst 1 -delay_type max -sort_by group.
CRITICAL WARNING: [Vivado 12-4430] You are lowering the severity from an ERROR. This can potentially lead to board damage or other functionality issues on hardware. If this is not desired, please run 'reset_property SEVERITY [get_drc_checks REQP-123]' to undo this change.
## place_design -directive $PLACE_DIRECT -no_bufg_opt
Command: place_design -directive Default -no_bufg_opt
Running DRC as a precondition to command place_design
[2026-03-31T19:11:43+0000] [3x3_2clz] still running...
AWS FPGA: (18:32:28): Writing post-opt design checkpoint and report
## write_checkpoint -force ${checkpoints_dir}/${CL}.${TAG}.post_opt.dcp
INFO: [Timing 38-480] Writing timing data to binary archive.
INFO: [Common 17-1381] The checkpoint '/home/ubuntu/src/project_data/SatSwarmV2/src/aws-fpga/hdk/cl/examples/cl_satswarm/build/checkpoints/cl_satswarm.2026_03_31-175343.post_opt.dcp' has been generated.
write_checkpoint: Time (s): cpu = 00:01:09 ; elapsed = 00:01:11 . Memory (MB): peak = 11669.277 ; gain = 0.000 ; free physical = 14517 ; free virtual = 29744
INFO: [Timing 38-91] UpdateTimingParams: Speed grade: -2, Temperature grade: E, Delay Type: max.
INFO: [Timing 38-35] Done setting XDC timing constraints.
INFO: [Timing 38-78] ReportTimingParams: -max_paths 10 -nworst 1 -delay_type max -sort_by group.
CRITICAL WARNING: [Vivado 12-4430] You are lowering the severity from an ERROR. This can potentially lead to board damage or other functionality issues on hardware. If this is not desired, please run 'reset_property SEVERITY [get_drc_checks REQP-123]' to undo this change.
## place_design -directive $PLACE_DIRECT -no_bufg_opt
Command: place_design -directive Default -no_bufg_opt
Running DRC as a precondition to command place_design
[2026-03-31T19:13:43+0000] [3x3_2clz] still running...
AWS FPGA: (18:32:28): Writing post-opt design checkpoint and report
## write_checkpoint -force ${checkpoints_dir}/${CL}.${TAG}.post_opt.dcp
INFO: [Timing 38-480] Writing timing data to binary archive.
INFO: [Common 17-1381] The checkpoint '/home/ubuntu/src/project_data/SatSwarmV2/src/aws-fpga/hdk/cl/examples/cl_satswarm/build/checkpoints/cl_satswarm.2026_03_31-175343.post_opt.dcp' has been generated.
write_checkpoint: Time (s): cpu = 00:01:09 ; elapsed = 00:01:11 . Memory (MB): peak = 11669.277 ; gain = 0.000 ; free physical = 14517 ; free virtual = 29744
INFO: [Timing 38-91] UpdateTimingParams: Speed grade: -2, Temperature grade: E, Delay Type: max.
INFO: [Timing 38-35] Done setting XDC timing constraints.
INFO: [Timing 38-78] ReportTimingParams: -max_paths 10 -nworst 1 -delay_type max -sort_by group.
CRITICAL WARNING: [Vivado 12-4430] You are lowering the severity from an ERROR. This can potentially lead to board damage or other functionality issues on hardware. If this is not desired, please run 'reset_property SEVERITY [get_drc_checks REQP-123]' to undo this change.
## place_design -directive $PLACE_DIRECT -no_bufg_opt
Command: place_design -directive Default -no_bufg_opt
Running DRC as a precondition to command place_design
[2026-03-31T19:15:43+0000] [3x3_2clz] still running...
## write_checkpoint -force ${checkpoints_dir}/${CL}.${TAG}.post_opt.dcp
INFO: [Timing 38-480] Writing timing data to binary archive.
INFO: [Common 17-1381] The checkpoint '/home/ubuntu/src/project_data/SatSwarmV2/src/aws-fpga/hdk/cl/examples/cl_satswarm/build/checkpoints/cl_satswarm.2026_03_31-175343.post_opt.dcp' has been generated.
write_checkpoint: Time (s): cpu = 00:01:09 ; elapsed = 00:01:11 . Memory (MB): peak = 11669.277 ; gain = 0.000 ; free physical = 14517 ; free virtual = 29744
INFO: [Timing 38-91] UpdateTimingParams: Speed grade: -2, Temperature grade: E, Delay Type: max.
INFO: [Timing 38-35] Done setting XDC timing constraints.
INFO: [Timing 38-78] ReportTimingParams: -max_paths 10 -nworst 1 -delay_type max -sort_by group.
CRITICAL WARNING: [Vivado 12-4430] You are lowering the severity from an ERROR. This can potentially lead to board damage or other functionality issues on hardware. If this is not desired, please run 'reset_property SEVERITY [get_drc_checks REQP-123]' to undo this change.
## place_design -directive $PLACE_DIRECT -no_bufg_opt
Command: place_design -directive Default -no_bufg_opt
Running DRC as a precondition to command place_design
Phase 2.1.1.4 PBP: UpdateTiming
[2026-03-31T19:17:43+0000] [3x3_2clz] still running...
INFO: [Timing 38-480] Writing timing data to binary archive.
INFO: [Common 17-1381] The checkpoint '/home/ubuntu/src/project_data/SatSwarmV2/src/aws-fpga/hdk/cl/examples/cl_satswarm/build/checkpoints/cl_satswarm.2026_03_31-175343.post_opt.dcp' has been generated.
write_checkpoint: Time (s): cpu = 00:01:09 ; elapsed = 00:01:11 . Memory (MB): peak = 11669.277 ; gain = 0.000 ; free physical = 14517 ; free virtual = 29744
INFO: [Timing 38-91] UpdateTimingParams: Speed grade: -2, Temperature grade: E, Delay Type: max.
INFO: [Timing 38-35] Done setting XDC timing constraints.
INFO: [Timing 38-78] ReportTimingParams: -max_paths 10 -nworst 1 -delay_type max -sort_by group.
CRITICAL WARNING: [Vivado 12-4430] You are lowering the severity from an ERROR. This can potentially lead to board damage or other functionality issues on hardware. If this is not desired, please run 'reset_property SEVERITY [get_drc_checks REQP-123]' to undo this change.
## place_design -directive $PLACE_DIRECT -no_bufg_opt
Command: place_design -directive Default -no_bufg_opt
Running DRC as a precondition to command place_design
Phase 2.1.1.4 PBP: UpdateTiming
Phase 2.1.1.4 PBP: UpdateTiming | Checksum: 1dcb4edd8
[2026-03-31T19:19:43+0000] [3x3_2clz] still running...
write_checkpoint: Time (s): cpu = 00:01:09 ; elapsed = 00:01:11 . Memory (MB): peak = 11669.277 ; gain = 0.000 ; free physical = 14517 ; free virtual = 29744
INFO: [Timing 38-91] UpdateTimingParams: Speed grade: -2, Temperature grade: E, Delay Type: max.
INFO: [Timing 38-35] Done setting XDC timing constraints.
INFO: [Timing 38-78] ReportTimingParams: -max_paths 10 -nworst 1 -delay_type max -sort_by group.
CRITICAL WARNING: [Vivado 12-4430] You are lowering the severity from an ERROR. This can potentially lead to board damage or other functionality issues on hardware. If this is not desired, please run 'reset_property SEVERITY [get_drc_checks REQP-123]' to undo this change.
## place_design -directive $PLACE_DIRECT -no_bufg_opt
Command: place_design -directive Default -no_bufg_opt
Running DRC as a precondition to command place_design
Phase 2.1.1.4 PBP: UpdateTiming
Phase 2.1.1.4 PBP: UpdateTiming | Checksum: 1dcb4edd8
Phase 2.3 Update Timing before SLR Path Opt
Phase 2.3 Update Timing before SLR Path Opt | Checksum: 1553b37eb
[2026-03-31T19:21:43+0000] [3x3_2clz] still running...
write_checkpoint: Time (s): cpu = 00:01:09 ; elapsed = 00:01:11 . Memory (MB): peak = 11669.277 ; gain = 0.000 ; free physical = 14517 ; free virtual = 29744
INFO: [Timing 38-91] UpdateTimingParams: Speed grade: -2, Temperature grade: E, Delay Type: max.
INFO: [Timing 38-35] Done setting XDC timing constraints.
INFO: [Timing 38-78] ReportTimingParams: -max_paths 10 -nworst 1 -delay_type max -sort_by group.
CRITICAL WARNING: [Vivado 12-4430] You are lowering the severity from an ERROR. This can potentially lead to board damage or other functionality issues on hardware. If this is not desired, please run 'reset_property SEVERITY [get_drc_checks REQP-123]' to undo this change.
## place_design -directive $PLACE_DIRECT -no_bufg_opt
Command: place_design -directive Default -no_bufg_opt
Running DRC as a precondition to command place_design
Phase 2.1.1.4 PBP: UpdateTiming
Phase 2.1.1.4 PBP: UpdateTiming | Checksum: 1dcb4edd8
Phase 2.3 Update Timing before SLR Path Opt
Phase 2.3 Update Timing before SLR Path Opt | Checksum: 1553b37eb
[2026-03-31T19:23:43+0000] [3x3_2clz] still running...
write_checkpoint: Time (s): cpu = 00:01:09 ; elapsed = 00:01:11 . Memory (MB): peak = 11669.277 ; gain = 0.000 ; free physical = 14517 ; free virtual = 29744
INFO: [Timing 38-91] UpdateTimingParams: Speed grade: -2, Temperature grade: E, Delay Type: max.
INFO: [Timing 38-35] Done setting XDC timing constraints.
INFO: [Timing 38-78] ReportTimingParams: -max_paths 10 -nworst 1 -delay_type max -sort_by group.
CRITICAL WARNING: [Vivado 12-4430] You are lowering the severity from an ERROR. This can potentially lead to board damage or other functionality issues on hardware. If this is not desired, please run 'reset_property SEVERITY [get_drc_checks REQP-123]' to undo this change.
## place_design -directive $PLACE_DIRECT -no_bufg_opt
Command: place_design -directive Default -no_bufg_opt
Running DRC as a precondition to command place_design
Phase 2.1.1.4 PBP: UpdateTiming
Phase 2.1.1.4 PBP: UpdateTiming | Checksum: 1dcb4edd8
Phase 2.3 Update Timing before SLR Path Opt
Phase 2.3 Update Timing before SLR Path Opt | Checksum: 1553b37eb
[2026-03-31T19:25:43+0000] [3x3_2clz] still running...
write_checkpoint: Time (s): cpu = 00:01:09 ; elapsed = 00:01:11 . Memory (MB): peak = 11669.277 ; gain = 0.000 ; free physical = 14517 ; free virtual = 29744
INFO: [Timing 38-91] UpdateTimingParams: Speed grade: -2, Temperature grade: E, Delay Type: max.
INFO: [Timing 38-35] Done setting XDC timing constraints.
INFO: [Timing 38-78] ReportTimingParams: -max_paths 10 -nworst 1 -delay_type max -sort_by group.
CRITICAL WARNING: [Vivado 12-4430] You are lowering the severity from an ERROR. This can potentially lead to board damage or other functionality issues on hardware. If this is not desired, please run 'reset_property SEVERITY [get_drc_checks REQP-123]' to undo this change.
## place_design -directive $PLACE_DIRECT -no_bufg_opt
Command: place_design -directive Default -no_bufg_opt
Running DRC as a precondition to command place_design
Phase 2.1.1.4 PBP: UpdateTiming
Phase 2.1.1.4 PBP: UpdateTiming | Checksum: 1dcb4edd8
Phase 2.3 Update Timing before SLR Path Opt
Phase 2.3 Update Timing before SLR Path Opt | Checksum: 1553b37eb
[2026-03-31T19:27:43+0000] [3x3_2clz] still running...
write_checkpoint: Time (s): cpu = 00:01:09 ; elapsed = 00:01:11 . Memory (MB): peak = 11669.277 ; gain = 0.000 ; free physical = 14517 ; free virtual = 29744
INFO: [Timing 38-91] UpdateTimingParams: Speed grade: -2, Temperature grade: E, Delay Type: max.
INFO: [Timing 38-35] Done setting XDC timing constraints.
INFO: [Timing 38-78] ReportTimingParams: -max_paths 10 -nworst 1 -delay_type max -sort_by group.
CRITICAL WARNING: [Vivado 12-4430] You are lowering the severity from an ERROR. This can potentially lead to board damage or other functionality issues on hardware. If this is not desired, please run 'reset_property SEVERITY [get_drc_checks REQP-123]' to undo this change.
## place_design -directive $PLACE_DIRECT -no_bufg_opt
Command: place_design -directive Default -no_bufg_opt
Running DRC as a precondition to command place_design
Phase 2.1.1.4 PBP: UpdateTiming
Phase 2.1.1.4 PBP: UpdateTiming | Checksum: 1dcb4edd8
Phase 2.3 Update Timing before SLR Path Opt
Phase 2.3 Update Timing before SLR Path Opt | Checksum: 1553b37eb
[2026-03-31T19:29:43+0000] [3x3_2clz] still running...
write_checkpoint: Time (s): cpu = 00:01:09 ; elapsed = 00:01:11 . Memory (MB): peak = 11669.277 ; gain = 0.000 ; free physical = 14517 ; free virtual = 29744
INFO: [Timing 38-91] UpdateTimingParams: Speed grade: -2, Temperature grade: E, Delay Type: max.
INFO: [Timing 38-35] Done setting XDC timing constraints.
INFO: [Timing 38-78] ReportTimingParams: -max_paths 10 -nworst 1 -delay_type max -sort_by group.
CRITICAL WARNING: [Vivado 12-4430] You are lowering the severity from an ERROR. This can potentially lead to board damage or other functionality issues on hardware. If this is not desired, please run 'reset_property SEVERITY [get_drc_checks REQP-123]' to undo this change.
## place_design -directive $PLACE_DIRECT -no_bufg_opt
Command: place_design -directive Default -no_bufg_opt
Running DRC as a precondition to command place_design
Phase 2.1.1.4 PBP: UpdateTiming
Phase 2.1.1.4 PBP: UpdateTiming | Checksum: 1dcb4edd8
Phase 2.3 Update Timing before SLR Path Opt
Phase 2.3 Update Timing before SLR Path Opt | Checksum: 1553b37eb
[2026-03-31T19:31:43+0000] [3x3_2clz] still running...
write_checkpoint: Time (s): cpu = 00:01:09 ; elapsed = 00:01:11 . Memory (MB): peak = 11669.277 ; gain = 0.000 ; free physical = 14517 ; free virtual = 29744
INFO: [Timing 38-91] UpdateTimingParams: Speed grade: -2, Temperature grade: E, Delay Type: max.
INFO: [Timing 38-35] Done setting XDC timing constraints.
INFO: [Timing 38-78] ReportTimingParams: -max_paths 10 -nworst 1 -delay_type max -sort_by group.
CRITICAL WARNING: [Vivado 12-4430] You are lowering the severity from an ERROR. This can potentially lead to board damage or other functionality issues on hardware. If this is not desired, please run 'reset_property SEVERITY [get_drc_checks REQP-123]' to undo this change.
## place_design -directive $PLACE_DIRECT -no_bufg_opt
Command: place_design -directive Default -no_bufg_opt
Running DRC as a precondition to command place_design
Phase 2.1.1.4 PBP: UpdateTiming
Phase 2.1.1.4 PBP: UpdateTiming | Checksum: 1dcb4edd8
Phase 2.3 Update Timing before SLR Path Opt
Phase 2.3 Update Timing before SLR Path Opt | Checksum: 1553b37eb
[2026-03-31T19:33:43+0000] [3x3_2clz] still running...
write_checkpoint: Time (s): cpu = 00:01:09 ; elapsed = 00:01:11 . Memory (MB): peak = 11669.277 ; gain = 0.000 ; free physical = 14517 ; free virtual = 29744
INFO: [Timing 38-91] UpdateTimingParams: Speed grade: -2, Temperature grade: E, Delay Type: max.
INFO: [Timing 38-35] Done setting XDC timing constraints.
INFO: [Timing 38-78] ReportTimingParams: -max_paths 10 -nworst 1 -delay_type max -sort_by group.
CRITICAL WARNING: [Vivado 12-4430] You are lowering the severity from an ERROR. This can potentially lead to board damage or other functionality issues on hardware. If this is not desired, please run 'reset_property SEVERITY [get_drc_checks REQP-123]' to undo this change.
## place_design -directive $PLACE_DIRECT -no_bufg_opt
Command: place_design -directive Default -no_bufg_opt
Running DRC as a precondition to command place_design
Phase 2.1.1.4 PBP: UpdateTiming
Phase 2.1.1.4 PBP: UpdateTiming | Checksum: 1dcb4edd8
Phase 2.3 Update Timing before SLR Path Opt
Phase 2.3 Update Timing before SLR Path Opt | Checksum: 1553b37eb
[2026-03-31T19:35:43+0000] [3x3_2clz] still running...
write_checkpoint: Time (s): cpu = 00:01:09 ; elapsed = 00:01:11 . Memory (MB): peak = 11669.277 ; gain = 0.000 ; free physical = 14517 ; free virtual = 29744
INFO: [Timing 38-91] UpdateTimingParams: Speed grade: -2, Temperature grade: E, Delay Type: max.
INFO: [Timing 38-35] Done setting XDC timing constraints.
INFO: [Timing 38-78] ReportTimingParams: -max_paths 10 -nworst 1 -delay_type max -sort_by group.
CRITICAL WARNING: [Vivado 12-4430] You are lowering the severity from an ERROR. This can potentially lead to board damage or other functionality issues on hardware. If this is not desired, please run 'reset_property SEVERITY [get_drc_checks REQP-123]' to undo this change.
## place_design -directive $PLACE_DIRECT -no_bufg_opt
Command: place_design -directive Default -no_bufg_opt
Running DRC as a precondition to command place_design
Phase 2.1.1.4 PBP: UpdateTiming
Phase 2.1.1.4 PBP: UpdateTiming | Checksum: 1dcb4edd8
Phase 2.3 Update Timing before SLR Path Opt
Phase 2.3 Update Timing before SLR Path Opt | Checksum: 1553b37eb
[2026-03-31T19:37:43+0000] [3x3_2clz] still running...
write_checkpoint: Time (s): cpu = 00:01:09 ; elapsed = 00:01:11 . Memory (MB): peak = 11669.277 ; gain = 0.000 ; free physical = 14517 ; free virtual = 29744
INFO: [Timing 38-91] UpdateTimingParams: Speed grade: -2, Temperature grade: E, Delay Type: max.
INFO: [Timing 38-35] Done setting XDC timing constraints.
INFO: [Timing 38-78] ReportTimingParams: -max_paths 10 -nworst 1 -delay_type max -sort_by group.
CRITICAL WARNING: [Vivado 12-4430] You are lowering the severity from an ERROR. This can potentially lead to board damage or other functionality issues on hardware. If this is not desired, please run 'reset_property SEVERITY [get_drc_checks REQP-123]' to undo this change.
## place_design -directive $PLACE_DIRECT -no_bufg_opt
Command: place_design -directive Default -no_bufg_opt
Running DRC as a precondition to command place_design
Phase 2.1.1.4 PBP: UpdateTiming
Phase 2.1.1.4 PBP: UpdateTiming | Checksum: 1dcb4edd8
Phase 2.3 Update Timing before SLR Path Opt
Phase 2.3 Update Timing before SLR Path Opt | Checksum: 1553b37eb
[2026-03-31T19:39:43+0000] [3x3_2clz] still running...
write_checkpoint: Time (s): cpu = 00:01:09 ; elapsed = 00:01:11 . Memory (MB): peak = 11669.277 ; gain = 0.000 ; free physical = 14517 ; free virtual = 29744
INFO: [Timing 38-91] UpdateTimingParams: Speed grade: -2, Temperature grade: E, Delay Type: max.
INFO: [Timing 38-35] Done setting XDC timing constraints.
INFO: [Timing 38-78] ReportTimingParams: -max_paths 10 -nworst 1 -delay_type max -sort_by group.
CRITICAL WARNING: [Vivado 12-4430] You are lowering the severity from an ERROR. This can potentially lead to board damage or other functionality issues on hardware. If this is not desired, please run 'reset_property SEVERITY [get_drc_checks REQP-123]' to undo this change.
## place_design -directive $PLACE_DIRECT -no_bufg_opt
Command: place_design -directive Default -no_bufg_opt
Running DRC as a precondition to command place_design
Phase 2.1.1.4 PBP: UpdateTiming
Phase 2.1.1.4 PBP: UpdateTiming | Checksum: 1dcb4edd8
Phase 2.3 Update Timing before SLR Path Opt
Phase 2.3 Update Timing before SLR Path Opt | Checksum: 1553b37eb
[2026-03-31T19:41:43+0000] [3x3_2clz] still running...
INFO: [Timing 38-91] UpdateTimingParams: Speed grade: -2, Temperature grade: E, Delay Type: max.
INFO: [Timing 38-35] Done setting XDC timing constraints.
INFO: [Timing 38-78] ReportTimingParams: -max_paths 10 -nworst 1 -delay_type max -sort_by group.
CRITICAL WARNING: [Vivado 12-4430] You are lowering the severity from an ERROR. This can potentially lead to board damage or other functionality issues on hardware. If this is not desired, please run 'reset_property SEVERITY [get_drc_checks REQP-123]' to undo this change.
## place_design -directive $PLACE_DIRECT -no_bufg_opt
Command: place_design -directive Default -no_bufg_opt
Running DRC as a precondition to command place_design
Phase 2.1.1.4 PBP: UpdateTiming
Phase 2.1.1.4 PBP: UpdateTiming | Checksum: 1dcb4edd8
Phase 2.3 Update Timing before SLR Path Opt
Phase 2.3 Update Timing before SLR Path Opt | Checksum: 1553b37eb
Phase 2.6.1 UpdateTiming Before Physical Synthesis
[2026-03-31T19:43:43+0000] [3x3_2clz] still running...
INFO: [Timing 38-35] Done setting XDC timing constraints.
INFO: [Timing 38-78] ReportTimingParams: -max_paths 10 -nworst 1 -delay_type max -sort_by group.
CRITICAL WARNING: [Vivado 12-4430] You are lowering the severity from an ERROR. This can potentially lead to board damage or other functionality issues on hardware. If this is not desired, please run 'reset_property SEVERITY [get_drc_checks REQP-123]' to undo this change.
## place_design -directive $PLACE_DIRECT -no_bufg_opt
Command: place_design -directive Default -no_bufg_opt
Running DRC as a precondition to command place_design
Phase 2.1.1.4 PBP: UpdateTiming
Phase 2.1.1.4 PBP: UpdateTiming | Checksum: 1dcb4edd8
Phase 2.3 Update Timing before SLR Path Opt
Phase 2.3 Update Timing before SLR Path Opt | Checksum: 1553b37eb
Phase 2.6.1 UpdateTiming Before Physical Synthesis
Phase 2.6.1 UpdateTiming Before Physical Synthesis | Checksum: 1962b4db7
[2026-03-31T19:45:43+0000] [3x3_2clz] still running...
INFO: [Timing 38-35] Done setting XDC timing constraints.
INFO: [Timing 38-78] ReportTimingParams: -max_paths 10 -nworst 1 -delay_type max -sort_by group.
CRITICAL WARNING: [Vivado 12-4430] You are lowering the severity from an ERROR. This can potentially lead to board damage or other functionality issues on hardware. If this is not desired, please run 'reset_property SEVERITY [get_drc_checks REQP-123]' to undo this change.
## place_design -directive $PLACE_DIRECT -no_bufg_opt
Command: place_design -directive Default -no_bufg_opt
Running DRC as a precondition to command place_design
Phase 2.1.1.4 PBP: UpdateTiming
Phase 2.1.1.4 PBP: UpdateTiming | Checksum: 1dcb4edd8
Phase 2.3 Update Timing before SLR Path Opt
Phase 2.3 Update Timing before SLR Path Opt | Checksum: 1553b37eb
Phase 2.6.1 UpdateTiming Before Physical Synthesis
Phase 2.6.1 UpdateTiming Before Physical Synthesis | Checksum: 1962b4db7
[2026-03-31T19:47:43+0000] [3x3_2clz] still running...
INFO: [Timing 38-35] Done setting XDC timing constraints.
INFO: [Timing 38-78] ReportTimingParams: -max_paths 10 -nworst 1 -delay_type max -sort_by group.
CRITICAL WARNING: [Vivado 12-4430] You are lowering the severity from an ERROR. This can potentially lead to board damage or other functionality issues on hardware. If this is not desired, please run 'reset_property SEVERITY [get_drc_checks REQP-123]' to undo this change.
## place_design -directive $PLACE_DIRECT -no_bufg_opt
Command: place_design -directive Default -no_bufg_opt
Running DRC as a precondition to command place_design
Phase 2.1.1.4 PBP: UpdateTiming
Phase 2.1.1.4 PBP: UpdateTiming | Checksum: 1dcb4edd8
Phase 2.3 Update Timing before SLR Path Opt
Phase 2.3 Update Timing before SLR Path Opt | Checksum: 1553b37eb
Phase 2.6.1 UpdateTiming Before Physical Synthesis
Phase 2.6.1 UpdateTiming Before Physical Synthesis | Checksum: 1962b4db7
[2026-03-31T19:49:43+0000] [3x3_2clz] still running...
INFO: [Timing 38-35] Done setting XDC timing constraints.
INFO: [Timing 38-78] ReportTimingParams: -max_paths 10 -nworst 1 -delay_type max -sort_by group.
CRITICAL WARNING: [Vivado 12-4430] You are lowering the severity from an ERROR. This can potentially lead to board damage or other functionality issues on hardware. If this is not desired, please run 'reset_property SEVERITY [get_drc_checks REQP-123]' to undo this change.
## place_design -directive $PLACE_DIRECT -no_bufg_opt
Command: place_design -directive Default -no_bufg_opt
Running DRC as a precondition to command place_design
Phase 2.1.1.4 PBP: UpdateTiming
Phase 2.1.1.4 PBP: UpdateTiming | Checksum: 1dcb4edd8
Phase 2.3 Update Timing before SLR Path Opt
Phase 2.3 Update Timing before SLR Path Opt | Checksum: 1553b37eb
Phase 2.6.1 UpdateTiming Before Physical Synthesis
Phase 2.6.1 UpdateTiming Before Physical Synthesis | Checksum: 1962b4db7
[2026-03-31T19:51:43+0000] [3x3_2clz] still running...
INFO: [Timing 38-35] Done setting XDC timing constraints.
INFO: [Timing 38-78] ReportTimingParams: -max_paths 10 -nworst 1 -delay_type max -sort_by group.
CRITICAL WARNING: [Vivado 12-4430] You are lowering the severity from an ERROR. This can potentially lead to board damage or other functionality issues on hardware. If this is not desired, please run 'reset_property SEVERITY [get_drc_checks REQP-123]' to undo this change.
## place_design -directive $PLACE_DIRECT -no_bufg_opt
Command: place_design -directive Default -no_bufg_opt
Running DRC as a precondition to command place_design
Phase 2.1.1.4 PBP: UpdateTiming
Phase 2.1.1.4 PBP: UpdateTiming | Checksum: 1dcb4edd8
Phase 2.3 Update Timing before SLR Path Opt
Phase 2.3 Update Timing before SLR Path Opt | Checksum: 1553b37eb
Phase 2.6.1 UpdateTiming Before Physical Synthesis
Phase 2.6.1 UpdateTiming Before Physical Synthesis | Checksum: 1962b4db7
[2026-03-31T19:53:43+0000] [3x3_2clz] still running...
INFO: [Timing 38-35] Done setting XDC timing constraints.
INFO: [Timing 38-78] ReportTimingParams: -max_paths 10 -nworst 1 -delay_type max -sort_by group.
CRITICAL WARNING: [Vivado 12-4430] You are lowering the severity from an ERROR. This can potentially lead to board damage or other functionality issues on hardware. If this is not desired, please run 'reset_property SEVERITY [get_drc_checks REQP-123]' to undo this change.
## place_design -directive $PLACE_DIRECT -no_bufg_opt
Command: place_design -directive Default -no_bufg_opt
Running DRC as a precondition to command place_design
Phase 2.1.1.4 PBP: UpdateTiming
Phase 2.1.1.4 PBP: UpdateTiming | Checksum: 1dcb4edd8
Phase 2.3 Update Timing before SLR Path Opt
Phase 2.3 Update Timing before SLR Path Opt | Checksum: 1553b37eb
Phase 2.6.1 UpdateTiming Before Physical Synthesis
Phase 2.6.1 UpdateTiming Before Physical Synthesis | Checksum: 1962b4db7
[2026-03-31T19:55:43+0000] [3x3_2clz] still running...
INFO: [Timing 38-35] Done setting XDC timing constraints.
INFO: [Timing 38-78] ReportTimingParams: -max_paths 10 -nworst 1 -delay_type max -sort_by group.
CRITICAL WARNING: [Vivado 12-4430] You are lowering the severity from an ERROR. This can potentially lead to board damage or other functionality issues on hardware. If this is not desired, please run 'reset_property SEVERITY [get_drc_checks REQP-123]' to undo this change.
## place_design -directive $PLACE_DIRECT -no_bufg_opt
Command: place_design -directive Default -no_bufg_opt
Running DRC as a precondition to command place_design
Phase 2.1.1.4 PBP: UpdateTiming
Phase 2.1.1.4 PBP: UpdateTiming | Checksum: 1dcb4edd8
Phase 2.3 Update Timing before SLR Path Opt
Phase 2.3 Update Timing before SLR Path Opt | Checksum: 1553b37eb
Phase 2.6.1 UpdateTiming Before Physical Synthesis
Phase 2.6.1 UpdateTiming Before Physical Synthesis | Checksum: 1962b4db7
[2026-03-31T19:57:43+0000] [3x3_2clz] still running...
INFO: [Timing 38-35] Done setting XDC timing constraints.
INFO: [Timing 38-78] ReportTimingParams: -max_paths 10 -nworst 1 -delay_type max -sort_by group.
CRITICAL WARNING: [Vivado 12-4430] You are lowering the severity from an ERROR. This can potentially lead to board damage or other functionality issues on hardware. If this is not desired, please run 'reset_property SEVERITY [get_drc_checks REQP-123]' to undo this change.
## place_design -directive $PLACE_DIRECT -no_bufg_opt
Command: place_design -directive Default -no_bufg_opt
Running DRC as a precondition to command place_design
Phase 2.1.1.4 PBP: UpdateTiming
Phase 2.1.1.4 PBP: UpdateTiming | Checksum: 1dcb4edd8
Phase 2.3 Update Timing before SLR Path Opt
Phase 2.3 Update Timing before SLR Path Opt | Checksum: 1553b37eb
Phase 2.6.1 UpdateTiming Before Physical Synthesis
Phase 2.6.1 UpdateTiming Before Physical Synthesis | Checksum: 1962b4db7
[2026-03-31T19:59:43+0000] [3x3_2clz] still running...
INFO: [Timing 38-35] Done setting XDC timing constraints.
INFO: [Timing 38-78] ReportTimingParams: -max_paths 10 -nworst 1 -delay_type max -sort_by group.
CRITICAL WARNING: [Vivado 12-4430] You are lowering the severity from an ERROR. This can potentially lead to board damage or other functionality issues on hardware. If this is not desired, please run 'reset_property SEVERITY [get_drc_checks REQP-123]' to undo this change.
## place_design -directive $PLACE_DIRECT -no_bufg_opt
Command: place_design -directive Default -no_bufg_opt
Running DRC as a precondition to command place_design
Phase 2.1.1.4 PBP: UpdateTiming
Phase 2.1.1.4 PBP: UpdateTiming | Checksum: 1dcb4edd8
Phase 2.3 Update Timing before SLR Path Opt
Phase 2.3 Update Timing before SLR Path Opt | Checksum: 1553b37eb
Phase 2.6.1 UpdateTiming Before Physical Synthesis
Phase 2.6.1 UpdateTiming Before Physical Synthesis | Checksum: 1962b4db7
[2026-03-31T20:01:43+0000] [3x3_2clz] still running...
INFO: [Timing 38-35] Done setting XDC timing constraints.
INFO: [Timing 38-78] ReportTimingParams: -max_paths 10 -nworst 1 -delay_type max -sort_by group.
CRITICAL WARNING: [Vivado 12-4430] You are lowering the severity from an ERROR. This can potentially lead to board damage or other functionality issues on hardware. If this is not desired, please run 'reset_property SEVERITY [get_drc_checks REQP-123]' to undo this change.
## place_design -directive $PLACE_DIRECT -no_bufg_opt
Command: place_design -directive Default -no_bufg_opt
Running DRC as a precondition to command place_design
Phase 2.1.1.4 PBP: UpdateTiming
Phase 2.1.1.4 PBP: UpdateTiming | Checksum: 1dcb4edd8
Phase 2.3 Update Timing before SLR Path Opt
Phase 2.3 Update Timing before SLR Path Opt | Checksum: 1553b37eb
Phase 2.6.1 UpdateTiming Before Physical Synthesis
Phase 2.6.1 UpdateTiming Before Physical Synthesis | Checksum: 1962b4db7
[2026-03-31T20:03:43+0000] [3x3_2clz] still running...
INFO: [Timing 38-35] Done setting XDC timing constraints.
INFO: [Timing 38-78] ReportTimingParams: -max_paths 10 -nworst 1 -delay_type max -sort_by group.
CRITICAL WARNING: [Vivado 12-4430] You are lowering the severity from an ERROR. This can potentially lead to board damage or other functionality issues on hardware. If this is not desired, please run 'reset_property SEVERITY [get_drc_checks REQP-123]' to undo this change.
## place_design -directive $PLACE_DIRECT -no_bufg_opt
Command: place_design -directive Default -no_bufg_opt
Running DRC as a precondition to command place_design
Phase 2.1.1.4 PBP: UpdateTiming
Phase 2.1.1.4 PBP: UpdateTiming | Checksum: 1dcb4edd8
Phase 2.3 Update Timing before SLR Path Opt
Phase 2.3 Update Timing before SLR Path Opt | Checksum: 1553b37eb
Phase 2.6.1 UpdateTiming Before Physical Synthesis
Phase 2.6.1 UpdateTiming Before Physical Synthesis | Checksum: 1962b4db7
[2026-03-31T20:05:43+0000] [3x3_2clz] still running...
INFO: [Timing 38-35] Done setting XDC timing constraints.
INFO: [Timing 38-78] ReportTimingParams: -max_paths 10 -nworst 1 -delay_type max -sort_by group.
CRITICAL WARNING: [Vivado 12-4430] You are lowering the severity from an ERROR. This can potentially lead to board damage or other functionality issues on hardware. If this is not desired, please run 'reset_property SEVERITY [get_drc_checks REQP-123]' to undo this change.
## place_design -directive $PLACE_DIRECT -no_bufg_opt
Command: place_design -directive Default -no_bufg_opt
Running DRC as a precondition to command place_design
Phase 2.1.1.4 PBP: UpdateTiming
Phase 2.1.1.4 PBP: UpdateTiming | Checksum: 1dcb4edd8
Phase 2.3 Update Timing before SLR Path Opt
Phase 2.3 Update Timing before SLR Path Opt | Checksum: 1553b37eb
Phase 2.6.1 UpdateTiming Before Physical Synthesis
Phase 2.6.1 UpdateTiming Before Physical Synthesis | Checksum: 1962b4db7
[2026-03-31T20:07:43+0000] [3x3_2clz] still running...
INFO: [Timing 38-35] Done setting XDC timing constraints.
INFO: [Timing 38-78] ReportTimingParams: -max_paths 10 -nworst 1 -delay_type max -sort_by group.
CRITICAL WARNING: [Vivado 12-4430] You are lowering the severity from an ERROR. This can potentially lead to board damage or other functionality issues on hardware. If this is not desired, please run 'reset_property SEVERITY [get_drc_checks REQP-123]' to undo this change.
## place_design -directive $PLACE_DIRECT -no_bufg_opt
Command: place_design -directive Default -no_bufg_opt
Running DRC as a precondition to command place_design
Phase 2.1.1.4 PBP: UpdateTiming
Phase 2.1.1.4 PBP: UpdateTiming | Checksum: 1dcb4edd8
Phase 2.3 Update Timing before SLR Path Opt
Phase 2.3 Update Timing before SLR Path Opt | Checksum: 1553b37eb
Phase 2.6.1 UpdateTiming Before Physical Synthesis
Phase 2.6.1 UpdateTiming Before Physical Synthesis | Checksum: 1962b4db7
[2026-03-31T20:09:43+0000] [3x3_2clz] still running...
INFO: [Timing 38-35] Done setting XDC timing constraints.
INFO: [Timing 38-78] ReportTimingParams: -max_paths 10 -nworst 1 -delay_type max -sort_by group.
CRITICAL WARNING: [Vivado 12-4430] You are lowering the severity from an ERROR. This can potentially lead to board damage or other functionality issues on hardware. If this is not desired, please run 'reset_property SEVERITY [get_drc_checks REQP-123]' to undo this change.
## place_design -directive $PLACE_DIRECT -no_bufg_opt
Command: place_design -directive Default -no_bufg_opt
Running DRC as a precondition to command place_design
Phase 2.1.1.4 PBP: UpdateTiming
Phase 2.1.1.4 PBP: UpdateTiming | Checksum: 1dcb4edd8
Phase 2.3 Update Timing before SLR Path Opt
Phase 2.3 Update Timing before SLR Path Opt | Checksum: 1553b37eb
Phase 2.6.1 UpdateTiming Before Physical Synthesis
Phase 2.6.1 UpdateTiming Before Physical Synthesis | Checksum: 1962b4db7
[2026-03-31T20:11:43+0000] [3x3_2clz] still running...
INFO: [Timing 38-35] Done setting XDC timing constraints.
INFO: [Timing 38-78] ReportTimingParams: -max_paths 10 -nworst 1 -delay_type max -sort_by group.
CRITICAL WARNING: [Vivado 12-4430] You are lowering the severity from an ERROR. This can potentially lead to board damage or other functionality issues on hardware. If this is not desired, please run 'reset_property SEVERITY [get_drc_checks REQP-123]' to undo this change.
## place_design -directive $PLACE_DIRECT -no_bufg_opt
Command: place_design -directive Default -no_bufg_opt
Running DRC as a precondition to command place_design
Phase 2.1.1.4 PBP: UpdateTiming
Phase 2.1.1.4 PBP: UpdateTiming | Checksum: 1dcb4edd8
Phase 2.3 Update Timing before SLR Path Opt
Phase 2.3 Update Timing before SLR Path Opt | Checksum: 1553b37eb
Phase 2.6.1 UpdateTiming Before Physical Synthesis
Phase 2.6.1 UpdateTiming Before Physical Synthesis | Checksum: 1962b4db7
[2026-03-31T20:13:43+0000] [3x3_2clz] still running...
INFO: [Timing 38-35] Done setting XDC timing constraints.
INFO: [Timing 38-78] ReportTimingParams: -max_paths 10 -nworst 1 -delay_type max -sort_by group.
CRITICAL WARNING: [Vivado 12-4430] You are lowering the severity from an ERROR. This can potentially lead to board damage or other functionality issues on hardware. If this is not desired, please run 'reset_property SEVERITY [get_drc_checks REQP-123]' to undo this change.
## place_design -directive $PLACE_DIRECT -no_bufg_opt
Command: place_design -directive Default -no_bufg_opt
Running DRC as a precondition to command place_design
Phase 2.1.1.4 PBP: UpdateTiming
Phase 2.1.1.4 PBP: UpdateTiming | Checksum: 1dcb4edd8
Phase 2.3 Update Timing before SLR Path Opt
Phase 2.3 Update Timing before SLR Path Opt | Checksum: 1553b37eb
Phase 2.6.1 UpdateTiming Before Physical Synthesis
Phase 2.6.1 UpdateTiming Before Physical Synthesis | Checksum: 1962b4db7
[2026-03-31T20:15:43+0000] [3x3_2clz] still running...
INFO: [Timing 38-35] Done setting XDC timing constraints.
INFO: [Timing 38-78] ReportTimingParams: -max_paths 10 -nworst 1 -delay_type max -sort_by group.
CRITICAL WARNING: [Vivado 12-4430] You are lowering the severity from an ERROR. This can potentially lead to board damage or other functionality issues on hardware. If this is not desired, please run 'reset_property SEVERITY [get_drc_checks REQP-123]' to undo this change.
## place_design -directive $PLACE_DIRECT -no_bufg_opt
Command: place_design -directive Default -no_bufg_opt
Running DRC as a precondition to command place_design
Phase 2.1.1.4 PBP: UpdateTiming
Phase 2.1.1.4 PBP: UpdateTiming | Checksum: 1dcb4edd8
Phase 2.3 Update Timing before SLR Path Opt
Phase 2.3 Update Timing before SLR Path Opt | Checksum: 1553b37eb
Phase 2.6.1 UpdateTiming Before Physical Synthesis
Phase 2.6.1 UpdateTiming Before Physical Synthesis | Checksum: 1962b4db7
[2026-03-31T20:17:43+0000] [3x3_2clz] still running...
INFO: [Timing 38-35] Done setting XDC timing constraints.
INFO: [Timing 38-78] ReportTimingParams: -max_paths 10 -nworst 1 -delay_type max -sort_by group.
CRITICAL WARNING: [Vivado 12-4430] You are lowering the severity from an ERROR. This can potentially lead to board damage or other functionality issues on hardware. If this is not desired, please run 'reset_property SEVERITY [get_drc_checks REQP-123]' to undo this change.
## place_design -directive $PLACE_DIRECT -no_bufg_opt
Command: place_design -directive Default -no_bufg_opt
Running DRC as a precondition to command place_design
Phase 2.1.1.4 PBP: UpdateTiming
Phase 2.1.1.4 PBP: UpdateTiming | Checksum: 1dcb4edd8
Phase 2.3 Update Timing before SLR Path Opt
Phase 2.3 Update Timing before SLR Path Opt | Checksum: 1553b37eb
Phase 2.6.1 UpdateTiming Before Physical Synthesis
Phase 2.6.1 UpdateTiming Before Physical Synthesis | Checksum: 1962b4db7
[2026-03-31T20:19:43+0000] [3x3_2clz] still running...
INFO: [Timing 38-35] Done setting XDC timing constraints.
INFO: [Timing 38-78] ReportTimingParams: -max_paths 10 -nworst 1 -delay_type max -sort_by group.
CRITICAL WARNING: [Vivado 12-4430] You are lowering the severity from an ERROR. This can potentially lead to board damage or other functionality issues on hardware. If this is not desired, please run 'reset_property SEVERITY [get_drc_checks REQP-123]' to undo this change.
## place_design -directive $PLACE_DIRECT -no_bufg_opt
Command: place_design -directive Default -no_bufg_opt
Running DRC as a precondition to command place_design
Phase 2.1.1.4 PBP: UpdateTiming
Phase 2.1.1.4 PBP: UpdateTiming | Checksum: 1dcb4edd8
Phase 2.3 Update Timing before SLR Path Opt
Phase 2.3 Update Timing before SLR Path Opt | Checksum: 1553b37eb
Phase 2.6.1 UpdateTiming Before Physical Synthesis
Phase 2.6.1 UpdateTiming Before Physical Synthesis | Checksum: 1962b4db7
[2026-03-31T20:21:43+0000] [3x3_2clz] still running...
INFO: [Timing 38-35] Done setting XDC timing constraints.
INFO: [Timing 38-78] ReportTimingParams: -max_paths 10 -nworst 1 -delay_type max -sort_by group.
CRITICAL WARNING: [Vivado 12-4430] You are lowering the severity from an ERROR. This can potentially lead to board damage or other functionality issues on hardware. If this is not desired, please run 'reset_property SEVERITY [get_drc_checks REQP-123]' to undo this change.
## place_design -directive $PLACE_DIRECT -no_bufg_opt
Command: place_design -directive Default -no_bufg_opt
Running DRC as a precondition to command place_design
Phase 2.1.1.4 PBP: UpdateTiming
Phase 2.1.1.4 PBP: UpdateTiming | Checksum: 1dcb4edd8
Phase 2.3 Update Timing before SLR Path Opt
Phase 2.3 Update Timing before SLR Path Opt | Checksum: 1553b37eb
Phase 2.6.1 UpdateTiming Before Physical Synthesis
Phase 2.6.1 UpdateTiming Before Physical Synthesis | Checksum: 1962b4db7
[2026-03-31T20:23:43+0000] [3x3_2clz] still running...
INFO: [Timing 38-35] Done setting XDC timing constraints.
INFO: [Timing 38-78] ReportTimingParams: -max_paths 10 -nworst 1 -delay_type max -sort_by group.
CRITICAL WARNING: [Vivado 12-4430] You are lowering the severity from an ERROR. This can potentially lead to board damage or other functionality issues on hardware. If this is not desired, please run 'reset_property SEVERITY [get_drc_checks REQP-123]' to undo this change.
## place_design -directive $PLACE_DIRECT -no_bufg_opt
Command: place_design -directive Default -no_bufg_opt
Running DRC as a precondition to command place_design
Phase 2.1.1.4 PBP: UpdateTiming
Phase 2.1.1.4 PBP: UpdateTiming | Checksum: 1dcb4edd8
Phase 2.3 Update Timing before SLR Path Opt
Phase 2.3 Update Timing before SLR Path Opt | Checksum: 1553b37eb
Phase 2.6.1 UpdateTiming Before Physical Synthesis
Phase 2.6.1 UpdateTiming Before Physical Synthesis | Checksum: 1962b4db7
[2026-03-31T20:25:43+0000] [3x3_2clz] still running...
INFO: [Timing 38-35] Done setting XDC timing constraints.
INFO: [Timing 38-78] ReportTimingParams: -max_paths 10 -nworst 1 -delay_type max -sort_by group.
CRITICAL WARNING: [Vivado 12-4430] You are lowering the severity from an ERROR. This can potentially lead to board damage or other functionality issues on hardware. If this is not desired, please run 'reset_property SEVERITY [get_drc_checks REQP-123]' to undo this change.
## place_design -directive $PLACE_DIRECT -no_bufg_opt
Command: place_design -directive Default -no_bufg_opt
Running DRC as a precondition to command place_design
Phase 2.1.1.4 PBP: UpdateTiming
Phase 2.1.1.4 PBP: UpdateTiming | Checksum: 1dcb4edd8
Phase 2.3 Update Timing before SLR Path Opt
Phase 2.3 Update Timing before SLR Path Opt | Checksum: 1553b37eb
Phase 2.6.1 UpdateTiming Before Physical Synthesis
Phase 2.6.1 UpdateTiming Before Physical Synthesis | Checksum: 1962b4db7
[2026-03-31T20:27:43+0000] [3x3_2clz] still running...
INFO: [Timing 38-35] Done setting XDC timing constraints.
INFO: [Timing 38-78] ReportTimingParams: -max_paths 10 -nworst 1 -delay_type max -sort_by group.
CRITICAL WARNING: [Vivado 12-4430] You are lowering the severity from an ERROR. This can potentially lead to board damage or other functionality issues on hardware. If this is not desired, please run 'reset_property SEVERITY [get_drc_checks REQP-123]' to undo this change.
## place_design -directive $PLACE_DIRECT -no_bufg_opt
Command: place_design -directive Default -no_bufg_opt
Running DRC as a precondition to command place_design
Phase 2.1.1.4 PBP: UpdateTiming
Phase 2.1.1.4 PBP: UpdateTiming | Checksum: 1dcb4edd8
Phase 2.3 Update Timing before SLR Path Opt
Phase 2.3 Update Timing before SLR Path Opt | Checksum: 1553b37eb
Phase 2.6.1 UpdateTiming Before Physical Synthesis
Phase 2.6.1 UpdateTiming Before Physical Synthesis | Checksum: 1962b4db7
[2026-03-31T20:29:43+0000] [3x3_2clz] still running...
INFO: [Timing 38-35] Done setting XDC timing constraints.
INFO: [Timing 38-78] ReportTimingParams: -max_paths 10 -nworst 1 -delay_type max -sort_by group.
CRITICAL WARNING: [Vivado 12-4430] You are lowering the severity from an ERROR. This can potentially lead to board damage or other functionality issues on hardware. If this is not desired, please run 'reset_property SEVERITY [get_drc_checks REQP-123]' to undo this change.
## place_design -directive $PLACE_DIRECT -no_bufg_opt
Command: place_design -directive Default -no_bufg_opt
Running DRC as a precondition to command place_design
Phase 2.1.1.4 PBP: UpdateTiming
Phase 2.1.1.4 PBP: UpdateTiming | Checksum: 1dcb4edd8
Phase 2.3 Update Timing before SLR Path Opt
Phase 2.3 Update Timing before SLR Path Opt | Checksum: 1553b37eb
Phase 2.6.1 UpdateTiming Before Physical Synthesis
Phase 2.6.1 UpdateTiming Before Physical Synthesis | Checksum: 1962b4db7
[2026-03-31T20:31:43+0000] [3x3_2clz] still running...
INFO: [Timing 38-35] Done setting XDC timing constraints.
INFO: [Timing 38-78] ReportTimingParams: -max_paths 10 -nworst 1 -delay_type max -sort_by group.
CRITICAL WARNING: [Vivado 12-4430] You are lowering the severity from an ERROR. This can potentially lead to board damage or other functionality issues on hardware. If this is not desired, please run 'reset_property SEVERITY [get_drc_checks REQP-123]' to undo this change.
## place_design -directive $PLACE_DIRECT -no_bufg_opt
Command: place_design -directive Default -no_bufg_opt
Running DRC as a precondition to command place_design
Phase 2.1.1.4 PBP: UpdateTiming
Phase 2.1.1.4 PBP: UpdateTiming | Checksum: 1dcb4edd8
Phase 2.3 Update Timing before SLR Path Opt
Phase 2.3 Update Timing before SLR Path Opt | Checksum: 1553b37eb
Phase 2.6.1 UpdateTiming Before Physical Synthesis
Phase 2.6.1 UpdateTiming Before Physical Synthesis | Checksum: 1962b4db7
[2026-03-31T20:33:44+0000] [3x3_2clz] still running...
INFO: [Timing 38-35] Done setting XDC timing constraints.
INFO: [Timing 38-78] ReportTimingParams: -max_paths 10 -nworst 1 -delay_type max -sort_by group.
CRITICAL WARNING: [Vivado 12-4430] You are lowering the severity from an ERROR. This can potentially lead to board damage or other functionality issues on hardware. If this is not desired, please run 'reset_property SEVERITY [get_drc_checks REQP-123]' to undo this change.
## place_design -directive $PLACE_DIRECT -no_bufg_opt
Command: place_design -directive Default -no_bufg_opt
Running DRC as a precondition to command place_design
Phase 2.1.1.4 PBP: UpdateTiming
Phase 2.1.1.4 PBP: UpdateTiming | Checksum: 1dcb4edd8
Phase 2.3 Update Timing before SLR Path Opt
Phase 2.3 Update Timing before SLR Path Opt | Checksum: 1553b37eb
Phase 2.6.1 UpdateTiming Before Physical Synthesis
Phase 2.6.1 UpdateTiming Before Physical Synthesis | Checksum: 1962b4db7
[2026-03-31T20:35:44+0000] [3x3_2clz] still running...
INFO: [Timing 38-35] Done setting XDC timing constraints.
INFO: [Timing 38-78] ReportTimingParams: -max_paths 10 -nworst 1 -delay_type max -sort_by group.
CRITICAL WARNING: [Vivado 12-4430] You are lowering the severity from an ERROR. This can potentially lead to board damage or other functionality issues on hardware. If this is not desired, please run 'reset_property SEVERITY [get_drc_checks REQP-123]' to undo this change.
## place_design -directive $PLACE_DIRECT -no_bufg_opt
Command: place_design -directive Default -no_bufg_opt
Running DRC as a precondition to command place_design
Phase 2.1.1.4 PBP: UpdateTiming
Phase 2.1.1.4 PBP: UpdateTiming | Checksum: 1dcb4edd8
Phase 2.3 Update Timing before SLR Path Opt
Phase 2.3 Update Timing before SLR Path Opt | Checksum: 1553b37eb
Phase 2.6.1 UpdateTiming Before Physical Synthesis
Phase 2.6.1 UpdateTiming Before Physical Synthesis | Checksum: 1962b4db7
[2026-03-31T20:37:44+0000] [3x3_2clz] still running...
INFO: [Timing 38-35] Done setting XDC timing constraints.
INFO: [Timing 38-78] ReportTimingParams: -max_paths 10 -nworst 1 -delay_type max -sort_by group.
CRITICAL WARNING: [Vivado 12-4430] You are lowering the severity from an ERROR. This can potentially lead to board damage or other functionality issues on hardware. If this is not desired, please run 'reset_property SEVERITY [get_drc_checks REQP-123]' to undo this change.
## place_design -directive $PLACE_DIRECT -no_bufg_opt
Command: place_design -directive Default -no_bufg_opt
Running DRC as a precondition to command place_design
Phase 2.1.1.4 PBP: UpdateTiming
Phase 2.1.1.4 PBP: UpdateTiming | Checksum: 1dcb4edd8
Phase 2.3 Update Timing before SLR Path Opt
Phase 2.3 Update Timing before SLR Path Opt | Checksum: 1553b37eb
Phase 2.6.1 UpdateTiming Before Physical Synthesis
Phase 2.6.1 UpdateTiming Before Physical Synthesis | Checksum: 1962b4db7
[2026-03-31T20:39:44+0000] [3x3_2clz] still running...
INFO: [Timing 38-78] ReportTimingParams: -max_paths 10 -nworst 1 -delay_type max -sort_by group.
CRITICAL WARNING: [Vivado 12-4430] You are lowering the severity from an ERROR. This can potentially lead to board damage or other functionality issues on hardware. If this is not desired, please run 'reset_property SEVERITY [get_drc_checks REQP-123]' to undo this change.
## place_design -directive $PLACE_DIRECT -no_bufg_opt
Command: place_design -directive Default -no_bufg_opt
Running DRC as a precondition to command place_design
Phase 2.1.1.4 PBP: UpdateTiming
Phase 2.1.1.4 PBP: UpdateTiming | Checksum: 1dcb4edd8
Phase 2.3 Update Timing before SLR Path Opt
Phase 2.3 Update Timing before SLR Path Opt | Checksum: 1553b37eb
Phase 2.6.1 UpdateTiming Before Physical Synthesis
Phase 2.6.1 UpdateTiming Before Physical Synthesis | Checksum: 1962b4db7
INFO: [Timing 38-35] Done setting XDC timing constraints.
[2026-03-31T20:41:44+0000] [3x3_2clz] still running...
INFO: [Timing 38-78] ReportTimingParams: -max_paths 10 -nworst 1 -delay_type max -sort_by group.
CRITICAL WARNING: [Vivado 12-4430] You are lowering the severity from an ERROR. This can potentially lead to board damage or other functionality issues on hardware. If this is not desired, please run 'reset_property SEVERITY [get_drc_checks REQP-123]' to undo this change.
## place_design -directive $PLACE_DIRECT -no_bufg_opt
Command: place_design -directive Default -no_bufg_opt
Running DRC as a precondition to command place_design
Phase 2.1.1.4 PBP: UpdateTiming
Phase 2.1.1.4 PBP: UpdateTiming | Checksum: 1dcb4edd8
Phase 2.3 Update Timing before SLR Path Opt
Phase 2.3 Update Timing before SLR Path Opt | Checksum: 1553b37eb
Phase 2.6.1 UpdateTiming Before Physical Synthesis
Phase 2.6.1 UpdateTiming Before Physical Synthesis | Checksum: 1962b4db7
INFO: [Timing 38-35] Done setting XDC timing constraints.
[2026-03-31T20:43:44+0000] [3x3_2clz] still running...
INFO: [Timing 38-78] ReportTimingParams: -max_paths 10 -nworst 1 -delay_type max -sort_by group.
CRITICAL WARNING: [Vivado 12-4430] You are lowering the severity from an ERROR. This can potentially lead to board damage or other functionality issues on hardware. If this is not desired, please run 'reset_property SEVERITY [get_drc_checks REQP-123]' to undo this change.
## place_design -directive $PLACE_DIRECT -no_bufg_opt
Command: place_design -directive Default -no_bufg_opt
Running DRC as a precondition to command place_design
Phase 2.1.1.4 PBP: UpdateTiming
Phase 2.1.1.4 PBP: UpdateTiming | Checksum: 1dcb4edd8
Phase 2.3 Update Timing before SLR Path Opt
Phase 2.3 Update Timing before SLR Path Opt | Checksum: 1553b37eb
Phase 2.6.1 UpdateTiming Before Physical Synthesis
Phase 2.6.1 UpdateTiming Before Physical Synthesis | Checksum: 1962b4db7
INFO: [Timing 38-35] Done setting XDC timing constraints.
[2026-03-31T20:45:44+0000] [3x3_2clz] still running...
INFO: [Timing 38-78] ReportTimingParams: -max_paths 10 -nworst 1 -delay_type max -sort_by group.
CRITICAL WARNING: [Vivado 12-4430] You are lowering the severity from an ERROR. This can potentially lead to board damage or other functionality issues on hardware. If this is not desired, please run 'reset_property SEVERITY [get_drc_checks REQP-123]' to undo this change.
## place_design -directive $PLACE_DIRECT -no_bufg_opt
Command: place_design -directive Default -no_bufg_opt
Running DRC as a precondition to command place_design
Phase 2.1.1.4 PBP: UpdateTiming
Phase 2.1.1.4 PBP: UpdateTiming | Checksum: 1dcb4edd8
Phase 2.3 Update Timing before SLR Path Opt
Phase 2.3 Update Timing before SLR Path Opt | Checksum: 1553b37eb
Phase 2.6.1 UpdateTiming Before Physical Synthesis
Phase 2.6.1 UpdateTiming Before Physical Synthesis | Checksum: 1962b4db7
INFO: [Timing 38-35] Done setting XDC timing constraints.
[2026-03-31T20:47:44+0000] [3x3_2clz] still running...
INFO: [Timing 38-78] ReportTimingParams: -max_paths 10 -nworst 1 -delay_type max -sort_by group.
CRITICAL WARNING: [Vivado 12-4430] You are lowering the severity from an ERROR. This can potentially lead to board damage or other functionality issues on hardware. If this is not desired, please run 'reset_property SEVERITY [get_drc_checks REQP-123]' to undo this change.
## place_design -directive $PLACE_DIRECT -no_bufg_opt
Command: place_design -directive Default -no_bufg_opt
Running DRC as a precondition to command place_design
Phase 2.1.1.4 PBP: UpdateTiming
Phase 2.1.1.4 PBP: UpdateTiming | Checksum: 1dcb4edd8
Phase 2.3 Update Timing before SLR Path Opt
Phase 2.3 Update Timing before SLR Path Opt | Checksum: 1553b37eb
Phase 2.6.1 UpdateTiming Before Physical Synthesis
Phase 2.6.1 UpdateTiming Before Physical Synthesis | Checksum: 1962b4db7
INFO: [Timing 38-35] Done setting XDC timing constraints.
[2026-03-31T20:49:44+0000] [3x3_2clz] still running...
INFO: [Timing 38-78] ReportTimingParams: -max_paths 10 -nworst 1 -delay_type max -sort_by group.
CRITICAL WARNING: [Vivado 12-4430] You are lowering the severity from an ERROR. This can potentially lead to board damage or other functionality issues on hardware. If this is not desired, please run 'reset_property SEVERITY [get_drc_checks REQP-123]' to undo this change.
## place_design -directive $PLACE_DIRECT -no_bufg_opt
Command: place_design -directive Default -no_bufg_opt
Running DRC as a precondition to command place_design
Phase 2.1.1.4 PBP: UpdateTiming
Phase 2.1.1.4 PBP: UpdateTiming | Checksum: 1dcb4edd8
Phase 2.3 Update Timing before SLR Path Opt
Phase 2.3 Update Timing before SLR Path Opt | Checksum: 1553b37eb
Phase 2.6.1 UpdateTiming Before Physical Synthesis
Phase 2.6.1 UpdateTiming Before Physical Synthesis | Checksum: 1962b4db7
INFO: [Timing 38-35] Done setting XDC timing constraints.
[2026-03-31T20:51:44+0000] [3x3_2clz] still running...
Running DRC as a precondition to command place_design
Phase 2.1.1.4 PBP: UpdateTiming
Phase 2.1.1.4 PBP: UpdateTiming | Checksum: 1dcb4edd8
Phase 2.3 Update Timing before SLR Path Opt
Phase 2.3 Update Timing before SLR Path Opt | Checksum: 1553b37eb
Phase 2.6.1 UpdateTiming Before Physical Synthesis
Phase 2.6.1 UpdateTiming Before Physical Synthesis | Checksum: 1962b4db7
INFO: [Timing 38-35] Done setting XDC timing constraints.
INFO: [Place 46-63] BUFG replication identified 0 candidate nets: Replicated nets: 0, Replicated BUFGs: 0, Replicated BUFG Driver: 0, moved BUFGs: 0, Skipped due to Placement / Routing Conflict: 0, Skipped due to Timing: 0, Skipped due to constraints: 0
Phase 4.1.1.2 Post Placement Timing Optimization
INFO: [Place 30-746] Post Placement Timing Summary WNS=0.711. For the most accurate timing information please run report_timing.
Phase 4.1.1.2 Post Placement Timing Optimization | Checksum: 18e3f718c
[2026-03-31T20:53:44+0000] [3x3_2clz] still running...
Phase 2.1.1.4 PBP: UpdateTiming
Phase 2.1.1.4 PBP: UpdateTiming | Checksum: 1dcb4edd8
Phase 2.3 Update Timing before SLR Path Opt
Phase 2.3 Update Timing before SLR Path Opt | Checksum: 1553b37eb
Phase 2.6.1 UpdateTiming Before Physical Synthesis
Phase 2.6.1 UpdateTiming Before Physical Synthesis | Checksum: 1962b4db7
INFO: [Timing 38-35] Done setting XDC timing constraints.
INFO: [Place 46-63] BUFG replication identified 0 candidate nets: Replicated nets: 0, Replicated BUFGs: 0, Replicated BUFG Driver: 0, moved BUFGs: 0, Skipped due to Placement / Routing Conflict: 0, Skipped due to Timing: 0, Skipped due to constraints: 0
Phase 4.1.1.2 Post Placement Timing Optimization
INFO: [Place 30-746] Post Placement Timing Summary WNS=0.711. For the most accurate timing information please run report_timing.
Phase 4.1.1.2 Post Placement Timing Optimization | Checksum: 18e3f718c
INFO: [Place 46-19] Post Replication Timing Summary WNS=0.711. For the most accurate timing information please run report_timing.
[2026-03-31T20:55:44+0000] [3x3_2clz] still running...
Phase 2.1.1.4 PBP: UpdateTiming
Phase 2.1.1.4 PBP: UpdateTiming | Checksum: 1dcb4edd8
Phase 2.3 Update Timing before SLR Path Opt
Phase 2.3 Update Timing before SLR Path Opt | Checksum: 1553b37eb
Phase 2.6.1 UpdateTiming Before Physical Synthesis
Phase 2.6.1 UpdateTiming Before Physical Synthesis | Checksum: 1962b4db7
INFO: [Timing 38-35] Done setting XDC timing constraints.
INFO: [Place 46-63] BUFG replication identified 0 candidate nets: Replicated nets: 0, Replicated BUFGs: 0, Replicated BUFG Driver: 0, moved BUFGs: 0, Skipped due to Placement / Routing Conflict: 0, Skipped due to Timing: 0, Skipped due to constraints: 0
Phase 4.1.1.2 Post Placement Timing Optimization
INFO: [Place 30-746] Post Placement Timing Summary WNS=0.711. For the most accurate timing information please run report_timing.
Phase 4.1.1.2 Post Placement Timing Optimization | Checksum: 18e3f718c
INFO: [Place 46-19] Post Replication Timing Summary WNS=0.711. For the most accurate timing information please run report_timing.
[2026-03-31T20:57:44+0000] [3x3_2clz] still running...
INFO: [Timing 38-35] Done setting XDC timing constraints.
INFO: [Place 46-63] BUFG replication identified 0 candidate nets: Replicated nets: 0, Replicated BUFGs: 0, Replicated BUFG Driver: 0, moved BUFGs: 0, Skipped due to Placement / Routing Conflict: 0, Skipped due to Timing: 0, Skipped due to constraints: 0
Phase 4.1.1.2 Post Placement Timing Optimization
INFO: [Place 30-746] Post Placement Timing Summary WNS=0.711. For the most accurate timing information please run report_timing.
Phase 4.1.1.2 Post Placement Timing Optimization | Checksum: 18e3f718c
INFO: [Place 46-19] Post Replication Timing Summary WNS=0.711. For the most accurate timing information please run report_timing.
place_design completed successfully
place_design: Time (s): cpu = 02:16:28 ; elapsed = 02:16:36 . Memory (MB): peak = 22478.105 ; gain = 8937.828 ; free physical = 4006 ; free virtual = 19271
## print "Writing post-place design checkpoint and report"
AWS FPGA: (20:56:44): Writing post-place design checkpoint and report
## write_checkpoint -force ${checkpoints_dir}/${CL}.${TAG}.post_place.dcp
INFO: [Timing 38-480] Writing timing data to binary archive.
[2026-03-31T20:59:44+0000] [3x3_2clz] still running...
INFO: [Place 30-746] Post Placement Timing Summary WNS=0.711. For the most accurate timing information please run report_timing.
Phase 4.1.1.2 Post Placement Timing Optimization | Checksum: 18e3f718c
INFO: [Place 46-19] Post Replication Timing Summary WNS=0.711. For the most accurate timing information please run report_timing.
place_design completed successfully
place_design: Time (s): cpu = 02:16:28 ; elapsed = 02:16:36 . Memory (MB): peak = 22478.105 ; gain = 8937.828 ; free physical = 4006 ; free virtual = 19271
## print "Writing post-place design checkpoint and report"
AWS FPGA: (20:56:44): Writing post-place design checkpoint and report
## write_checkpoint -force ${checkpoints_dir}/${CL}.${TAG}.post_place.dcp
INFO: [Timing 38-480] Writing timing data to binary archive.
INFO: [Common 17-1381] The checkpoint '/home/ubuntu/src/project_data/SatSwarmV2/src/aws-fpga/hdk/cl/examples/cl_satswarm/build/checkpoints/cl_satswarm.2026_03_31-175343.post_place.dcp' has been generated.
write_checkpoint: Time (s): cpu = 00:02:07 ; elapsed = 00:02:11 . Memory (MB): peak = 22478.105 ; gain = 0.000 ; free physical = 3719 ; free virtual = 19238
INFO: [Timing 38-91] UpdateTimingParams: Speed grade: -2, Temperature grade: E, Delay Type: max.
[2026-03-31T21:01:44+0000] [3x3_2clz] still running...
INFO: [Place 30-746] Post Placement Timing Summary WNS=0.711. For the most accurate timing information please run report_timing.
Phase 4.1.1.2 Post Placement Timing Optimization | Checksum: 18e3f718c
INFO: [Place 46-19] Post Replication Timing Summary WNS=0.711. For the most accurate timing information please run report_timing.
place_design completed successfully
place_design: Time (s): cpu = 02:16:28 ; elapsed = 02:16:36 . Memory (MB): peak = 22478.105 ; gain = 8937.828 ; free physical = 4006 ; free virtual = 19271
## print "Writing post-place design checkpoint and report"
AWS FPGA: (20:56:44): Writing post-place design checkpoint and report
## write_checkpoint -force ${checkpoints_dir}/${CL}.${TAG}.post_place.dcp
INFO: [Timing 38-480] Writing timing data to binary archive.
INFO: [Common 17-1381] The checkpoint '/home/ubuntu/src/project_data/SatSwarmV2/src/aws-fpga/hdk/cl/examples/cl_satswarm/build/checkpoints/cl_satswarm.2026_03_31-175343.post_place.dcp' has been generated.
write_checkpoint: Time (s): cpu = 00:02:07 ; elapsed = 00:02:11 . Memory (MB): peak = 22478.105 ; gain = 0.000 ; free physical = 3719 ; free virtual = 19238
INFO: [Timing 38-91] UpdateTimingParams: Speed grade: -2, Temperature grade: E, Delay Type: max.
[2026-03-31T21:03:44+0000] [3x3_2clz] still running...
INFO: [Place 30-746] Post Placement Timing Summary WNS=0.711. For the most accurate timing information please run report_timing.
Phase 4.1.1.2 Post Placement Timing Optimization | Checksum: 18e3f718c
INFO: [Place 46-19] Post Replication Timing Summary WNS=0.711. For the most accurate timing information please run report_timing.
place_design completed successfully
place_design: Time (s): cpu = 02:16:28 ; elapsed = 02:16:36 . Memory (MB): peak = 22478.105 ; gain = 8937.828 ; free physical = 4006 ; free virtual = 19271
## print "Writing post-place design checkpoint and report"
AWS FPGA: (20:56:44): Writing post-place design checkpoint and report
## write_checkpoint -force ${checkpoints_dir}/${CL}.${TAG}.post_place.dcp
INFO: [Timing 38-480] Writing timing data to binary archive.
INFO: [Common 17-1381] The checkpoint '/home/ubuntu/src/project_data/SatSwarmV2/src/aws-fpga/hdk/cl/examples/cl_satswarm/build/checkpoints/cl_satswarm.2026_03_31-175343.post_place.dcp' has been generated.
write_checkpoint: Time (s): cpu = 00:02:07 ; elapsed = 00:02:11 . Memory (MB): peak = 22478.105 ; gain = 0.000 ; free physical = 3719 ; free virtual = 19238
INFO: [Timing 38-91] UpdateTimingParams: Speed grade: -2, Temperature grade: E, Delay Type: max.
[2026-03-31T21:05:44+0000] [3x3_2clz] still running...
INFO: [Place 30-746] Post Placement Timing Summary WNS=0.711. For the most accurate timing information please run report_timing.
Phase 4.1.1.2 Post Placement Timing Optimization | Checksum: 18e3f718c
INFO: [Place 46-19] Post Replication Timing Summary WNS=0.711. For the most accurate timing information please run report_timing.
place_design completed successfully
place_design: Time (s): cpu = 02:16:28 ; elapsed = 02:16:36 . Memory (MB): peak = 22478.105 ; gain = 8937.828 ; free physical = 4006 ; free virtual = 19271
## print "Writing post-place design checkpoint and report"
AWS FPGA: (20:56:44): Writing post-place design checkpoint and report
## write_checkpoint -force ${checkpoints_dir}/${CL}.${TAG}.post_place.dcp
INFO: [Timing 38-480] Writing timing data to binary archive.
INFO: [Common 17-1381] The checkpoint '/home/ubuntu/src/project_data/SatSwarmV2/src/aws-fpga/hdk/cl/examples/cl_satswarm/build/checkpoints/cl_satswarm.2026_03_31-175343.post_place.dcp' has been generated.
write_checkpoint: Time (s): cpu = 00:02:07 ; elapsed = 00:02:11 . Memory (MB): peak = 22478.105 ; gain = 0.000 ; free physical = 3719 ; free virtual = 19238
INFO: [Timing 38-91] UpdateTimingParams: Speed grade: -2, Temperature grade: E, Delay Type: max.
[2026-03-31T21:07:44+0000] [3x3_2clz] still running...
Phase 4.1.1.2 Post Placement Timing Optimization | Checksum: 18e3f718c
INFO: [Place 46-19] Post Replication Timing Summary WNS=0.711. For the most accurate timing information please run report_timing.
place_design completed successfully
place_design: Time (s): cpu = 02:16:28 ; elapsed = 02:16:36 . Memory (MB): peak = 22478.105 ; gain = 8937.828 ; free physical = 4006 ; free virtual = 19271
## print "Writing post-place design checkpoint and report"
AWS FPGA: (20:56:44): Writing post-place design checkpoint and report
## write_checkpoint -force ${checkpoints_dir}/${CL}.${TAG}.post_place.dcp
INFO: [Timing 38-480] Writing timing data to binary archive.
INFO: [Common 17-1381] The checkpoint '/home/ubuntu/src/project_data/SatSwarmV2/src/aws-fpga/hdk/cl/examples/cl_satswarm/build/checkpoints/cl_satswarm.2026_03_31-175343.post_place.dcp' has been generated.
write_checkpoint: Time (s): cpu = 00:02:07 ; elapsed = 00:02:11 . Memory (MB): peak = 22478.105 ; gain = 0.000 ; free physical = 3719 ; free virtual = 19238
INFO: [Timing 38-91] UpdateTimingParams: Speed grade: -2, Temperature grade: E, Delay Type: max.
INFO: [Timing 38-78] ReportTimingParams: -max_paths 10 -nworst 1 -delay_type max -sort_by group.
[2026-03-31T21:09:44+0000] [3x3_2clz] still running...
Phase 4.1.1.2 Post Placement Timing Optimization | Checksum: 18e3f718c
INFO: [Place 46-19] Post Replication Timing Summary WNS=0.711. For the most accurate timing information please run report_timing.
place_design completed successfully
place_design: Time (s): cpu = 02:16:28 ; elapsed = 02:16:36 . Memory (MB): peak = 22478.105 ; gain = 8937.828 ; free physical = 4006 ; free virtual = 19271
## print "Writing post-place design checkpoint and report"
AWS FPGA: (20:56:44): Writing post-place design checkpoint and report
## write_checkpoint -force ${checkpoints_dir}/${CL}.${TAG}.post_place.dcp
INFO: [Timing 38-480] Writing timing data to binary archive.
INFO: [Common 17-1381] The checkpoint '/home/ubuntu/src/project_data/SatSwarmV2/src/aws-fpga/hdk/cl/examples/cl_satswarm/build/checkpoints/cl_satswarm.2026_03_31-175343.post_place.dcp' has been generated.
write_checkpoint: Time (s): cpu = 00:02:07 ; elapsed = 00:02:11 . Memory (MB): peak = 22478.105 ; gain = 0.000 ; free physical = 3719 ; free virtual = 19238
INFO: [Timing 38-91] UpdateTimingParams: Speed grade: -2, Temperature grade: E, Delay Type: max.
INFO: [Timing 38-78] ReportTimingParams: -max_paths 10 -nworst 1 -delay_type max -sort_by group.
[2026-03-31T21:11:44+0000] [3x3_2clz] still running...
## write_checkpoint -force ${checkpoints_dir}/${CL}.${TAG}.post_place.dcp
INFO: [Timing 38-480] Writing timing data to binary archive.
INFO: [Common 17-1381] The checkpoint '/home/ubuntu/src/project_data/SatSwarmV2/src/aws-fpga/hdk/cl/examples/cl_satswarm/build/checkpoints/cl_satswarm.2026_03_31-175343.post_place.dcp' has been generated.
write_checkpoint: Time (s): cpu = 00:02:07 ; elapsed = 00:02:11 . Memory (MB): peak = 22478.105 ; gain = 0.000 ; free physical = 3719 ; free virtual = 19238
INFO: [Timing 38-91] UpdateTimingParams: Speed grade: -2, Temperature grade: E, Delay Type: max.
INFO: [Timing 38-78] ReportTimingParams: -max_paths 10 -nworst 1 -delay_type max -sort_by group.
INFO: [Vivado_Tcl 4-2279] Estimated Timing Summary | WNS= 0.711 | TNS= 0.000 | 
INFO: [Vivado_Tcl 4-383] Design worst setup slack (WNS) is greater than or equal to 0.000 ns. All physical synthesis setup optimizations will be skipped.
## print "Writing post-phy_opt design checkpoint and report"
AWS FPGA: (21:11:11): Writing post-phy_opt design checkpoint and report
## write_checkpoint -force ${checkpoints_dir}/${CL}.${TAG}.post_phys_opt.dcp
INFO: [Timing 38-480] Writing timing data to binary archive.
[2026-03-31T21:13:44+0000] [3x3_2clz] still running...
INFO: [Timing 38-91] UpdateTimingParams: Speed grade: -2, Temperature grade: E, Delay Type: max.
INFO: [Timing 38-78] ReportTimingParams: -max_paths 10 -nworst 1 -delay_type max -sort_by group.
INFO: [Vivado_Tcl 4-2279] Estimated Timing Summary | WNS= 0.711 | TNS= 0.000 | 
INFO: [Vivado_Tcl 4-383] Design worst setup slack (WNS) is greater than or equal to 0.000 ns. All physical synthesis setup optimizations will be skipped.
## print "Writing post-phy_opt design checkpoint and report"
AWS FPGA: (21:11:11): Writing post-phy_opt design checkpoint and report
## write_checkpoint -force ${checkpoints_dir}/${CL}.${TAG}.post_phys_opt.dcp
INFO: [Timing 38-480] Writing timing data to binary archive.
INFO: [Common 17-1381] The checkpoint '/home/ubuntu/src/project_data/SatSwarmV2/src/aws-fpga/hdk/cl/examples/cl_satswarm/build/checkpoints/cl_satswarm.2026_03_31-175343.post_phys_opt.dcp' has been generated.
write_checkpoint: Time (s): cpu = 00:02:06 ; elapsed = 00:02:10 . Memory (MB): peak = 22478.105 ; gain = 0.000 ; free physical = 3442 ; free virtual = 19217
INFO: [Timing 38-91] UpdateTimingParams: Speed grade: -2, Temperature grade: E, Delay Type: max.
INFO: [Timing 38-78] ReportTimingParams: -max_paths 10 -nworst 1 -delay_type max -sort_by group.
[2026-03-31T21:15:44+0000] [3x3_2clz] still running...
INFO: [Timing 38-91] UpdateTimingParams: Speed grade: -2, Temperature grade: E, Delay Type: max.
INFO: [Timing 38-78] ReportTimingParams: -max_paths 10 -nworst 1 -delay_type max -sort_by group.
INFO: [Vivado_Tcl 4-2279] Estimated Timing Summary | WNS= 0.711 | TNS= 0.000 | 
INFO: [Vivado_Tcl 4-383] Design worst setup slack (WNS) is greater than or equal to 0.000 ns. All physical synthesis setup optimizations will be skipped.
## print "Writing post-phy_opt design checkpoint and report"
AWS FPGA: (21:11:11): Writing post-phy_opt design checkpoint and report
## write_checkpoint -force ${checkpoints_dir}/${CL}.${TAG}.post_phys_opt.dcp
INFO: [Timing 38-480] Writing timing data to binary archive.
INFO: [Common 17-1381] The checkpoint '/home/ubuntu/src/project_data/SatSwarmV2/src/aws-fpga/hdk/cl/examples/cl_satswarm/build/checkpoints/cl_satswarm.2026_03_31-175343.post_phys_opt.dcp' has been generated.
write_checkpoint: Time (s): cpu = 00:02:06 ; elapsed = 00:02:10 . Memory (MB): peak = 22478.105 ; gain = 0.000 ; free physical = 3442 ; free virtual = 19217
INFO: [Timing 38-91] UpdateTimingParams: Speed grade: -2, Temperature grade: E, Delay Type: max.
INFO: [Timing 38-78] ReportTimingParams: -max_paths 10 -nworst 1 -delay_type max -sort_by group.
[2026-03-31T21:17:44+0000] [3x3_2clz] still running...
INFO: [Vivado_Tcl 4-2279] Estimated Timing Summary | WNS= 0.711 | TNS= 0.000 | 
INFO: [Vivado_Tcl 4-383] Design worst setup slack (WNS) is greater than or equal to 0.000 ns. All physical synthesis setup optimizations will be skipped.
## print "Writing post-phy_opt design checkpoint and report"
AWS FPGA: (21:11:11): Writing post-phy_opt design checkpoint and report
## write_checkpoint -force ${checkpoints_dir}/${CL}.${TAG}.post_phys_opt.dcp
INFO: [Timing 38-480] Writing timing data to binary archive.
INFO: [Common 17-1381] The checkpoint '/home/ubuntu/src/project_data/SatSwarmV2/src/aws-fpga/hdk/cl/examples/cl_satswarm/build/checkpoints/cl_satswarm.2026_03_31-175343.post_phys_opt.dcp' has been generated.
write_checkpoint: Time (s): cpu = 00:02:06 ; elapsed = 00:02:10 . Memory (MB): peak = 22478.105 ; gain = 0.000 ; free physical = 3442 ; free virtual = 19217
INFO: [Timing 38-91] UpdateTimingParams: Speed grade: -2, Temperature grade: E, Delay Type: max.
INFO: [Timing 38-78] ReportTimingParams: -max_paths 10 -nworst 1 -delay_type max -sort_by group.
## route_design -directive $ROUTE_DIRECT -tns_cleanup
Command: route_design -directive Default -tns_cleanup
[2026-03-31T21:19:44+0000] [3x3_2clz] still running...
INFO: [Vivado_Tcl 4-2279] Estimated Timing Summary | WNS= 0.711 | TNS= 0.000 | 
INFO: [Vivado_Tcl 4-383] Design worst setup slack (WNS) is greater than or equal to 0.000 ns. All physical synthesis setup optimizations will be skipped.
## print "Writing post-phy_opt design checkpoint and report"
AWS FPGA: (21:11:11): Writing post-phy_opt design checkpoint and report
## write_checkpoint -force ${checkpoints_dir}/${CL}.${TAG}.post_phys_opt.dcp
INFO: [Timing 38-480] Writing timing data to binary archive.
INFO: [Common 17-1381] The checkpoint '/home/ubuntu/src/project_data/SatSwarmV2/src/aws-fpga/hdk/cl/examples/cl_satswarm/build/checkpoints/cl_satswarm.2026_03_31-175343.post_phys_opt.dcp' has been generated.
write_checkpoint: Time (s): cpu = 00:02:06 ; elapsed = 00:02:10 . Memory (MB): peak = 22478.105 ; gain = 0.000 ; free physical = 3442 ; free virtual = 19217
INFO: [Timing 38-91] UpdateTimingParams: Speed grade: -2, Temperature grade: E, Delay Type: max.
INFO: [Timing 38-78] ReportTimingParams: -max_paths 10 -nworst 1 -delay_type max -sort_by group.
## route_design -directive $ROUTE_DIRECT -tns_cleanup
Command: route_design -directive Default -tns_cleanup
[2026-03-31T21:21:44+0000] [3x3_2clz] still running...
INFO: [Vivado_Tcl 4-2279] Estimated Timing Summary | WNS= 0.711 | TNS= 0.000 | 
INFO: [Vivado_Tcl 4-383] Design worst setup slack (WNS) is greater than or equal to 0.000 ns. All physical synthesis setup optimizations will be skipped.
## print "Writing post-phy_opt design checkpoint and report"
AWS FPGA: (21:11:11): Writing post-phy_opt design checkpoint and report
## write_checkpoint -force ${checkpoints_dir}/${CL}.${TAG}.post_phys_opt.dcp
INFO: [Timing 38-480] Writing timing data to binary archive.
INFO: [Common 17-1381] The checkpoint '/home/ubuntu/src/project_data/SatSwarmV2/src/aws-fpga/hdk/cl/examples/cl_satswarm/build/checkpoints/cl_satswarm.2026_03_31-175343.post_phys_opt.dcp' has been generated.
write_checkpoint: Time (s): cpu = 00:02:06 ; elapsed = 00:02:10 . Memory (MB): peak = 22478.105 ; gain = 0.000 ; free physical = 3442 ; free virtual = 19217
INFO: [Timing 38-91] UpdateTimingParams: Speed grade: -2, Temperature grade: E, Delay Type: max.
INFO: [Timing 38-78] ReportTimingParams: -max_paths 10 -nworst 1 -delay_type max -sort_by group.
## route_design -directive $ROUTE_DIRECT -tns_cleanup
Command: route_design -directive Default -tns_cleanup
[2026-03-31T21:23:44+0000] [3x3_2clz] still running...
INFO: [Vivado_Tcl 4-2279] Estimated Timing Summary | WNS= 0.711 | TNS= 0.000 | 
INFO: [Vivado_Tcl 4-383] Design worst setup slack (WNS) is greater than or equal to 0.000 ns. All physical synthesis setup optimizations will be skipped.
## print "Writing post-phy_opt design checkpoint and report"
AWS FPGA: (21:11:11): Writing post-phy_opt design checkpoint and report
## write_checkpoint -force ${checkpoints_dir}/${CL}.${TAG}.post_phys_opt.dcp
INFO: [Timing 38-480] Writing timing data to binary archive.
INFO: [Common 17-1381] The checkpoint '/home/ubuntu/src/project_data/SatSwarmV2/src/aws-fpga/hdk/cl/examples/cl_satswarm/build/checkpoints/cl_satswarm.2026_03_31-175343.post_phys_opt.dcp' has been generated.
write_checkpoint: Time (s): cpu = 00:02:06 ; elapsed = 00:02:10 . Memory (MB): peak = 22478.105 ; gain = 0.000 ; free physical = 3442 ; free virtual = 19217
INFO: [Timing 38-91] UpdateTimingParams: Speed grade: -2, Temperature grade: E, Delay Type: max.
INFO: [Timing 38-78] ReportTimingParams: -max_paths 10 -nworst 1 -delay_type max -sort_by group.
## route_design -directive $ROUTE_DIRECT -tns_cleanup
Command: route_design -directive Default -tns_cleanup
[2026-03-31T21:25:44+0000] [3x3_2clz] still running...
INFO: [Vivado_Tcl 4-2279] Estimated Timing Summary | WNS= 0.711 | TNS= 0.000 | 
INFO: [Vivado_Tcl 4-383] Design worst setup slack (WNS) is greater than or equal to 0.000 ns. All physical synthesis setup optimizations will be skipped.
## print "Writing post-phy_opt design checkpoint and report"
AWS FPGA: (21:11:11): Writing post-phy_opt design checkpoint and report
## write_checkpoint -force ${checkpoints_dir}/${CL}.${TAG}.post_phys_opt.dcp
INFO: [Timing 38-480] Writing timing data to binary archive.
INFO: [Common 17-1381] The checkpoint '/home/ubuntu/src/project_data/SatSwarmV2/src/aws-fpga/hdk/cl/examples/cl_satswarm/build/checkpoints/cl_satswarm.2026_03_31-175343.post_phys_opt.dcp' has been generated.
write_checkpoint: Time (s): cpu = 00:02:06 ; elapsed = 00:02:10 . Memory (MB): peak = 22478.105 ; gain = 0.000 ; free physical = 3442 ; free virtual = 19217
INFO: [Timing 38-91] UpdateTimingParams: Speed grade: -2, Temperature grade: E, Delay Type: max.
INFO: [Timing 38-78] ReportTimingParams: -max_paths 10 -nworst 1 -delay_type max -sort_by group.
## route_design -directive $ROUTE_DIRECT -tns_cleanup
Command: route_design -directive Default -tns_cleanup
[2026-03-31T21:27:44+0000] [3x3_2clz] still running...
INFO: [Vivado_Tcl 4-2279] Estimated Timing Summary | WNS= 0.711 | TNS= 0.000 | 
INFO: [Vivado_Tcl 4-383] Design worst setup slack (WNS) is greater than or equal to 0.000 ns. All physical synthesis setup optimizations will be skipped.
## print "Writing post-phy_opt design checkpoint and report"
AWS FPGA: (21:11:11): Writing post-phy_opt design checkpoint and report
## write_checkpoint -force ${checkpoints_dir}/${CL}.${TAG}.post_phys_opt.dcp
INFO: [Timing 38-480] Writing timing data to binary archive.
INFO: [Common 17-1381] The checkpoint '/home/ubuntu/src/project_data/SatSwarmV2/src/aws-fpga/hdk/cl/examples/cl_satswarm/build/checkpoints/cl_satswarm.2026_03_31-175343.post_phys_opt.dcp' has been generated.
write_checkpoint: Time (s): cpu = 00:02:06 ; elapsed = 00:02:10 . Memory (MB): peak = 22478.105 ; gain = 0.000 ; free physical = 3442 ; free virtual = 19217
INFO: [Timing 38-91] UpdateTimingParams: Speed grade: -2, Temperature grade: E, Delay Type: max.
INFO: [Timing 38-78] ReportTimingParams: -max_paths 10 -nworst 1 -delay_type max -sort_by group.
## route_design -directive $ROUTE_DIRECT -tns_cleanup
Command: route_design -directive Default -tns_cleanup
[2026-03-31T21:29:44+0000] [3x3_2clz] still running...
INFO: [Vivado_Tcl 4-383] Design worst setup slack (WNS) is greater than or equal to 0.000 ns. All physical synthesis setup optimizations will be skipped.
## print "Writing post-phy_opt design checkpoint and report"
AWS FPGA: (21:11:11): Writing post-phy_opt design checkpoint and report
## write_checkpoint -force ${checkpoints_dir}/${CL}.${TAG}.post_phys_opt.dcp
INFO: [Timing 38-480] Writing timing data to binary archive.
INFO: [Common 17-1381] The checkpoint '/home/ubuntu/src/project_data/SatSwarmV2/src/aws-fpga/hdk/cl/examples/cl_satswarm/build/checkpoints/cl_satswarm.2026_03_31-175343.post_phys_opt.dcp' has been generated.
write_checkpoint: Time (s): cpu = 00:02:06 ; elapsed = 00:02:10 . Memory (MB): peak = 22478.105 ; gain = 0.000 ; free physical = 3442 ; free virtual = 19217
INFO: [Timing 38-91] UpdateTimingParams: Speed grade: -2, Temperature grade: E, Delay Type: max.
INFO: [Timing 38-78] ReportTimingParams: -max_paths 10 -nworst 1 -delay_type max -sort_by group.
## route_design -directive $ROUTE_DIRECT -tns_cleanup
Command: route_design -directive Default -tns_cleanup
Post Restoration Checksum: NetGraph: 28056216 | NumContArr: 1ecbb93e | Constraints: c02fe7d2 | Timing: c2a8fa9d
[2026-03-31T21:31:44+0000] [3x3_2clz] still running...
INFO: [Vivado_Tcl 4-383] Design worst setup slack (WNS) is greater than or equal to 0.000 ns. All physical synthesis setup optimizations will be skipped.
## print "Writing post-phy_opt design checkpoint and report"
AWS FPGA: (21:11:11): Writing post-phy_opt design checkpoint and report
## write_checkpoint -force ${checkpoints_dir}/${CL}.${TAG}.post_phys_opt.dcp
INFO: [Timing 38-480] Writing timing data to binary archive.
INFO: [Common 17-1381] The checkpoint '/home/ubuntu/src/project_data/SatSwarmV2/src/aws-fpga/hdk/cl/examples/cl_satswarm/build/checkpoints/cl_satswarm.2026_03_31-175343.post_phys_opt.dcp' has been generated.
write_checkpoint: Time (s): cpu = 00:02:06 ; elapsed = 00:02:10 . Memory (MB): peak = 22478.105 ; gain = 0.000 ; free physical = 3442 ; free virtual = 19217
INFO: [Timing 38-91] UpdateTimingParams: Speed grade: -2, Temperature grade: E, Delay Type: max.
INFO: [Timing 38-78] ReportTimingParams: -max_paths 10 -nworst 1 -delay_type max -sort_by group.
## route_design -directive $ROUTE_DIRECT -tns_cleanup
Command: route_design -directive Default -tns_cleanup
Post Restoration Checksum: NetGraph: 28056216 | NumContArr: 1ecbb93e | Constraints: c02fe7d2 | Timing: c2a8fa9d
[2026-03-31T21:33:44+0000] [3x3_2clz] still running...
## print "Writing post-phy_opt design checkpoint and report"
AWS FPGA: (21:11:11): Writing post-phy_opt design checkpoint and report
## write_checkpoint -force ${checkpoints_dir}/${CL}.${TAG}.post_phys_opt.dcp
INFO: [Timing 38-480] Writing timing data to binary archive.
INFO: [Common 17-1381] The checkpoint '/home/ubuntu/src/project_data/SatSwarmV2/src/aws-fpga/hdk/cl/examples/cl_satswarm/build/checkpoints/cl_satswarm.2026_03_31-175343.post_phys_opt.dcp' has been generated.
write_checkpoint: Time (s): cpu = 00:02:06 ; elapsed = 00:02:10 . Memory (MB): peak = 22478.105 ; gain = 0.000 ; free physical = 3442 ; free virtual = 19217
INFO: [Timing 38-91] UpdateTimingParams: Speed grade: -2, Temperature grade: E, Delay Type: max.
INFO: [Timing 38-78] ReportTimingParams: -max_paths 10 -nworst 1 -delay_type max -sort_by group.
## route_design -directive $ROUTE_DIRECT -tns_cleanup
Command: route_design -directive Default -tns_cleanup
Post Restoration Checksum: NetGraph: 28056216 | NumContArr: 1ecbb93e | Constraints: c02fe7d2 | Timing: c2a8fa9d
Phase 2.4 Update Timing
[2026-03-31T21:35:44+0000] [3x3_2clz] still running...
## print "Writing post-phy_opt design checkpoint and report"
AWS FPGA: (21:11:11): Writing post-phy_opt design checkpoint and report
## write_checkpoint -force ${checkpoints_dir}/${CL}.${TAG}.post_phys_opt.dcp
INFO: [Timing 38-480] Writing timing data to binary archive.
INFO: [Common 17-1381] The checkpoint '/home/ubuntu/src/project_data/SatSwarmV2/src/aws-fpga/hdk/cl/examples/cl_satswarm/build/checkpoints/cl_satswarm.2026_03_31-175343.post_phys_opt.dcp' has been generated.
write_checkpoint: Time (s): cpu = 00:02:06 ; elapsed = 00:02:10 . Memory (MB): peak = 22478.105 ; gain = 0.000 ; free physical = 3442 ; free virtual = 19217
INFO: [Timing 38-91] UpdateTimingParams: Speed grade: -2, Temperature grade: E, Delay Type: max.
INFO: [Timing 38-78] ReportTimingParams: -max_paths 10 -nworst 1 -delay_type max -sort_by group.
## route_design -directive $ROUTE_DIRECT -tns_cleanup
Command: route_design -directive Default -tns_cleanup
Post Restoration Checksum: NetGraph: 28056216 | NumContArr: 1ecbb93e | Constraints: c02fe7d2 | Timing: c2a8fa9d
Phase 2.4 Update Timing
[2026-03-31T21:37:44+0000] [3x3_2clz] still running...
## print "Writing post-phy_opt design checkpoint and report"
AWS FPGA: (21:11:11): Writing post-phy_opt design checkpoint and report
## write_checkpoint -force ${checkpoints_dir}/${CL}.${TAG}.post_phys_opt.dcp
INFO: [Timing 38-480] Writing timing data to binary archive.
INFO: [Common 17-1381] The checkpoint '/home/ubuntu/src/project_data/SatSwarmV2/src/aws-fpga/hdk/cl/examples/cl_satswarm/build/checkpoints/cl_satswarm.2026_03_31-175343.post_phys_opt.dcp' has been generated.
write_checkpoint: Time (s): cpu = 00:02:06 ; elapsed = 00:02:10 . Memory (MB): peak = 22478.105 ; gain = 0.000 ; free physical = 3442 ; free virtual = 19217
INFO: [Timing 38-91] UpdateTimingParams: Speed grade: -2, Temperature grade: E, Delay Type: max.
INFO: [Timing 38-78] ReportTimingParams: -max_paths 10 -nworst 1 -delay_type max -sort_by group.
## route_design -directive $ROUTE_DIRECT -tns_cleanup
Command: route_design -directive Default -tns_cleanup
Post Restoration Checksum: NetGraph: 28056216 | NumContArr: 1ecbb93e | Constraints: c02fe7d2 | Timing: c2a8fa9d
Phase 2.4 Update Timing
[2026-03-31T21:39:44+0000] [3x3_2clz] still running...
## print "Writing post-phy_opt design checkpoint and report"
AWS FPGA: (21:11:11): Writing post-phy_opt design checkpoint and report
## write_checkpoint -force ${checkpoints_dir}/${CL}.${TAG}.post_phys_opt.dcp
INFO: [Timing 38-480] Writing timing data to binary archive.
INFO: [Common 17-1381] The checkpoint '/home/ubuntu/src/project_data/SatSwarmV2/src/aws-fpga/hdk/cl/examples/cl_satswarm/build/checkpoints/cl_satswarm.2026_03_31-175343.post_phys_opt.dcp' has been generated.
write_checkpoint: Time (s): cpu = 00:02:06 ; elapsed = 00:02:10 . Memory (MB): peak = 22478.105 ; gain = 0.000 ; free physical = 3442 ; free virtual = 19217
INFO: [Timing 38-91] UpdateTimingParams: Speed grade: -2, Temperature grade: E, Delay Type: max.
INFO: [Timing 38-78] ReportTimingParams: -max_paths 10 -nworst 1 -delay_type max -sort_by group.
## route_design -directive $ROUTE_DIRECT -tns_cleanup
Command: route_design -directive Default -tns_cleanup
Post Restoration Checksum: NetGraph: 28056216 | NumContArr: 1ecbb93e | Constraints: c02fe7d2 | Timing: c2a8fa9d
Phase 2.4 Update Timing
[2026-03-31T21:41:44+0000] [3x3_2clz] still running...
## write_checkpoint -force ${checkpoints_dir}/${CL}.${TAG}.post_phys_opt.dcp
INFO: [Timing 38-480] Writing timing data to binary archive.
INFO: [Common 17-1381] The checkpoint '/home/ubuntu/src/project_data/SatSwarmV2/src/aws-fpga/hdk/cl/examples/cl_satswarm/build/checkpoints/cl_satswarm.2026_03_31-175343.post_phys_opt.dcp' has been generated.
write_checkpoint: Time (s): cpu = 00:02:06 ; elapsed = 00:02:10 . Memory (MB): peak = 22478.105 ; gain = 0.000 ; free physical = 3442 ; free virtual = 19217
INFO: [Timing 38-91] UpdateTimingParams: Speed grade: -2, Temperature grade: E, Delay Type: max.
INFO: [Timing 38-78] ReportTimingParams: -max_paths 10 -nworst 1 -delay_type max -sort_by group.
## route_design -directive $ROUTE_DIRECT -tns_cleanup
Command: route_design -directive Default -tns_cleanup
Post Restoration Checksum: NetGraph: 28056216 | NumContArr: 1ecbb93e | Constraints: c02fe7d2 | Timing: c2a8fa9d
Phase 2.4 Update Timing
Phase 2.4 Update Timing | Checksum: 17d7fa39d
INFO: [Route 35-416] Intermediate Timing Summary | WNS=0.711  | TNS=0.000  | WHS=-0.143 | THS=-82.316|
[2026-03-31T21:43:44+0000] [3x3_2clz] still running...
## write_checkpoint -force ${checkpoints_dir}/${CL}.${TAG}.post_phys_opt.dcp
INFO: [Timing 38-480] Writing timing data to binary archive.
INFO: [Common 17-1381] The checkpoint '/home/ubuntu/src/project_data/SatSwarmV2/src/aws-fpga/hdk/cl/examples/cl_satswarm/build/checkpoints/cl_satswarm.2026_03_31-175343.post_phys_opt.dcp' has been generated.
write_checkpoint: Time (s): cpu = 00:02:06 ; elapsed = 00:02:10 . Memory (MB): peak = 22478.105 ; gain = 0.000 ; free physical = 3442 ; free virtual = 19217
INFO: [Timing 38-91] UpdateTimingParams: Speed grade: -2, Temperature grade: E, Delay Type: max.
INFO: [Timing 38-78] ReportTimingParams: -max_paths 10 -nworst 1 -delay_type max -sort_by group.
## route_design -directive $ROUTE_DIRECT -tns_cleanup
Command: route_design -directive Default -tns_cleanup
Post Restoration Checksum: NetGraph: 28056216 | NumContArr: 1ecbb93e | Constraints: c02fe7d2 | Timing: c2a8fa9d
Phase 2.4 Update Timing
Phase 2.4 Update Timing | Checksum: 17d7fa39d
INFO: [Route 35-416] Intermediate Timing Summary | WNS=0.711  | TNS=0.000  | WHS=-0.143 | THS=-82.316|
[2026-03-31T21:45:44+0000] [3x3_2clz] still running...
## write_checkpoint -force ${checkpoints_dir}/${CL}.${TAG}.post_phys_opt.dcp
INFO: [Timing 38-480] Writing timing data to binary archive.
INFO: [Common 17-1381] The checkpoint '/home/ubuntu/src/project_data/SatSwarmV2/src/aws-fpga/hdk/cl/examples/cl_satswarm/build/checkpoints/cl_satswarm.2026_03_31-175343.post_phys_opt.dcp' has been generated.
write_checkpoint: Time (s): cpu = 00:02:06 ; elapsed = 00:02:10 . Memory (MB): peak = 22478.105 ; gain = 0.000 ; free physical = 3442 ; free virtual = 19217
INFO: [Timing 38-91] UpdateTimingParams: Speed grade: -2, Temperature grade: E, Delay Type: max.
INFO: [Timing 38-78] ReportTimingParams: -max_paths 10 -nworst 1 -delay_type max -sort_by group.
## route_design -directive $ROUTE_DIRECT -tns_cleanup
Command: route_design -directive Default -tns_cleanup
Post Restoration Checksum: NetGraph: 28056216 | NumContArr: 1ecbb93e | Constraints: c02fe7d2 | Timing: c2a8fa9d
Phase 2.4 Update Timing
Phase 2.4 Update Timing | Checksum: 17d7fa39d
INFO: [Route 35-416] Intermediate Timing Summary | WNS=0.711  | TNS=0.000  | WHS=-0.143 | THS=-82.316|
[2026-03-31T21:47:44+0000] [3x3_2clz] still running...
## write_checkpoint -force ${checkpoints_dir}/${CL}.${TAG}.post_phys_opt.dcp
INFO: [Timing 38-480] Writing timing data to binary archive.
INFO: [Common 17-1381] The checkpoint '/home/ubuntu/src/project_data/SatSwarmV2/src/aws-fpga/hdk/cl/examples/cl_satswarm/build/checkpoints/cl_satswarm.2026_03_31-175343.post_phys_opt.dcp' has been generated.
write_checkpoint: Time (s): cpu = 00:02:06 ; elapsed = 00:02:10 . Memory (MB): peak = 22478.105 ; gain = 0.000 ; free physical = 3442 ; free virtual = 19217
INFO: [Timing 38-91] UpdateTimingParams: Speed grade: -2, Temperature grade: E, Delay Type: max.
INFO: [Timing 38-78] ReportTimingParams: -max_paths 10 -nworst 1 -delay_type max -sort_by group.
## route_design -directive $ROUTE_DIRECT -tns_cleanup
Command: route_design -directive Default -tns_cleanup
Post Restoration Checksum: NetGraph: 28056216 | NumContArr: 1ecbb93e | Constraints: c02fe7d2 | Timing: c2a8fa9d
Phase 2.4 Update Timing
Phase 2.4 Update Timing | Checksum: 17d7fa39d
INFO: [Route 35-416] Intermediate Timing Summary | WNS=0.711  | TNS=0.000  | WHS=-0.143 | THS=-82.316|
[2026-03-31T21:49:44+0000] [3x3_2clz] still running...
## write_checkpoint -force ${checkpoints_dir}/${CL}.${TAG}.post_phys_opt.dcp
INFO: [Timing 38-480] Writing timing data to binary archive.
INFO: [Common 17-1381] The checkpoint '/home/ubuntu/src/project_data/SatSwarmV2/src/aws-fpga/hdk/cl/examples/cl_satswarm/build/checkpoints/cl_satswarm.2026_03_31-175343.post_phys_opt.dcp' has been generated.
write_checkpoint: Time (s): cpu = 00:02:06 ; elapsed = 00:02:10 . Memory (MB): peak = 22478.105 ; gain = 0.000 ; free physical = 3442 ; free virtual = 19217
INFO: [Timing 38-91] UpdateTimingParams: Speed grade: -2, Temperature grade: E, Delay Type: max.
INFO: [Timing 38-78] ReportTimingParams: -max_paths 10 -nworst 1 -delay_type max -sort_by group.
## route_design -directive $ROUTE_DIRECT -tns_cleanup
Command: route_design -directive Default -tns_cleanup
Post Restoration Checksum: NetGraph: 28056216 | NumContArr: 1ecbb93e | Constraints: c02fe7d2 | Timing: c2a8fa9d
Phase 2.4 Update Timing
Phase 2.4 Update Timing | Checksum: 17d7fa39d
INFO: [Route 35-416] Intermediate Timing Summary | WNS=0.711  | TNS=0.000  | WHS=-0.143 | THS=-82.316|
[2026-03-31T21:51:44+0000] [3x3_2clz] still running...
INFO: [Common 17-1381] The checkpoint '/home/ubuntu/src/project_data/SatSwarmV2/src/aws-fpga/hdk/cl/examples/cl_satswarm/build/checkpoints/cl_satswarm.2026_03_31-175343.post_phys_opt.dcp' has been generated.
write_checkpoint: Time (s): cpu = 00:02:06 ; elapsed = 00:02:10 . Memory (MB): peak = 22478.105 ; gain = 0.000 ; free physical = 3442 ; free virtual = 19217
INFO: [Timing 38-91] UpdateTimingParams: Speed grade: -2, Temperature grade: E, Delay Type: max.
INFO: [Timing 38-78] ReportTimingParams: -max_paths 10 -nworst 1 -delay_type max -sort_by group.
## route_design -directive $ROUTE_DIRECT -tns_cleanup
Command: route_design -directive Default -tns_cleanup
Post Restoration Checksum: NetGraph: 28056216 | NumContArr: 1ecbb93e | Constraints: c02fe7d2 | Timing: c2a8fa9d
Phase 2.4 Update Timing
Phase 2.4 Update Timing | Checksum: 17d7fa39d
INFO: [Route 35-416] Intermediate Timing Summary | WNS=0.711  | TNS=0.000  | WHS=-0.143 | THS=-82.316|
Phase 2.5 Update Timing for Bus Skew
Phase 2.5.1 Update Timing
[2026-03-31T21:53:44+0000] [3x3_2clz] still running...
INFO: [Common 17-1381] The checkpoint '/home/ubuntu/src/project_data/SatSwarmV2/src/aws-fpga/hdk/cl/examples/cl_satswarm/build/checkpoints/cl_satswarm.2026_03_31-175343.post_phys_opt.dcp' has been generated.
write_checkpoint: Time (s): cpu = 00:02:06 ; elapsed = 00:02:10 . Memory (MB): peak = 22478.105 ; gain = 0.000 ; free physical = 3442 ; free virtual = 19217
INFO: [Timing 38-91] UpdateTimingParams: Speed grade: -2, Temperature grade: E, Delay Type: max.
INFO: [Timing 38-78] ReportTimingParams: -max_paths 10 -nworst 1 -delay_type max -sort_by group.
## route_design -directive $ROUTE_DIRECT -tns_cleanup
Command: route_design -directive Default -tns_cleanup
Post Restoration Checksum: NetGraph: 28056216 | NumContArr: 1ecbb93e | Constraints: c02fe7d2 | Timing: c2a8fa9d
Phase 2.4 Update Timing
Phase 2.4 Update Timing | Checksum: 17d7fa39d
INFO: [Route 35-416] Intermediate Timing Summary | WNS=0.711  | TNS=0.000  | WHS=-0.143 | THS=-82.316|
Phase 2.5 Update Timing for Bus Skew
Phase 2.5.1 Update Timing
[2026-03-31T21:55:44+0000] [3x3_2clz] still running...
INFO: [Common 17-1381] The checkpoint '/home/ubuntu/src/project_data/SatSwarmV2/src/aws-fpga/hdk/cl/examples/cl_satswarm/build/checkpoints/cl_satswarm.2026_03_31-175343.post_phys_opt.dcp' has been generated.
write_checkpoint: Time (s): cpu = 00:02:06 ; elapsed = 00:02:10 . Memory (MB): peak = 22478.105 ; gain = 0.000 ; free physical = 3442 ; free virtual = 19217
INFO: [Timing 38-91] UpdateTimingParams: Speed grade: -2, Temperature grade: E, Delay Type: max.
INFO: [Timing 38-78] ReportTimingParams: -max_paths 10 -nworst 1 -delay_type max -sort_by group.
## route_design -directive $ROUTE_DIRECT -tns_cleanup
Command: route_design -directive Default -tns_cleanup
Post Restoration Checksum: NetGraph: 28056216 | NumContArr: 1ecbb93e | Constraints: c02fe7d2 | Timing: c2a8fa9d
Phase 2.4 Update Timing
Phase 2.4 Update Timing | Checksum: 17d7fa39d
INFO: [Route 35-416] Intermediate Timing Summary | WNS=0.711  | TNS=0.000  | WHS=-0.143 | THS=-82.316|
Phase 2.5 Update Timing for Bus Skew
Phase 2.5.1 Update Timing
[2026-03-31T21:57:44+0000] [3x3_2clz] still running...
INFO: [Common 17-1381] The checkpoint '/home/ubuntu/src/project_data/SatSwarmV2/src/aws-fpga/hdk/cl/examples/cl_satswarm/build/checkpoints/cl_satswarm.2026_03_31-175343.post_phys_opt.dcp' has been generated.
write_checkpoint: Time (s): cpu = 00:02:06 ; elapsed = 00:02:10 . Memory (MB): peak = 22478.105 ; gain = 0.000 ; free physical = 3442 ; free virtual = 19217
INFO: [Timing 38-91] UpdateTimingParams: Speed grade: -2, Temperature grade: E, Delay Type: max.
INFO: [Timing 38-78] ReportTimingParams: -max_paths 10 -nworst 1 -delay_type max -sort_by group.
## route_design -directive $ROUTE_DIRECT -tns_cleanup
Command: route_design -directive Default -tns_cleanup
Post Restoration Checksum: NetGraph: 28056216 | NumContArr: 1ecbb93e | Constraints: c02fe7d2 | Timing: c2a8fa9d
Phase 2.4 Update Timing
Phase 2.4 Update Timing | Checksum: 17d7fa39d
INFO: [Route 35-416] Intermediate Timing Summary | WNS=0.711  | TNS=0.000  | WHS=-0.143 | THS=-82.316|
Phase 2.5 Update Timing for Bus Skew
Phase 2.5.1 Update Timing
[2026-03-31T21:59:44+0000] [3x3_2clz] still running...
INFO: [Common 17-1381] The checkpoint '/home/ubuntu/src/project_data/SatSwarmV2/src/aws-fpga/hdk/cl/examples/cl_satswarm/build/checkpoints/cl_satswarm.2026_03_31-175343.post_phys_opt.dcp' has been generated.
write_checkpoint: Time (s): cpu = 00:02:06 ; elapsed = 00:02:10 . Memory (MB): peak = 22478.105 ; gain = 0.000 ; free physical = 3442 ; free virtual = 19217
INFO: [Timing 38-91] UpdateTimingParams: Speed grade: -2, Temperature grade: E, Delay Type: max.
INFO: [Timing 38-78] ReportTimingParams: -max_paths 10 -nworst 1 -delay_type max -sort_by group.
## route_design -directive $ROUTE_DIRECT -tns_cleanup
Command: route_design -directive Default -tns_cleanup
Post Restoration Checksum: NetGraph: 28056216 | NumContArr: 1ecbb93e | Constraints: c02fe7d2 | Timing: c2a8fa9d
Phase 2.4 Update Timing
Phase 2.4 Update Timing | Checksum: 17d7fa39d
INFO: [Route 35-416] Intermediate Timing Summary | WNS=0.711  | TNS=0.000  | WHS=-0.143 | THS=-82.316|
Phase 2.5 Update Timing for Bus Skew
Phase 2.5.1 Update Timing
[2026-03-31T22:01:44+0000] [3x3_2clz] still running...
INFO: [Timing 38-78] ReportTimingParams: -max_paths 10 -nworst 1 -delay_type max -sort_by group.
## route_design -directive $ROUTE_DIRECT -tns_cleanup
Command: route_design -directive Default -tns_cleanup
Post Restoration Checksum: NetGraph: 28056216 | NumContArr: 1ecbb93e | Constraints: c02fe7d2 | Timing: c2a8fa9d
Phase 2.4 Update Timing
Phase 2.4 Update Timing | Checksum: 17d7fa39d
INFO: [Route 35-416] Intermediate Timing Summary | WNS=0.711  | TNS=0.000  | WHS=-0.143 | THS=-82.316|
Phase 2.5 Update Timing for Bus Skew
Phase 2.5.1 Update Timing
Phase 2.5.1 Update Timing | Checksum: 1c3916a18
INFO: [Route 35-416] Intermediate Timing Summary | WNS=0.711  | TNS=0.000  | WHS=-0.245 | THS=-34.399|
Phase 2.5 Update Timing for Bus Skew | Checksum: 1b87c8815
[2026-03-31T22:03:44+0000] [3x3_2clz] still running...
INFO: [Timing 38-78] ReportTimingParams: -max_paths 10 -nworst 1 -delay_type max -sort_by group.
## route_design -directive $ROUTE_DIRECT -tns_cleanup
Command: route_design -directive Default -tns_cleanup
Post Restoration Checksum: NetGraph: 28056216 | NumContArr: 1ecbb93e | Constraints: c02fe7d2 | Timing: c2a8fa9d
Phase 2.4 Update Timing
Phase 2.4 Update Timing | Checksum: 17d7fa39d
INFO: [Route 35-416] Intermediate Timing Summary | WNS=0.711  | TNS=0.000  | WHS=-0.143 | THS=-82.316|
Phase 2.5 Update Timing for Bus Skew
Phase 2.5.1 Update Timing
Phase 2.5.1 Update Timing | Checksum: 1c3916a18
INFO: [Route 35-416] Intermediate Timing Summary | WNS=0.711  | TNS=0.000  | WHS=-0.245 | THS=-34.399|
Phase 2.5 Update Timing for Bus Skew | Checksum: 1b87c8815
[2026-03-31T22:05:44+0000] [3x3_2clz] still running...
INFO: [Timing 38-78] ReportTimingParams: -max_paths 10 -nworst 1 -delay_type max -sort_by group.
## route_design -directive $ROUTE_DIRECT -tns_cleanup
Command: route_design -directive Default -tns_cleanup
Post Restoration Checksum: NetGraph: 28056216 | NumContArr: 1ecbb93e | Constraints: c02fe7d2 | Timing: c2a8fa9d
Phase 2.4 Update Timing
Phase 2.4 Update Timing | Checksum: 17d7fa39d
INFO: [Route 35-416] Intermediate Timing Summary | WNS=0.711  | TNS=0.000  | WHS=-0.143 | THS=-82.316|
Phase 2.5 Update Timing for Bus Skew
Phase 2.5.1 Update Timing
Phase 2.5.1 Update Timing | Checksum: 1c3916a18
INFO: [Route 35-416] Intermediate Timing Summary | WNS=0.711  | TNS=0.000  | WHS=-0.245 | THS=-34.399|
Phase 2.5 Update Timing for Bus Skew | Checksum: 1b87c8815
[2026-03-31T22:07:44+0000] [3x3_2clz] still running...
INFO: [Timing 38-78] ReportTimingParams: -max_paths 10 -nworst 1 -delay_type max -sort_by group.
## route_design -directive $ROUTE_DIRECT -tns_cleanup
Command: route_design -directive Default -tns_cleanup
Post Restoration Checksum: NetGraph: 28056216 | NumContArr: 1ecbb93e | Constraints: c02fe7d2 | Timing: c2a8fa9d
Phase 2.4 Update Timing
Phase 2.4 Update Timing | Checksum: 17d7fa39d
INFO: [Route 35-416] Intermediate Timing Summary | WNS=0.711  | TNS=0.000  | WHS=-0.143 | THS=-82.316|
Phase 2.5 Update Timing for Bus Skew
Phase 2.5.1 Update Timing
Phase 2.5.1 Update Timing | Checksum: 1c3916a18
INFO: [Route 35-416] Intermediate Timing Summary | WNS=0.711  | TNS=0.000  | WHS=-0.245 | THS=-34.399|
Phase 2.5 Update Timing for Bus Skew | Checksum: 1b87c8815
[2026-03-31T22:09:44+0000] [3x3_2clz] still running...
INFO: [Timing 38-78] ReportTimingParams: -max_paths 10 -nworst 1 -delay_type max -sort_by group.
## route_design -directive $ROUTE_DIRECT -tns_cleanup
Command: route_design -directive Default -tns_cleanup
Post Restoration Checksum: NetGraph: 28056216 | NumContArr: 1ecbb93e | Constraints: c02fe7d2 | Timing: c2a8fa9d
Phase 2.4 Update Timing
Phase 2.4 Update Timing | Checksum: 17d7fa39d
INFO: [Route 35-416] Intermediate Timing Summary | WNS=0.711  | TNS=0.000  | WHS=-0.143 | THS=-82.316|
Phase 2.5 Update Timing for Bus Skew
Phase 2.5.1 Update Timing
Phase 2.5.1 Update Timing | Checksum: 1c3916a18
INFO: [Route 35-416] Intermediate Timing Summary | WNS=0.711  | TNS=0.000  | WHS=-0.245 | THS=-34.399|
Phase 2.5 Update Timing for Bus Skew | Checksum: 1b87c8815
[2026-03-31T22:11:44+0000] [3x3_2clz] still running...
INFO: [Timing 38-78] ReportTimingParams: -max_paths 10 -nworst 1 -delay_type max -sort_by group.
## route_design -directive $ROUTE_DIRECT -tns_cleanup
Command: route_design -directive Default -tns_cleanup
Post Restoration Checksum: NetGraph: 28056216 | NumContArr: 1ecbb93e | Constraints: c02fe7d2 | Timing: c2a8fa9d
Phase 2.4 Update Timing
Phase 2.4 Update Timing | Checksum: 17d7fa39d
INFO: [Route 35-416] Intermediate Timing Summary | WNS=0.711  | TNS=0.000  | WHS=-0.143 | THS=-82.316|
Phase 2.5 Update Timing for Bus Skew
Phase 2.5.1 Update Timing
Phase 2.5.1 Update Timing | Checksum: 1c3916a18
INFO: [Route 35-416] Intermediate Timing Summary | WNS=0.711  | TNS=0.000  | WHS=-0.245 | THS=-34.399|
Phase 2.5 Update Timing for Bus Skew | Checksum: 1b87c8815
[2026-03-31T22:13:44+0000] [3x3_2clz] still running...
INFO: [Timing 38-78] ReportTimingParams: -max_paths 10 -nworst 1 -delay_type max -sort_by group.
## route_design -directive $ROUTE_DIRECT -tns_cleanup
Command: route_design -directive Default -tns_cleanup
Post Restoration Checksum: NetGraph: 28056216 | NumContArr: 1ecbb93e | Constraints: c02fe7d2 | Timing: c2a8fa9d
Phase 2.4 Update Timing
Phase 2.4 Update Timing | Checksum: 17d7fa39d
INFO: [Route 35-416] Intermediate Timing Summary | WNS=0.711  | TNS=0.000  | WHS=-0.143 | THS=-82.316|
Phase 2.5 Update Timing for Bus Skew
Phase 2.5.1 Update Timing
Phase 2.5.1 Update Timing | Checksum: 1c3916a18
INFO: [Route 35-416] Intermediate Timing Summary | WNS=0.711  | TNS=0.000  | WHS=-0.245 | THS=-34.399|
Phase 2.5 Update Timing for Bus Skew | Checksum: 1b87c8815
[2026-03-31T22:15:44+0000] [3x3_2clz] still running...
INFO: [Timing 38-78] ReportTimingParams: -max_paths 10 -nworst 1 -delay_type max -sort_by group.
## route_design -directive $ROUTE_DIRECT -tns_cleanup
Command: route_design -directive Default -tns_cleanup
Post Restoration Checksum: NetGraph: 28056216 | NumContArr: 1ecbb93e | Constraints: c02fe7d2 | Timing: c2a8fa9d
Phase 2.4 Update Timing
Phase 2.4 Update Timing | Checksum: 17d7fa39d
INFO: [Route 35-416] Intermediate Timing Summary | WNS=0.711  | TNS=0.000  | WHS=-0.143 | THS=-82.316|
Phase 2.5 Update Timing for Bus Skew
Phase 2.5.1 Update Timing
Phase 2.5.1 Update Timing | Checksum: 1c3916a18
INFO: [Route 35-416] Intermediate Timing Summary | WNS=0.711  | TNS=0.000  | WHS=-0.245 | THS=-34.399|
Phase 2.5 Update Timing for Bus Skew | Checksum: 1b87c8815
[2026-03-31T22:17:44+0000] [3x3_2clz] still running...
INFO: [Timing 38-78] ReportTimingParams: -max_paths 10 -nworst 1 -delay_type max -sort_by group.
## route_design -directive $ROUTE_DIRECT -tns_cleanup
Command: route_design -directive Default -tns_cleanup
Post Restoration Checksum: NetGraph: 28056216 | NumContArr: 1ecbb93e | Constraints: c02fe7d2 | Timing: c2a8fa9d
Phase 2.4 Update Timing
Phase 2.4 Update Timing | Checksum: 17d7fa39d
INFO: [Route 35-416] Intermediate Timing Summary | WNS=0.711  | TNS=0.000  | WHS=-0.143 | THS=-82.316|
Phase 2.5 Update Timing for Bus Skew
Phase 2.5.1 Update Timing
Phase 2.5.1 Update Timing | Checksum: 1c3916a18
INFO: [Route 35-416] Intermediate Timing Summary | WNS=0.711  | TNS=0.000  | WHS=-0.245 | THS=-34.399|
Phase 2.5 Update Timing for Bus Skew | Checksum: 1b87c8815
[2026-03-31T22:19:44+0000] [3x3_2clz] still running...
INFO: [Timing 38-78] ReportTimingParams: -max_paths 10 -nworst 1 -delay_type max -sort_by group.
## route_design -directive $ROUTE_DIRECT -tns_cleanup
Command: route_design -directive Default -tns_cleanup
Post Restoration Checksum: NetGraph: 28056216 | NumContArr: 1ecbb93e | Constraints: c02fe7d2 | Timing: c2a8fa9d
Phase 2.4 Update Timing
Phase 2.4 Update Timing | Checksum: 17d7fa39d
INFO: [Route 35-416] Intermediate Timing Summary | WNS=0.711  | TNS=0.000  | WHS=-0.143 | THS=-82.316|
Phase 2.5 Update Timing for Bus Skew
Phase 2.5.1 Update Timing
Phase 2.5.1 Update Timing | Checksum: 1c3916a18
INFO: [Route 35-416] Intermediate Timing Summary | WNS=0.711  | TNS=0.000  | WHS=-0.245 | THS=-34.399|
Phase 2.5 Update Timing for Bus Skew | Checksum: 1b87c8815
[2026-03-31T22:21:44+0000] [3x3_2clz] still running...
INFO: [Timing 38-78] ReportTimingParams: -max_paths 10 -nworst 1 -delay_type max -sort_by group.
## route_design -directive $ROUTE_DIRECT -tns_cleanup
Command: route_design -directive Default -tns_cleanup
Post Restoration Checksum: NetGraph: 28056216 | NumContArr: 1ecbb93e | Constraints: c02fe7d2 | Timing: c2a8fa9d
Phase 2.4 Update Timing
Phase 2.4 Update Timing | Checksum: 17d7fa39d
INFO: [Route 35-416] Intermediate Timing Summary | WNS=0.711  | TNS=0.000  | WHS=-0.143 | THS=-82.316|
Phase 2.5 Update Timing for Bus Skew
Phase 2.5.1 Update Timing
Phase 2.5.1 Update Timing | Checksum: 1c3916a18
INFO: [Route 35-416] Intermediate Timing Summary | WNS=0.711  | TNS=0.000  | WHS=-0.245 | THS=-34.399|
Phase 2.5 Update Timing for Bus Skew | Checksum: 1b87c8815
[2026-03-31T22:23:44+0000] [3x3_2clz] still running...
INFO: [Timing 38-78] ReportTimingParams: -max_paths 10 -nworst 1 -delay_type max -sort_by group.
## route_design -directive $ROUTE_DIRECT -tns_cleanup
Command: route_design -directive Default -tns_cleanup
Post Restoration Checksum: NetGraph: 28056216 | NumContArr: 1ecbb93e | Constraints: c02fe7d2 | Timing: c2a8fa9d
Phase 2.4 Update Timing
Phase 2.4 Update Timing | Checksum: 17d7fa39d
INFO: [Route 35-416] Intermediate Timing Summary | WNS=0.711  | TNS=0.000  | WHS=-0.143 | THS=-82.316|
Phase 2.5 Update Timing for Bus Skew
Phase 2.5.1 Update Timing
Phase 2.5.1 Update Timing | Checksum: 1c3916a18
INFO: [Route 35-416] Intermediate Timing Summary | WNS=0.711  | TNS=0.000  | WHS=-0.245 | THS=-34.399|
Phase 2.5 Update Timing for Bus Skew | Checksum: 1b87c8815
[2026-03-31T22:25:44+0000] [3x3_2clz] still running...
INFO: [Timing 38-78] ReportTimingParams: -max_paths 10 -nworst 1 -delay_type max -sort_by group.
## route_design -directive $ROUTE_DIRECT -tns_cleanup
Command: route_design -directive Default -tns_cleanup
Post Restoration Checksum: NetGraph: 28056216 | NumContArr: 1ecbb93e | Constraints: c02fe7d2 | Timing: c2a8fa9d
Phase 2.4 Update Timing
Phase 2.4 Update Timing | Checksum: 17d7fa39d
INFO: [Route 35-416] Intermediate Timing Summary | WNS=0.711  | TNS=0.000  | WHS=-0.143 | THS=-82.316|
Phase 2.5 Update Timing for Bus Skew
Phase 2.5.1 Update Timing
Phase 2.5.1 Update Timing | Checksum: 1c3916a18
INFO: [Route 35-416] Intermediate Timing Summary | WNS=0.711  | TNS=0.000  | WHS=-0.245 | THS=-34.399|
Phase 2.5 Update Timing for Bus Skew | Checksum: 1b87c8815
[2026-03-31T22:27:44+0000] [3x3_2clz] still running...
INFO: [Timing 38-78] ReportTimingParams: -max_paths 10 -nworst 1 -delay_type max -sort_by group.
## route_design -directive $ROUTE_DIRECT -tns_cleanup
Command: route_design -directive Default -tns_cleanup
Post Restoration Checksum: NetGraph: 28056216 | NumContArr: 1ecbb93e | Constraints: c02fe7d2 | Timing: c2a8fa9d
Phase 2.4 Update Timing
Phase 2.4 Update Timing | Checksum: 17d7fa39d
INFO: [Route 35-416] Intermediate Timing Summary | WNS=0.711  | TNS=0.000  | WHS=-0.143 | THS=-82.316|
Phase 2.5 Update Timing for Bus Skew
Phase 2.5.1 Update Timing
Phase 2.5.1 Update Timing | Checksum: 1c3916a18
INFO: [Route 35-416] Intermediate Timing Summary | WNS=0.711  | TNS=0.000  | WHS=-0.245 | THS=-34.399|
Phase 2.5 Update Timing for Bus Skew | Checksum: 1b87c8815
[2026-03-31T22:29:44+0000] [3x3_2clz] still running...
INFO: [Timing 38-78] ReportTimingParams: -max_paths 10 -nworst 1 -delay_type max -sort_by group.
## route_design -directive $ROUTE_DIRECT -tns_cleanup
Command: route_design -directive Default -tns_cleanup
Post Restoration Checksum: NetGraph: 28056216 | NumContArr: 1ecbb93e | Constraints: c02fe7d2 | Timing: c2a8fa9d
Phase 2.4 Update Timing
Phase 2.4 Update Timing | Checksum: 17d7fa39d
INFO: [Route 35-416] Intermediate Timing Summary | WNS=0.711  | TNS=0.000  | WHS=-0.143 | THS=-82.316|
Phase 2.5 Update Timing for Bus Skew
Phase 2.5.1 Update Timing
Phase 2.5.1 Update Timing | Checksum: 1c3916a18
INFO: [Route 35-416] Intermediate Timing Summary | WNS=0.711  | TNS=0.000  | WHS=-0.245 | THS=-34.399|
Phase 2.5 Update Timing for Bus Skew | Checksum: 1b87c8815
[2026-03-31T22:31:44+0000] [3x3_2clz] still running...
INFO: [Timing 38-78] ReportTimingParams: -max_paths 10 -nworst 1 -delay_type max -sort_by group.
## route_design -directive $ROUTE_DIRECT -tns_cleanup
Command: route_design -directive Default -tns_cleanup
Post Restoration Checksum: NetGraph: 28056216 | NumContArr: 1ecbb93e | Constraints: c02fe7d2 | Timing: c2a8fa9d
Phase 2.4 Update Timing
Phase 2.4 Update Timing | Checksum: 17d7fa39d
INFO: [Route 35-416] Intermediate Timing Summary | WNS=0.711  | TNS=0.000  | WHS=-0.143 | THS=-82.316|
Phase 2.5 Update Timing for Bus Skew
Phase 2.5.1 Update Timing
Phase 2.5.1 Update Timing | Checksum: 1c3916a18
INFO: [Route 35-416] Intermediate Timing Summary | WNS=0.711  | TNS=0.000  | WHS=-0.245 | THS=-34.399|
Phase 2.5 Update Timing for Bus Skew | Checksum: 1b87c8815
[2026-03-31T22:33:44+0000] [3x3_2clz] still running...
INFO: [Timing 38-78] ReportTimingParams: -max_paths 10 -nworst 1 -delay_type max -sort_by group.
## route_design -directive $ROUTE_DIRECT -tns_cleanup
Command: route_design -directive Default -tns_cleanup
Post Restoration Checksum: NetGraph: 28056216 | NumContArr: 1ecbb93e | Constraints: c02fe7d2 | Timing: c2a8fa9d
Phase 2.4 Update Timing
Phase 2.4 Update Timing | Checksum: 17d7fa39d
INFO: [Route 35-416] Intermediate Timing Summary | WNS=0.711  | TNS=0.000  | WHS=-0.143 | THS=-82.316|
Phase 2.5 Update Timing for Bus Skew
Phase 2.5.1 Update Timing
Phase 2.5.1 Update Timing | Checksum: 1c3916a18
INFO: [Route 35-416] Intermediate Timing Summary | WNS=0.711  | TNS=0.000  | WHS=-0.245 | THS=-34.399|
Phase 2.5 Update Timing for Bus Skew | Checksum: 1b87c8815
[2026-03-31T22:35:44+0000] [3x3_2clz] still running...
INFO: [Timing 38-78] ReportTimingParams: -max_paths 10 -nworst 1 -delay_type max -sort_by group.
## route_design -directive $ROUTE_DIRECT -tns_cleanup
Command: route_design -directive Default -tns_cleanup
Post Restoration Checksum: NetGraph: 28056216 | NumContArr: 1ecbb93e | Constraints: c02fe7d2 | Timing: c2a8fa9d
Phase 2.4 Update Timing
Phase 2.4 Update Timing | Checksum: 17d7fa39d
INFO: [Route 35-416] Intermediate Timing Summary | WNS=0.711  | TNS=0.000  | WHS=-0.143 | THS=-82.316|
Phase 2.5 Update Timing for Bus Skew
Phase 2.5.1 Update Timing
Phase 2.5.1 Update Timing | Checksum: 1c3916a18
INFO: [Route 35-416] Intermediate Timing Summary | WNS=0.711  | TNS=0.000  | WHS=-0.245 | THS=-34.399|
Phase 2.5 Update Timing for Bus Skew | Checksum: 1b87c8815
[2026-03-31T22:37:44+0000] [3x3_2clz] still running...
INFO: [Timing 38-78] ReportTimingParams: -max_paths 10 -nworst 1 -delay_type max -sort_by group.
## route_design -directive $ROUTE_DIRECT -tns_cleanup
Command: route_design -directive Default -tns_cleanup
Post Restoration Checksum: NetGraph: 28056216 | NumContArr: 1ecbb93e | Constraints: c02fe7d2 | Timing: c2a8fa9d
Phase 2.4 Update Timing
Phase 2.4 Update Timing | Checksum: 17d7fa39d
INFO: [Route 35-416] Intermediate Timing Summary | WNS=0.711  | TNS=0.000  | WHS=-0.143 | THS=-82.316|
Phase 2.5 Update Timing for Bus Skew
Phase 2.5.1 Update Timing
Phase 2.5.1 Update Timing | Checksum: 1c3916a18
INFO: [Route 35-416] Intermediate Timing Summary | WNS=0.711  | TNS=0.000  | WHS=-0.245 | THS=-34.399|
Phase 2.5 Update Timing for Bus Skew | Checksum: 1b87c8815
[2026-03-31T22:39:44+0000] [3x3_2clz] still running...
INFO: [Timing 38-78] ReportTimingParams: -max_paths 10 -nworst 1 -delay_type max -sort_by group.
## route_design -directive $ROUTE_DIRECT -tns_cleanup
Command: route_design -directive Default -tns_cleanup
Post Restoration Checksum: NetGraph: 28056216 | NumContArr: 1ecbb93e | Constraints: c02fe7d2 | Timing: c2a8fa9d
Phase 2.4 Update Timing
Phase 2.4 Update Timing | Checksum: 17d7fa39d
INFO: [Route 35-416] Intermediate Timing Summary | WNS=0.711  | TNS=0.000  | WHS=-0.143 | THS=-82.316|
Phase 2.5 Update Timing for Bus Skew
Phase 2.5.1 Update Timing
Phase 2.5.1 Update Timing | Checksum: 1c3916a18
INFO: [Route 35-416] Intermediate Timing Summary | WNS=0.711  | TNS=0.000  | WHS=-0.245 | THS=-34.399|
Phase 2.5 Update Timing for Bus Skew | Checksum: 1b87c8815
[2026-03-31T22:41:44+0000] [3x3_2clz] still running...
INFO: [Timing 38-78] ReportTimingParams: -max_paths 10 -nworst 1 -delay_type max -sort_by group.
## route_design -directive $ROUTE_DIRECT -tns_cleanup
Command: route_design -directive Default -tns_cleanup
Post Restoration Checksum: NetGraph: 28056216 | NumContArr: 1ecbb93e | Constraints: c02fe7d2 | Timing: c2a8fa9d
Phase 2.4 Update Timing
Phase 2.4 Update Timing | Checksum: 17d7fa39d
INFO: [Route 35-416] Intermediate Timing Summary | WNS=0.711  | TNS=0.000  | WHS=-0.143 | THS=-82.316|
Phase 2.5 Update Timing for Bus Skew
Phase 2.5.1 Update Timing
Phase 2.5.1 Update Timing | Checksum: 1c3916a18
INFO: [Route 35-416] Intermediate Timing Summary | WNS=0.711  | TNS=0.000  | WHS=-0.245 | THS=-34.399|
Phase 2.5 Update Timing for Bus Skew | Checksum: 1b87c8815
[2026-03-31T22:43:44+0000] [3x3_2clz] still running...
INFO: [Timing 38-78] ReportTimingParams: -max_paths 10 -nworst 1 -delay_type max -sort_by group.
## route_design -directive $ROUTE_DIRECT -tns_cleanup
Command: route_design -directive Default -tns_cleanup
Post Restoration Checksum: NetGraph: 28056216 | NumContArr: 1ecbb93e | Constraints: c02fe7d2 | Timing: c2a8fa9d
Phase 2.4 Update Timing
Phase 2.4 Update Timing | Checksum: 17d7fa39d
INFO: [Route 35-416] Intermediate Timing Summary | WNS=0.711  | TNS=0.000  | WHS=-0.143 | THS=-82.316|
Phase 2.5 Update Timing for Bus Skew
Phase 2.5.1 Update Timing
Phase 2.5.1 Update Timing | Checksum: 1c3916a18
INFO: [Route 35-416] Intermediate Timing Summary | WNS=0.711  | TNS=0.000  | WHS=-0.245 | THS=-34.399|
Phase 2.5 Update Timing for Bus Skew | Checksum: 1b87c8815
[2026-03-31T22:45:44+0000] [3x3_2clz] still running...
INFO: [Timing 38-78] ReportTimingParams: -max_paths 10 -nworst 1 -delay_type max -sort_by group.
## route_design -directive $ROUTE_DIRECT -tns_cleanup
Command: route_design -directive Default -tns_cleanup
Post Restoration Checksum: NetGraph: 28056216 | NumContArr: 1ecbb93e | Constraints: c02fe7d2 | Timing: c2a8fa9d
Phase 2.4 Update Timing
Phase 2.4 Update Timing | Checksum: 17d7fa39d
INFO: [Route 35-416] Intermediate Timing Summary | WNS=0.711  | TNS=0.000  | WHS=-0.143 | THS=-82.316|
Phase 2.5 Update Timing for Bus Skew
Phase 2.5.1 Update Timing
Phase 2.5.1 Update Timing | Checksum: 1c3916a18
INFO: [Route 35-416] Intermediate Timing Summary | WNS=0.711  | TNS=0.000  | WHS=-0.245 | THS=-34.399|
Phase 2.5 Update Timing for Bus Skew | Checksum: 1b87c8815
[2026-03-31T22:47:44+0000] [3x3_2clz] still running...
INFO: [Timing 38-78] ReportTimingParams: -max_paths 10 -nworst 1 -delay_type max -sort_by group.
## route_design -directive $ROUTE_DIRECT -tns_cleanup
Command: route_design -directive Default -tns_cleanup
Post Restoration Checksum: NetGraph: 28056216 | NumContArr: 1ecbb93e | Constraints: c02fe7d2 | Timing: c2a8fa9d
Phase 2.4 Update Timing
Phase 2.4 Update Timing | Checksum: 17d7fa39d
INFO: [Route 35-416] Intermediate Timing Summary | WNS=0.711  | TNS=0.000  | WHS=-0.143 | THS=-82.316|
Phase 2.5 Update Timing for Bus Skew
Phase 2.5.1 Update Timing
Phase 2.5.1 Update Timing | Checksum: 1c3916a18
INFO: [Route 35-416] Intermediate Timing Summary | WNS=0.711  | TNS=0.000  | WHS=-0.245 | THS=-34.399|
Phase 2.5 Update Timing for Bus Skew | Checksum: 1b87c8815
[2026-03-31T22:49:44+0000] [3x3_2clz] still running...
INFO: [Timing 38-78] ReportTimingParams: -max_paths 10 -nworst 1 -delay_type max -sort_by group.
## route_design -directive $ROUTE_DIRECT -tns_cleanup
Command: route_design -directive Default -tns_cleanup
Post Restoration Checksum: NetGraph: 28056216 | NumContArr: 1ecbb93e | Constraints: c02fe7d2 | Timing: c2a8fa9d
Phase 2.4 Update Timing
Phase 2.4 Update Timing | Checksum: 17d7fa39d
INFO: [Route 35-416] Intermediate Timing Summary | WNS=0.711  | TNS=0.000  | WHS=-0.143 | THS=-82.316|
Phase 2.5 Update Timing for Bus Skew
Phase 2.5.1 Update Timing
Phase 2.5.1 Update Timing | Checksum: 1c3916a18
INFO: [Route 35-416] Intermediate Timing Summary | WNS=0.711  | TNS=0.000  | WHS=-0.245 | THS=-34.399|
Phase 2.5 Update Timing for Bus Skew | Checksum: 1b87c8815
[2026-03-31T22:51:44+0000] [3x3_2clz] still running...
INFO: [Timing 38-78] ReportTimingParams: -max_paths 10 -nworst 1 -delay_type max -sort_by group.
## route_design -directive $ROUTE_DIRECT -tns_cleanup
Command: route_design -directive Default -tns_cleanup
Post Restoration Checksum: NetGraph: 28056216 | NumContArr: 1ecbb93e | Constraints: c02fe7d2 | Timing: c2a8fa9d
Phase 2.4 Update Timing
Phase 2.4 Update Timing | Checksum: 17d7fa39d
INFO: [Route 35-416] Intermediate Timing Summary | WNS=0.711  | TNS=0.000  | WHS=-0.143 | THS=-82.316|
Phase 2.5 Update Timing for Bus Skew
Phase 2.5.1 Update Timing
Phase 2.5.1 Update Timing | Checksum: 1c3916a18
INFO: [Route 35-416] Intermediate Timing Summary | WNS=0.711  | TNS=0.000  | WHS=-0.245 | THS=-34.399|
Phase 2.5 Update Timing for Bus Skew | Checksum: 1b87c8815
[2026-03-31T22:53:44+0000] [3x3_2clz] still running...
INFO: [Timing 38-78] ReportTimingParams: -max_paths 10 -nworst 1 -delay_type max -sort_by group.
## route_design -directive $ROUTE_DIRECT -tns_cleanup
Command: route_design -directive Default -tns_cleanup
Post Restoration Checksum: NetGraph: 28056216 | NumContArr: 1ecbb93e | Constraints: c02fe7d2 | Timing: c2a8fa9d
Phase 2.4 Update Timing
Phase 2.4 Update Timing | Checksum: 17d7fa39d
INFO: [Route 35-416] Intermediate Timing Summary | WNS=0.711  | TNS=0.000  | WHS=-0.143 | THS=-82.316|
Phase 2.5 Update Timing for Bus Skew
Phase 2.5.1 Update Timing
Phase 2.5.1 Update Timing | Checksum: 1c3916a18
INFO: [Route 35-416] Intermediate Timing Summary | WNS=0.711  | TNS=0.000  | WHS=-0.245 | THS=-34.399|
Phase 2.5 Update Timing for Bus Skew | Checksum: 1b87c8815
[2026-03-31T22:55:44+0000] [3x3_2clz] still running...
INFO: [Timing 38-78] ReportTimingParams: -max_paths 10 -nworst 1 -delay_type max -sort_by group.
## route_design -directive $ROUTE_DIRECT -tns_cleanup
Command: route_design -directive Default -tns_cleanup
Post Restoration Checksum: NetGraph: 28056216 | NumContArr: 1ecbb93e | Constraints: c02fe7d2 | Timing: c2a8fa9d
Phase 2.4 Update Timing
Phase 2.4 Update Timing | Checksum: 17d7fa39d
INFO: [Route 35-416] Intermediate Timing Summary | WNS=0.711  | TNS=0.000  | WHS=-0.143 | THS=-82.316|
Phase 2.5 Update Timing for Bus Skew
Phase 2.5.1 Update Timing
Phase 2.5.1 Update Timing | Checksum: 1c3916a18
INFO: [Route 35-416] Intermediate Timing Summary | WNS=0.711  | TNS=0.000  | WHS=-0.245 | THS=-34.399|
Phase 2.5 Update Timing for Bus Skew | Checksum: 1b87c8815
[2026-03-31T22:57:44+0000] [3x3_2clz] still running...
INFO: [Timing 38-78] ReportTimingParams: -max_paths 10 -nworst 1 -delay_type max -sort_by group.
## route_design -directive $ROUTE_DIRECT -tns_cleanup
Command: route_design -directive Default -tns_cleanup
Post Restoration Checksum: NetGraph: 28056216 | NumContArr: 1ecbb93e | Constraints: c02fe7d2 | Timing: c2a8fa9d
Phase 2.4 Update Timing
Phase 2.4 Update Timing | Checksum: 17d7fa39d
INFO: [Route 35-416] Intermediate Timing Summary | WNS=0.711  | TNS=0.000  | WHS=-0.143 | THS=-82.316|
Phase 2.5 Update Timing for Bus Skew
Phase 2.5.1 Update Timing
Phase 2.5.1 Update Timing | Checksum: 1c3916a18
INFO: [Route 35-416] Intermediate Timing Summary | WNS=0.711  | TNS=0.000  | WHS=-0.245 | THS=-34.399|
Phase 2.5 Update Timing for Bus Skew | Checksum: 1b87c8815
[2026-03-31T22:59:44+0000] [3x3_2clz] still running...
INFO: [Timing 38-78] ReportTimingParams: -max_paths 10 -nworst 1 -delay_type max -sort_by group.
## route_design -directive $ROUTE_DIRECT -tns_cleanup
Command: route_design -directive Default -tns_cleanup
Post Restoration Checksum: NetGraph: 28056216 | NumContArr: 1ecbb93e | Constraints: c02fe7d2 | Timing: c2a8fa9d
Phase 2.4 Update Timing
Phase 2.4 Update Timing | Checksum: 17d7fa39d
INFO: [Route 35-416] Intermediate Timing Summary | WNS=0.711  | TNS=0.000  | WHS=-0.143 | THS=-82.316|
Phase 2.5 Update Timing for Bus Skew
Phase 2.5.1 Update Timing
Phase 2.5.1 Update Timing | Checksum: 1c3916a18
INFO: [Route 35-416] Intermediate Timing Summary | WNS=0.711  | TNS=0.000  | WHS=-0.245 | THS=-34.399|
Phase 2.5 Update Timing for Bus Skew | Checksum: 1b87c8815
[2026-03-31T23:01:44+0000] [3x3_2clz] still running...
INFO: [Timing 38-78] ReportTimingParams: -max_paths 10 -nworst 1 -delay_type max -sort_by group.
## route_design -directive $ROUTE_DIRECT -tns_cleanup
Command: route_design -directive Default -tns_cleanup
Post Restoration Checksum: NetGraph: 28056216 | NumContArr: 1ecbb93e | Constraints: c02fe7d2 | Timing: c2a8fa9d
Phase 2.4 Update Timing
Phase 2.4 Update Timing | Checksum: 17d7fa39d
INFO: [Route 35-416] Intermediate Timing Summary | WNS=0.711  | TNS=0.000  | WHS=-0.143 | THS=-82.316|
Phase 2.5 Update Timing for Bus Skew
Phase 2.5.1 Update Timing
Phase 2.5.1 Update Timing | Checksum: 1c3916a18
INFO: [Route 35-416] Intermediate Timing Summary | WNS=0.711  | TNS=0.000  | WHS=-0.245 | THS=-34.399|
Phase 2.5 Update Timing for Bus Skew | Checksum: 1b87c8815
[2026-03-31T23:03:44+0000] [3x3_2clz] still running...
INFO: [Timing 38-78] ReportTimingParams: -max_paths 10 -nworst 1 -delay_type max -sort_by group.
## route_design -directive $ROUTE_DIRECT -tns_cleanup
Command: route_design -directive Default -tns_cleanup
Post Restoration Checksum: NetGraph: 28056216 | NumContArr: 1ecbb93e | Constraints: c02fe7d2 | Timing: c2a8fa9d
Phase 2.4 Update Timing
Phase 2.4 Update Timing | Checksum: 17d7fa39d
INFO: [Route 35-416] Intermediate Timing Summary | WNS=0.711  | TNS=0.000  | WHS=-0.143 | THS=-82.316|
Phase 2.5 Update Timing for Bus Skew
Phase 2.5.1 Update Timing
Phase 2.5.1 Update Timing | Checksum: 1c3916a18
INFO: [Route 35-416] Intermediate Timing Summary | WNS=0.711  | TNS=0.000  | WHS=-0.245 | THS=-34.399|
Phase 2.5 Update Timing for Bus Skew | Checksum: 1b87c8815
[2026-03-31T23:05:44+0000] [3x3_2clz] still running...
INFO: [Timing 38-78] ReportTimingParams: -max_paths 10 -nworst 1 -delay_type max -sort_by group.
## route_design -directive $ROUTE_DIRECT -tns_cleanup
Command: route_design -directive Default -tns_cleanup
Post Restoration Checksum: NetGraph: 28056216 | NumContArr: 1ecbb93e | Constraints: c02fe7d2 | Timing: c2a8fa9d
Phase 2.4 Update Timing
Phase 2.4 Update Timing | Checksum: 17d7fa39d
INFO: [Route 35-416] Intermediate Timing Summary | WNS=0.711  | TNS=0.000  | WHS=-0.143 | THS=-82.316|
Phase 2.5 Update Timing for Bus Skew
Phase 2.5.1 Update Timing
Phase 2.5.1 Update Timing | Checksum: 1c3916a18
INFO: [Route 35-416] Intermediate Timing Summary | WNS=0.711  | TNS=0.000  | WHS=-0.245 | THS=-34.399|
Phase 2.5 Update Timing for Bus Skew | Checksum: 1b87c8815
[2026-03-31T23:07:44+0000] [3x3_2clz] still running...
INFO: [Timing 38-78] ReportTimingParams: -max_paths 10 -nworst 1 -delay_type max -sort_by group.
## route_design -directive $ROUTE_DIRECT -tns_cleanup
Command: route_design -directive Default -tns_cleanup
Post Restoration Checksum: NetGraph: 28056216 | NumContArr: 1ecbb93e | Constraints: c02fe7d2 | Timing: c2a8fa9d
Phase 2.4 Update Timing
Phase 2.4 Update Timing | Checksum: 17d7fa39d
INFO: [Route 35-416] Intermediate Timing Summary | WNS=0.711  | TNS=0.000  | WHS=-0.143 | THS=-82.316|
Phase 2.5 Update Timing for Bus Skew
Phase 2.5.1 Update Timing
Phase 2.5.1 Update Timing | Checksum: 1c3916a18
INFO: [Route 35-416] Intermediate Timing Summary | WNS=0.711  | TNS=0.000  | WHS=-0.245 | THS=-34.399|
Phase 2.5 Update Timing for Bus Skew | Checksum: 1b87c8815
[2026-03-31T23:09:44+0000] [3x3_2clz] still running...
INFO: [Timing 38-78] ReportTimingParams: -max_paths 10 -nworst 1 -delay_type max -sort_by group.
## route_design -directive $ROUTE_DIRECT -tns_cleanup
Command: route_design -directive Default -tns_cleanup
Post Restoration Checksum: NetGraph: 28056216 | NumContArr: 1ecbb93e | Constraints: c02fe7d2 | Timing: c2a8fa9d
Phase 2.4 Update Timing
Phase 2.4 Update Timing | Checksum: 17d7fa39d
INFO: [Route 35-416] Intermediate Timing Summary | WNS=0.711  | TNS=0.000  | WHS=-0.143 | THS=-82.316|
Phase 2.5 Update Timing for Bus Skew
Phase 2.5.1 Update Timing
Phase 2.5.1 Update Timing | Checksum: 1c3916a18
INFO: [Route 35-416] Intermediate Timing Summary | WNS=0.711  | TNS=0.000  | WHS=-0.245 | THS=-34.399|
Phase 2.5 Update Timing for Bus Skew | Checksum: 1b87c8815
[2026-03-31T23:11:44+0000] [3x3_2clz] still running...
INFO: [Timing 38-78] ReportTimingParams: -max_paths 10 -nworst 1 -delay_type max -sort_by group.
## route_design -directive $ROUTE_DIRECT -tns_cleanup
Command: route_design -directive Default -tns_cleanup
Post Restoration Checksum: NetGraph: 28056216 | NumContArr: 1ecbb93e | Constraints: c02fe7d2 | Timing: c2a8fa9d
Phase 2.4 Update Timing
Phase 2.4 Update Timing | Checksum: 17d7fa39d
INFO: [Route 35-416] Intermediate Timing Summary | WNS=0.711  | TNS=0.000  | WHS=-0.143 | THS=-82.316|
Phase 2.5 Update Timing for Bus Skew
Phase 2.5.1 Update Timing
Phase 2.5.1 Update Timing | Checksum: 1c3916a18
INFO: [Route 35-416] Intermediate Timing Summary | WNS=0.711  | TNS=0.000  | WHS=-0.245 | THS=-34.399|
Phase 2.5 Update Timing for Bus Skew | Checksum: 1b87c8815
[2026-03-31T23:13:44+0000] [3x3_2clz] still running...
INFO: [Timing 38-78] ReportTimingParams: -max_paths 10 -nworst 1 -delay_type max -sort_by group.
## route_design -directive $ROUTE_DIRECT -tns_cleanup
Command: route_design -directive Default -tns_cleanup
Post Restoration Checksum: NetGraph: 28056216 | NumContArr: 1ecbb93e | Constraints: c02fe7d2 | Timing: c2a8fa9d
Phase 2.4 Update Timing
Phase 2.4 Update Timing | Checksum: 17d7fa39d
INFO: [Route 35-416] Intermediate Timing Summary | WNS=0.711  | TNS=0.000  | WHS=-0.143 | THS=-82.316|
Phase 2.5 Update Timing for Bus Skew
Phase 2.5.1 Update Timing
Phase 2.5.1 Update Timing | Checksum: 1c3916a18
INFO: [Route 35-416] Intermediate Timing Summary | WNS=0.711  | TNS=0.000  | WHS=-0.245 | THS=-34.399|
Phase 2.5 Update Timing for Bus Skew | Checksum: 1b87c8815
[2026-03-31T23:15:44+0000] [3x3_2clz] still running...
INFO: [Timing 38-78] ReportTimingParams: -max_paths 10 -nworst 1 -delay_type max -sort_by group.
## route_design -directive $ROUTE_DIRECT -tns_cleanup
Command: route_design -directive Default -tns_cleanup
Post Restoration Checksum: NetGraph: 28056216 | NumContArr: 1ecbb93e | Constraints: c02fe7d2 | Timing: c2a8fa9d
Phase 2.4 Update Timing
Phase 2.4 Update Timing | Checksum: 17d7fa39d
INFO: [Route 35-416] Intermediate Timing Summary | WNS=0.711  | TNS=0.000  | WHS=-0.143 | THS=-82.316|
Phase 2.5 Update Timing for Bus Skew
Phase 2.5.1 Update Timing
Phase 2.5.1 Update Timing | Checksum: 1c3916a18
INFO: [Route 35-416] Intermediate Timing Summary | WNS=0.711  | TNS=0.000  | WHS=-0.245 | THS=-34.399|
Phase 2.5 Update Timing for Bus Skew | Checksum: 1b87c8815
[2026-03-31T23:17:44+0000] [3x3_2clz] still running...
INFO: [Timing 38-78] ReportTimingParams: -max_paths 10 -nworst 1 -delay_type max -sort_by group.
## route_design -directive $ROUTE_DIRECT -tns_cleanup
Command: route_design -directive Default -tns_cleanup
Post Restoration Checksum: NetGraph: 28056216 | NumContArr: 1ecbb93e | Constraints: c02fe7d2 | Timing: c2a8fa9d
Phase 2.4 Update Timing
Phase 2.4 Update Timing | Checksum: 17d7fa39d
INFO: [Route 35-416] Intermediate Timing Summary | WNS=0.711  | TNS=0.000  | WHS=-0.143 | THS=-82.316|
Phase 2.5 Update Timing for Bus Skew
Phase 2.5.1 Update Timing
Phase 2.5.1 Update Timing | Checksum: 1c3916a18
INFO: [Route 35-416] Intermediate Timing Summary | WNS=0.711  | TNS=0.000  | WHS=-0.245 | THS=-34.399|
Phase 2.5 Update Timing for Bus Skew | Checksum: 1b87c8815
[2026-03-31T23:19:44+0000] [3x3_2clz] still running...
INFO: [Timing 38-78] ReportTimingParams: -max_paths 10 -nworst 1 -delay_type max -sort_by group.
## route_design -directive $ROUTE_DIRECT -tns_cleanup
Command: route_design -directive Default -tns_cleanup
Post Restoration Checksum: NetGraph: 28056216 | NumContArr: 1ecbb93e | Constraints: c02fe7d2 | Timing: c2a8fa9d
Phase 2.4 Update Timing
Phase 2.4 Update Timing | Checksum: 17d7fa39d
INFO: [Route 35-416] Intermediate Timing Summary | WNS=0.711  | TNS=0.000  | WHS=-0.143 | THS=-82.316|
Phase 2.5 Update Timing for Bus Skew
Phase 2.5.1 Update Timing
Phase 2.5.1 Update Timing | Checksum: 1c3916a18
INFO: [Route 35-416] Intermediate Timing Summary | WNS=0.711  | TNS=0.000  | WHS=-0.245 | THS=-34.399|
Phase 2.5 Update Timing for Bus Skew | Checksum: 1b87c8815
[2026-03-31T23:21:44+0000] [3x3_2clz] still running...
INFO: [Timing 38-78] ReportTimingParams: -max_paths 10 -nworst 1 -delay_type max -sort_by group.
## route_design -directive $ROUTE_DIRECT -tns_cleanup
Command: route_design -directive Default -tns_cleanup
Post Restoration Checksum: NetGraph: 28056216 | NumContArr: 1ecbb93e | Constraints: c02fe7d2 | Timing: c2a8fa9d
Phase 2.4 Update Timing
Phase 2.4 Update Timing | Checksum: 17d7fa39d
INFO: [Route 35-416] Intermediate Timing Summary | WNS=0.711  | TNS=0.000  | WHS=-0.143 | THS=-82.316|
Phase 2.5 Update Timing for Bus Skew
Phase 2.5.1 Update Timing
Phase 2.5.1 Update Timing | Checksum: 1c3916a18
INFO: [Route 35-416] Intermediate Timing Summary | WNS=0.711  | TNS=0.000  | WHS=-0.245 | THS=-34.399|
Phase 2.5 Update Timing for Bus Skew | Checksum: 1b87c8815
[2026-03-31T23:23:44+0000] [3x3_2clz] still running...
INFO: [Timing 38-78] ReportTimingParams: -max_paths 10 -nworst 1 -delay_type max -sort_by group.
## route_design -directive $ROUTE_DIRECT -tns_cleanup
Command: route_design -directive Default -tns_cleanup
Post Restoration Checksum: NetGraph: 28056216 | NumContArr: 1ecbb93e | Constraints: c02fe7d2 | Timing: c2a8fa9d
Phase 2.4 Update Timing
Phase 2.4 Update Timing | Checksum: 17d7fa39d
INFO: [Route 35-416] Intermediate Timing Summary | WNS=0.711  | TNS=0.000  | WHS=-0.143 | THS=-82.316|
Phase 2.5 Update Timing for Bus Skew
Phase 2.5.1 Update Timing
Phase 2.5.1 Update Timing | Checksum: 1c3916a18
INFO: [Route 35-416] Intermediate Timing Summary | WNS=0.711  | TNS=0.000  | WHS=-0.245 | THS=-34.399|
Phase 2.5 Update Timing for Bus Skew | Checksum: 1b87c8815
[2026-03-31T23:25:44+0000] [3x3_2clz] still running...
INFO: [Timing 38-78] ReportTimingParams: -max_paths 10 -nworst 1 -delay_type max -sort_by group.
## route_design -directive $ROUTE_DIRECT -tns_cleanup
Command: route_design -directive Default -tns_cleanup
Post Restoration Checksum: NetGraph: 28056216 | NumContArr: 1ecbb93e | Constraints: c02fe7d2 | Timing: c2a8fa9d
Phase 2.4 Update Timing
Phase 2.4 Update Timing | Checksum: 17d7fa39d
INFO: [Route 35-416] Intermediate Timing Summary | WNS=0.711  | TNS=0.000  | WHS=-0.143 | THS=-82.316|
Phase 2.5 Update Timing for Bus Skew
Phase 2.5.1 Update Timing
Phase 2.5.1 Update Timing | Checksum: 1c3916a18
INFO: [Route 35-416] Intermediate Timing Summary | WNS=0.711  | TNS=0.000  | WHS=-0.245 | THS=-34.399|
Phase 2.5 Update Timing for Bus Skew | Checksum: 1b87c8815
[2026-03-31T23:27:44+0000] [3x3_2clz] still running...
INFO: [Timing 38-78] ReportTimingParams: -max_paths 10 -nworst 1 -delay_type max -sort_by group.
## route_design -directive $ROUTE_DIRECT -tns_cleanup
Command: route_design -directive Default -tns_cleanup
Post Restoration Checksum: NetGraph: 28056216 | NumContArr: 1ecbb93e | Constraints: c02fe7d2 | Timing: c2a8fa9d
Phase 2.4 Update Timing
Phase 2.4 Update Timing | Checksum: 17d7fa39d
INFO: [Route 35-416] Intermediate Timing Summary | WNS=0.711  | TNS=0.000  | WHS=-0.143 | THS=-82.316|
Phase 2.5 Update Timing for Bus Skew
Phase 2.5.1 Update Timing
Phase 2.5.1 Update Timing | Checksum: 1c3916a18
INFO: [Route 35-416] Intermediate Timing Summary | WNS=0.711  | TNS=0.000  | WHS=-0.245 | THS=-34.399|
Phase 2.5 Update Timing for Bus Skew | Checksum: 1b87c8815
[2026-03-31T23:29:44+0000] [3x3_2clz] still running...
INFO: [Timing 38-78] ReportTimingParams: -max_paths 10 -nworst 1 -delay_type max -sort_by group.
## route_design -directive $ROUTE_DIRECT -tns_cleanup
Command: route_design -directive Default -tns_cleanup
Post Restoration Checksum: NetGraph: 28056216 | NumContArr: 1ecbb93e | Constraints: c02fe7d2 | Timing: c2a8fa9d
Phase 2.4 Update Timing
Phase 2.4 Update Timing | Checksum: 17d7fa39d
INFO: [Route 35-416] Intermediate Timing Summary | WNS=0.711  | TNS=0.000  | WHS=-0.143 | THS=-82.316|
Phase 2.5 Update Timing for Bus Skew
Phase 2.5.1 Update Timing
Phase 2.5.1 Update Timing | Checksum: 1c3916a18
INFO: [Route 35-416] Intermediate Timing Summary | WNS=0.711  | TNS=0.000  | WHS=-0.245 | THS=-34.399|
Phase 2.5 Update Timing for Bus Skew | Checksum: 1b87c8815
[2026-03-31T23:31:44+0000] [3x3_2clz] still running...
INFO: [Timing 38-78] ReportTimingParams: -max_paths 10 -nworst 1 -delay_type max -sort_by group.
## route_design -directive $ROUTE_DIRECT -tns_cleanup
Command: route_design -directive Default -tns_cleanup
Post Restoration Checksum: NetGraph: 28056216 | NumContArr: 1ecbb93e | Constraints: c02fe7d2 | Timing: c2a8fa9d
Phase 2.4 Update Timing
Phase 2.4 Update Timing | Checksum: 17d7fa39d
INFO: [Route 35-416] Intermediate Timing Summary | WNS=0.711  | TNS=0.000  | WHS=-0.143 | THS=-82.316|
Phase 2.5 Update Timing for Bus Skew
Phase 2.5.1 Update Timing
Phase 2.5.1 Update Timing | Checksum: 1c3916a18
INFO: [Route 35-416] Intermediate Timing Summary | WNS=0.711  | TNS=0.000  | WHS=-0.245 | THS=-34.399|
Phase 2.5 Update Timing for Bus Skew | Checksum: 1b87c8815
[2026-03-31T23:33:44+0000] [3x3_2clz] still running...
INFO: [Timing 38-78] ReportTimingParams: -max_paths 10 -nworst 1 -delay_type max -sort_by group.
## route_design -directive $ROUTE_DIRECT -tns_cleanup
Command: route_design -directive Default -tns_cleanup
Post Restoration Checksum: NetGraph: 28056216 | NumContArr: 1ecbb93e | Constraints: c02fe7d2 | Timing: c2a8fa9d
Phase 2.4 Update Timing
Phase 2.4 Update Timing | Checksum: 17d7fa39d
INFO: [Route 35-416] Intermediate Timing Summary | WNS=0.711  | TNS=0.000  | WHS=-0.143 | THS=-82.316|
Phase 2.5 Update Timing for Bus Skew
Phase 2.5.1 Update Timing
Phase 2.5.1 Update Timing | Checksum: 1c3916a18
INFO: [Route 35-416] Intermediate Timing Summary | WNS=0.711  | TNS=0.000  | WHS=-0.245 | THS=-34.399|
Phase 2.5 Update Timing for Bus Skew | Checksum: 1b87c8815
[2026-03-31T23:35:44+0000] [3x3_2clz] still running...
INFO: [Timing 38-78] ReportTimingParams: -max_paths 10 -nworst 1 -delay_type max -sort_by group.
## route_design -directive $ROUTE_DIRECT -tns_cleanup
Command: route_design -directive Default -tns_cleanup
Post Restoration Checksum: NetGraph: 28056216 | NumContArr: 1ecbb93e | Constraints: c02fe7d2 | Timing: c2a8fa9d
Phase 2.4 Update Timing
Phase 2.4 Update Timing | Checksum: 17d7fa39d
INFO: [Route 35-416] Intermediate Timing Summary | WNS=0.711  | TNS=0.000  | WHS=-0.143 | THS=-82.316|
Phase 2.5 Update Timing for Bus Skew
Phase 2.5.1 Update Timing
Phase 2.5.1 Update Timing | Checksum: 1c3916a18
INFO: [Route 35-416] Intermediate Timing Summary | WNS=0.711  | TNS=0.000  | WHS=-0.245 | THS=-34.399|
Phase 2.5 Update Timing for Bus Skew | Checksum: 1b87c8815
[2026-03-31T23:37:44+0000] [3x3_2clz] still running...
INFO: [Timing 38-78] ReportTimingParams: -max_paths 10 -nworst 1 -delay_type max -sort_by group.
## route_design -directive $ROUTE_DIRECT -tns_cleanup
Command: route_design -directive Default -tns_cleanup
Post Restoration Checksum: NetGraph: 28056216 | NumContArr: 1ecbb93e | Constraints: c02fe7d2 | Timing: c2a8fa9d
Phase 2.4 Update Timing
Phase 2.4 Update Timing | Checksum: 17d7fa39d
INFO: [Route 35-416] Intermediate Timing Summary | WNS=0.711  | TNS=0.000  | WHS=-0.143 | THS=-82.316|
Phase 2.5 Update Timing for Bus Skew
Phase 2.5.1 Update Timing
Phase 2.5.1 Update Timing | Checksum: 1c3916a18
INFO: [Route 35-416] Intermediate Timing Summary | WNS=0.711  | TNS=0.000  | WHS=-0.245 | THS=-34.399|
Phase 2.5 Update Timing for Bus Skew | Checksum: 1b87c8815
[2026-03-31T23:39:44+0000] [3x3_2clz] still running...
INFO: [Timing 38-78] ReportTimingParams: -max_paths 10 -nworst 1 -delay_type max -sort_by group.
## route_design -directive $ROUTE_DIRECT -tns_cleanup
Command: route_design -directive Default -tns_cleanup
Post Restoration Checksum: NetGraph: 28056216 | NumContArr: 1ecbb93e | Constraints: c02fe7d2 | Timing: c2a8fa9d
Phase 2.4 Update Timing
Phase 2.4 Update Timing | Checksum: 17d7fa39d
INFO: [Route 35-416] Intermediate Timing Summary | WNS=0.711  | TNS=0.000  | WHS=-0.143 | THS=-82.316|
Phase 2.5 Update Timing for Bus Skew
Phase 2.5.1 Update Timing
Phase 2.5.1 Update Timing | Checksum: 1c3916a18
INFO: [Route 35-416] Intermediate Timing Summary | WNS=0.711  | TNS=0.000  | WHS=-0.245 | THS=-34.399|
Phase 2.5 Update Timing for Bus Skew | Checksum: 1b87c8815
[2026-03-31T23:41:44+0000] [3x3_2clz] still running...
INFO: [Timing 38-78] ReportTimingParams: -max_paths 10 -nworst 1 -delay_type max -sort_by group.
## route_design -directive $ROUTE_DIRECT -tns_cleanup
Command: route_design -directive Default -tns_cleanup
Post Restoration Checksum: NetGraph: 28056216 | NumContArr: 1ecbb93e | Constraints: c02fe7d2 | Timing: c2a8fa9d
Phase 2.4 Update Timing
Phase 2.4 Update Timing | Checksum: 17d7fa39d
INFO: [Route 35-416] Intermediate Timing Summary | WNS=0.711  | TNS=0.000  | WHS=-0.143 | THS=-82.316|
Phase 2.5 Update Timing for Bus Skew
Phase 2.5.1 Update Timing
Phase 2.5.1 Update Timing | Checksum: 1c3916a18
INFO: [Route 35-416] Intermediate Timing Summary | WNS=0.711  | TNS=0.000  | WHS=-0.245 | THS=-34.399|
Phase 2.5 Update Timing for Bus Skew | Checksum: 1b87c8815
[2026-03-31T23:43:44+0000] [3x3_2clz] still running...
INFO: [Timing 38-78] ReportTimingParams: -max_paths 10 -nworst 1 -delay_type max -sort_by group.
## route_design -directive $ROUTE_DIRECT -tns_cleanup
Command: route_design -directive Default -tns_cleanup
Post Restoration Checksum: NetGraph: 28056216 | NumContArr: 1ecbb93e | Constraints: c02fe7d2 | Timing: c2a8fa9d
Phase 2.4 Update Timing
Phase 2.4 Update Timing | Checksum: 17d7fa39d
INFO: [Route 35-416] Intermediate Timing Summary | WNS=0.711  | TNS=0.000  | WHS=-0.143 | THS=-82.316|
Phase 2.5 Update Timing for Bus Skew
Phase 2.5.1 Update Timing
Phase 2.5.1 Update Timing | Checksum: 1c3916a18
INFO: [Route 35-416] Intermediate Timing Summary | WNS=0.711  | TNS=0.000  | WHS=-0.245 | THS=-34.399|
Phase 2.5 Update Timing for Bus Skew | Checksum: 1b87c8815
[2026-03-31T23:45:44+0000] [3x3_2clz] still running...
INFO: [Timing 38-78] ReportTimingParams: -max_paths 10 -nworst 1 -delay_type max -sort_by group.
## route_design -directive $ROUTE_DIRECT -tns_cleanup
Command: route_design -directive Default -tns_cleanup
Post Restoration Checksum: NetGraph: 28056216 | NumContArr: 1ecbb93e | Constraints: c02fe7d2 | Timing: c2a8fa9d
Phase 2.4 Update Timing
Phase 2.4 Update Timing | Checksum: 17d7fa39d
INFO: [Route 35-416] Intermediate Timing Summary | WNS=0.711  | TNS=0.000  | WHS=-0.143 | THS=-82.316|
Phase 2.5 Update Timing for Bus Skew
Phase 2.5.1 Update Timing
Phase 2.5.1 Update Timing | Checksum: 1c3916a18
INFO: [Route 35-416] Intermediate Timing Summary | WNS=0.711  | TNS=0.000  | WHS=-0.245 | THS=-34.399|
Phase 2.5 Update Timing for Bus Skew | Checksum: 1b87c8815
[2026-03-31T23:47:44+0000] [3x3_2clz] still running...
INFO: [Timing 38-78] ReportTimingParams: -max_paths 10 -nworst 1 -delay_type max -sort_by group.
## route_design -directive $ROUTE_DIRECT -tns_cleanup
Command: route_design -directive Default -tns_cleanup
Post Restoration Checksum: NetGraph: 28056216 | NumContArr: 1ecbb93e | Constraints: c02fe7d2 | Timing: c2a8fa9d
Phase 2.4 Update Timing
Phase 2.4 Update Timing | Checksum: 17d7fa39d
INFO: [Route 35-416] Intermediate Timing Summary | WNS=0.711  | TNS=0.000  | WHS=-0.143 | THS=-82.316|
Phase 2.5 Update Timing for Bus Skew
Phase 2.5.1 Update Timing
Phase 2.5.1 Update Timing | Checksum: 1c3916a18
INFO: [Route 35-416] Intermediate Timing Summary | WNS=0.711  | TNS=0.000  | WHS=-0.245 | THS=-34.399|
Phase 2.5 Update Timing for Bus Skew | Checksum: 1b87c8815
[2026-03-31T23:49:44+0000] [3x3_2clz] still running...
## route_design -directive $ROUTE_DIRECT -tns_cleanup
Command: route_design -directive Default -tns_cleanup
Post Restoration Checksum: NetGraph: 28056216 | NumContArr: 1ecbb93e | Constraints: c02fe7d2 | Timing: c2a8fa9d
Phase 2.4 Update Timing
Phase 2.4 Update Timing | Checksum: 17d7fa39d
INFO: [Route 35-416] Intermediate Timing Summary | WNS=0.711  | TNS=0.000  | WHS=-0.143 | THS=-82.316|
Phase 2.5 Update Timing for Bus Skew
Phase 2.5.1 Update Timing
Phase 2.5.1 Update Timing | Checksum: 1c3916a18
INFO: [Route 35-416] Intermediate Timing Summary | WNS=0.711  | TNS=0.000  | WHS=-0.245 | THS=-34.399|
Phase 2.5 Update Timing for Bus Skew | Checksum: 1b87c8815
INFO: [Route 35-416] Intermediate Timing Summary | WNS=0.711  | TNS=0.000  | WHS=-0.017 | THS=-0.139 |
[2026-03-31T23:51:44+0000] [3x3_2clz] still running...
## route_design -directive $ROUTE_DIRECT -tns_cleanup
Command: route_design -directive Default -tns_cleanup
Post Restoration Checksum: NetGraph: 28056216 | NumContArr: 1ecbb93e | Constraints: c02fe7d2 | Timing: c2a8fa9d
Phase 2.4 Update Timing
Phase 2.4 Update Timing | Checksum: 17d7fa39d
INFO: [Route 35-416] Intermediate Timing Summary | WNS=0.711  | TNS=0.000  | WHS=-0.143 | THS=-82.316|
Phase 2.5 Update Timing for Bus Skew
Phase 2.5.1 Update Timing
Phase 2.5.1 Update Timing | Checksum: 1c3916a18
INFO: [Route 35-416] Intermediate Timing Summary | WNS=0.711  | TNS=0.000  | WHS=-0.245 | THS=-34.399|
Phase 2.5 Update Timing for Bus Skew | Checksum: 1b87c8815
INFO: [Route 35-416] Intermediate Timing Summary | WNS=0.711  | TNS=0.000  | WHS=-0.017 | THS=-0.139 |
[2026-03-31T23:53:44+0000] [3x3_2clz] still running...
## route_design -directive $ROUTE_DIRECT -tns_cleanup
Command: route_design -directive Default -tns_cleanup
Post Restoration Checksum: NetGraph: 28056216 | NumContArr: 1ecbb93e | Constraints: c02fe7d2 | Timing: c2a8fa9d
Phase 2.4 Update Timing
Phase 2.4 Update Timing | Checksum: 17d7fa39d
INFO: [Route 35-416] Intermediate Timing Summary | WNS=0.711  | TNS=0.000  | WHS=-0.143 | THS=-82.316|
Phase 2.5 Update Timing for Bus Skew
Phase 2.5.1 Update Timing
Phase 2.5.1 Update Timing | Checksum: 1c3916a18
INFO: [Route 35-416] Intermediate Timing Summary | WNS=0.711  | TNS=0.000  | WHS=-0.245 | THS=-34.399|
Phase 2.5 Update Timing for Bus Skew | Checksum: 1b87c8815
INFO: [Route 35-416] Intermediate Timing Summary | WNS=0.711  | TNS=0.000  | WHS=-0.017 | THS=-0.139 |
[2026-03-31T23:55:44+0000] [3x3_2clz] still running...
Command: route_design -directive Default -tns_cleanup
Post Restoration Checksum: NetGraph: 28056216 | NumContArr: 1ecbb93e | Constraints: c02fe7d2 | Timing: c2a8fa9d
Phase 2.4 Update Timing
Phase 2.4 Update Timing | Checksum: 17d7fa39d
INFO: [Route 35-416] Intermediate Timing Summary | WNS=0.711  | TNS=0.000  | WHS=-0.143 | THS=-82.316|
Phase 2.5 Update Timing for Bus Skew
Phase 2.5.1 Update Timing
Phase 2.5.1 Update Timing | Checksum: 1c3916a18
INFO: [Route 35-416] Intermediate Timing Summary | WNS=0.711  | TNS=0.000  | WHS=-0.245 | THS=-34.399|
Phase 2.5 Update Timing for Bus Skew | Checksum: 1b87c8815
INFO: [Route 35-416] Intermediate Timing Summary | WNS=0.711  | TNS=0.000  | WHS=-0.017 | THS=-0.139 |
INFO: [Route 35-416] Intermediate Timing Summary | WNS=0.711  | TNS=0.000  | WHS=N/A    | THS=N/A    |
[2026-03-31T23:57:44+0000] [3x3_2clz] still running...
Command: route_design -directive Default -tns_cleanup
Post Restoration Checksum: NetGraph: 28056216 | NumContArr: 1ecbb93e | Constraints: c02fe7d2 | Timing: c2a8fa9d
Phase 2.4 Update Timing
Phase 2.4 Update Timing | Checksum: 17d7fa39d
INFO: [Route 35-416] Intermediate Timing Summary | WNS=0.711  | TNS=0.000  | WHS=-0.143 | THS=-82.316|
Phase 2.5 Update Timing for Bus Skew
Phase 2.5.1 Update Timing
Phase 2.5.1 Update Timing | Checksum: 1c3916a18
INFO: [Route 35-416] Intermediate Timing Summary | WNS=0.711  | TNS=0.000  | WHS=-0.245 | THS=-34.399|
Phase 2.5 Update Timing for Bus Skew | Checksum: 1b87c8815
INFO: [Route 35-416] Intermediate Timing Summary | WNS=0.711  | TNS=0.000  | WHS=-0.017 | THS=-0.139 |
INFO: [Route 35-416] Intermediate Timing Summary | WNS=0.711  | TNS=0.000  | WHS=N/A    | THS=N/A    |
[2026-03-31T23:59:44+0000] [3x3_2clz] still running...
Command: route_design -directive Default -tns_cleanup
Post Restoration Checksum: NetGraph: 28056216 | NumContArr: 1ecbb93e | Constraints: c02fe7d2 | Timing: c2a8fa9d
Phase 2.4 Update Timing
Phase 2.4 Update Timing | Checksum: 17d7fa39d
INFO: [Route 35-416] Intermediate Timing Summary | WNS=0.711  | TNS=0.000  | WHS=-0.143 | THS=-82.316|
Phase 2.5 Update Timing for Bus Skew
Phase 2.5.1 Update Timing
Phase 2.5.1 Update Timing | Checksum: 1c3916a18
INFO: [Route 35-416] Intermediate Timing Summary | WNS=0.711  | TNS=0.000  | WHS=-0.245 | THS=-34.399|
Phase 2.5 Update Timing for Bus Skew | Checksum: 1b87c8815
INFO: [Route 35-416] Intermediate Timing Summary | WNS=0.711  | TNS=0.000  | WHS=-0.017 | THS=-0.139 |
INFO: [Route 35-416] Intermediate Timing Summary | WNS=0.711  | TNS=0.000  | WHS=N/A    | THS=N/A    |
[2026-04-01T00:01:44+0000] [3x3_2clz] still running...
Command: route_design -directive Default -tns_cleanup
Post Restoration Checksum: NetGraph: 28056216 | NumContArr: 1ecbb93e | Constraints: c02fe7d2 | Timing: c2a8fa9d
Phase 2.4 Update Timing
Phase 2.4 Update Timing | Checksum: 17d7fa39d
INFO: [Route 35-416] Intermediate Timing Summary | WNS=0.711  | TNS=0.000  | WHS=-0.143 | THS=-82.316|
Phase 2.5 Update Timing for Bus Skew
Phase 2.5.1 Update Timing
Phase 2.5.1 Update Timing | Checksum: 1c3916a18
INFO: [Route 35-416] Intermediate Timing Summary | WNS=0.711  | TNS=0.000  | WHS=-0.245 | THS=-34.399|
Phase 2.5 Update Timing for Bus Skew | Checksum: 1b87c8815
INFO: [Route 35-416] Intermediate Timing Summary | WNS=0.711  | TNS=0.000  | WHS=-0.017 | THS=-0.139 |
INFO: [Route 35-416] Intermediate Timing Summary | WNS=0.711  | TNS=0.000  | WHS=N/A    | THS=N/A    |
[2026-04-01T00:03:44+0000] [3x3_2clz] still running...
Command: route_design -directive Default -tns_cleanup
Post Restoration Checksum: NetGraph: 28056216 | NumContArr: 1ecbb93e | Constraints: c02fe7d2 | Timing: c2a8fa9d
Phase 2.4 Update Timing
Phase 2.4 Update Timing | Checksum: 17d7fa39d
INFO: [Route 35-416] Intermediate Timing Summary | WNS=0.711  | TNS=0.000  | WHS=-0.143 | THS=-82.316|
Phase 2.5 Update Timing for Bus Skew
Phase 2.5.1 Update Timing
Phase 2.5.1 Update Timing | Checksum: 1c3916a18
INFO: [Route 35-416] Intermediate Timing Summary | WNS=0.711  | TNS=0.000  | WHS=-0.245 | THS=-34.399|
Phase 2.5 Update Timing for Bus Skew | Checksum: 1b87c8815
INFO: [Route 35-416] Intermediate Timing Summary | WNS=0.711  | TNS=0.000  | WHS=-0.017 | THS=-0.139 |
INFO: [Route 35-416] Intermediate Timing Summary | WNS=0.711  | TNS=0.000  | WHS=N/A    | THS=N/A    |
[2026-04-01T00:05:44+0000] [3x3_2clz] still running...
Phase 2.4 Update Timing
Phase 2.4 Update Timing | Checksum: 17d7fa39d
INFO: [Route 35-416] Intermediate Timing Summary | WNS=0.711  | TNS=0.000  | WHS=-0.143 | THS=-82.316|
Phase 2.5 Update Timing for Bus Skew
Phase 2.5.1 Update Timing
Phase 2.5.1 Update Timing | Checksum: 1c3916a18
INFO: [Route 35-416] Intermediate Timing Summary | WNS=0.711  | TNS=0.000  | WHS=-0.245 | THS=-34.399|
Phase 2.5 Update Timing for Bus Skew | Checksum: 1b87c8815
INFO: [Route 35-416] Intermediate Timing Summary | WNS=0.711  | TNS=0.000  | WHS=-0.017 | THS=-0.139 |
INFO: [Route 35-416] Intermediate Timing Summary | WNS=0.711  | TNS=0.000  | WHS=N/A    | THS=N/A    |
INFO: [Route 35-416] Intermediate Timing Summary | WNS=0.711  | TNS=0.000  | WHS=0.007  | THS=0.000  |
INFO: [Route 35-416] Intermediate Timing Summary | WNS=0.711  | TNS=0.000  | WHS=0.007  | THS=0.000  |
[2026-04-01T00:07:44+0000] [3x3_2clz] still running...
Phase 2.4 Update Timing
Phase 2.4 Update Timing | Checksum: 17d7fa39d
INFO: [Route 35-416] Intermediate Timing Summary | WNS=0.711  | TNS=0.000  | WHS=-0.143 | THS=-82.316|
Phase 2.5 Update Timing for Bus Skew
Phase 2.5.1 Update Timing
Phase 2.5.1 Update Timing | Checksum: 1c3916a18
INFO: [Route 35-416] Intermediate Timing Summary | WNS=0.711  | TNS=0.000  | WHS=-0.245 | THS=-34.399|
Phase 2.5 Update Timing for Bus Skew | Checksum: 1b87c8815
INFO: [Route 35-416] Intermediate Timing Summary | WNS=0.711  | TNS=0.000  | WHS=-0.017 | THS=-0.139 |
INFO: [Route 35-416] Intermediate Timing Summary | WNS=0.711  | TNS=0.000  | WHS=N/A    | THS=N/A    |
INFO: [Route 35-416] Intermediate Timing Summary | WNS=0.711  | TNS=0.000  | WHS=0.007  | THS=0.000  |
INFO: [Route 35-416] Intermediate Timing Summary | WNS=0.711  | TNS=0.000  | WHS=0.007  | THS=0.000  |
[2026-04-01T00:09:44+0000] [3x3_2clz] still running...
Phase 2.4 Update Timing
Phase 2.4 Update Timing | Checksum: 17d7fa39d
INFO: [Route 35-416] Intermediate Timing Summary | WNS=0.711  | TNS=0.000  | WHS=-0.143 | THS=-82.316|
Phase 2.5 Update Timing for Bus Skew
Phase 2.5.1 Update Timing
Phase 2.5.1 Update Timing | Checksum: 1c3916a18
INFO: [Route 35-416] Intermediate Timing Summary | WNS=0.711  | TNS=0.000  | WHS=-0.245 | THS=-34.399|
Phase 2.5 Update Timing for Bus Skew | Checksum: 1b87c8815
INFO: [Route 35-416] Intermediate Timing Summary | WNS=0.711  | TNS=0.000  | WHS=-0.017 | THS=-0.139 |
INFO: [Route 35-416] Intermediate Timing Summary | WNS=0.711  | TNS=0.000  | WHS=N/A    | THS=N/A    |
INFO: [Route 35-416] Intermediate Timing Summary | WNS=0.711  | TNS=0.000  | WHS=0.007  | THS=0.000  |
INFO: [Route 35-416] Intermediate Timing Summary | WNS=0.711  | TNS=0.000  | WHS=0.007  | THS=0.000  |
[2026-04-01T00:11:44+0000] [3x3_2clz] still running...
Phase 2.4 Update Timing | Checksum: 17d7fa39d
INFO: [Route 35-416] Intermediate Timing Summary | WNS=0.711  | TNS=0.000  | WHS=-0.143 | THS=-82.316|
Phase 2.5 Update Timing for Bus Skew
Phase 2.5.1 Update Timing
Phase 2.5.1 Update Timing | Checksum: 1c3916a18
INFO: [Route 35-416] Intermediate Timing Summary | WNS=0.711  | TNS=0.000  | WHS=-0.245 | THS=-34.399|
Phase 2.5 Update Timing for Bus Skew | Checksum: 1b87c8815
INFO: [Route 35-416] Intermediate Timing Summary | WNS=0.711  | TNS=0.000  | WHS=-0.017 | THS=-0.139 |
INFO: [Route 35-416] Intermediate Timing Summary | WNS=0.711  | TNS=0.000  | WHS=N/A    | THS=N/A    |
INFO: [Route 35-416] Intermediate Timing Summary | WNS=0.711  | TNS=0.000  | WHS=0.007  | THS=0.000  |
INFO: [Route 35-416] Intermediate Timing Summary | WNS=0.711  | TNS=0.000  | WHS=0.007  | THS=0.000  |
INFO: [Route 35-416] Intermediate Timing Summary | WNS=0.711  | TNS=0.000  | WHS=0.007  | THS=0.000  |
[2026-04-01T00:13:44+0000] [3x3_2clz] still running...
Phase 2.4 Update Timing | Checksum: 17d7fa39d
INFO: [Route 35-416] Intermediate Timing Summary | WNS=0.711  | TNS=0.000  | WHS=-0.143 | THS=-82.316|
Phase 2.5 Update Timing for Bus Skew
Phase 2.5.1 Update Timing
Phase 2.5.1 Update Timing | Checksum: 1c3916a18
INFO: [Route 35-416] Intermediate Timing Summary | WNS=0.711  | TNS=0.000  | WHS=-0.245 | THS=-34.399|
Phase 2.5 Update Timing for Bus Skew | Checksum: 1b87c8815
INFO: [Route 35-416] Intermediate Timing Summary | WNS=0.711  | TNS=0.000  | WHS=-0.017 | THS=-0.139 |
INFO: [Route 35-416] Intermediate Timing Summary | WNS=0.711  | TNS=0.000  | WHS=N/A    | THS=N/A    |
INFO: [Route 35-416] Intermediate Timing Summary | WNS=0.711  | TNS=0.000  | WHS=0.007  | THS=0.000  |
INFO: [Route 35-416] Intermediate Timing Summary | WNS=0.711  | TNS=0.000  | WHS=0.007  | THS=0.000  |
INFO: [Route 35-416] Intermediate Timing Summary | WNS=0.711  | TNS=0.000  | WHS=0.007  | THS=0.000  |
[2026-04-01T00:15:44+0000] [3x3_2clz] still running...
Phase 2.4 Update Timing | Checksum: 17d7fa39d
INFO: [Route 35-416] Intermediate Timing Summary | WNS=0.711  | TNS=0.000  | WHS=-0.143 | THS=-82.316|
Phase 2.5 Update Timing for Bus Skew
Phase 2.5.1 Update Timing
Phase 2.5.1 Update Timing | Checksum: 1c3916a18
INFO: [Route 35-416] Intermediate Timing Summary | WNS=0.711  | TNS=0.000  | WHS=-0.245 | THS=-34.399|
Phase 2.5 Update Timing for Bus Skew | Checksum: 1b87c8815
INFO: [Route 35-416] Intermediate Timing Summary | WNS=0.711  | TNS=0.000  | WHS=-0.017 | THS=-0.139 |
INFO: [Route 35-416] Intermediate Timing Summary | WNS=0.711  | TNS=0.000  | WHS=N/A    | THS=N/A    |
INFO: [Route 35-416] Intermediate Timing Summary | WNS=0.711  | TNS=0.000  | WHS=0.007  | THS=0.000  |
INFO: [Route 35-416] Intermediate Timing Summary | WNS=0.711  | TNS=0.000  | WHS=0.007  | THS=0.000  |
INFO: [Route 35-416] Intermediate Timing Summary | WNS=0.711  | TNS=0.000  | WHS=0.007  | THS=0.000  |
[2026-04-01T00:17:44+0000] [3x3_2clz] still running...
Phase 2.4 Update Timing | Checksum: 17d7fa39d
INFO: [Route 35-416] Intermediate Timing Summary | WNS=0.711  | TNS=0.000  | WHS=-0.143 | THS=-82.316|
Phase 2.5 Update Timing for Bus Skew
Phase 2.5.1 Update Timing
Phase 2.5.1 Update Timing | Checksum: 1c3916a18
INFO: [Route 35-416] Intermediate Timing Summary | WNS=0.711  | TNS=0.000  | WHS=-0.245 | THS=-34.399|
Phase 2.5 Update Timing for Bus Skew | Checksum: 1b87c8815
INFO: [Route 35-416] Intermediate Timing Summary | WNS=0.711  | TNS=0.000  | WHS=-0.017 | THS=-0.139 |
INFO: [Route 35-416] Intermediate Timing Summary | WNS=0.711  | TNS=0.000  | WHS=N/A    | THS=N/A    |
INFO: [Route 35-416] Intermediate Timing Summary | WNS=0.711  | TNS=0.000  | WHS=0.007  | THS=0.000  |
INFO: [Route 35-416] Intermediate Timing Summary | WNS=0.711  | TNS=0.000  | WHS=0.007  | THS=0.000  |
INFO: [Route 35-416] Intermediate Timing Summary | WNS=0.711  | TNS=0.000  | WHS=0.007  | THS=0.000  |
[2026-04-01T00:19:44+0000] [3x3_2clz] still running...
Phase 2.4 Update Timing | Checksum: 17d7fa39d
INFO: [Route 35-416] Intermediate Timing Summary | WNS=0.711  | TNS=0.000  | WHS=-0.143 | THS=-82.316|
Phase 2.5 Update Timing for Bus Skew
Phase 2.5.1 Update Timing
Phase 2.5.1 Update Timing | Checksum: 1c3916a18
INFO: [Route 35-416] Intermediate Timing Summary | WNS=0.711  | TNS=0.000  | WHS=-0.245 | THS=-34.399|
Phase 2.5 Update Timing for Bus Skew | Checksum: 1b87c8815
INFO: [Route 35-416] Intermediate Timing Summary | WNS=0.711  | TNS=0.000  | WHS=-0.017 | THS=-0.139 |
INFO: [Route 35-416] Intermediate Timing Summary | WNS=0.711  | TNS=0.000  | WHS=N/A    | THS=N/A    |
INFO: [Route 35-416] Intermediate Timing Summary | WNS=0.711  | TNS=0.000  | WHS=0.007  | THS=0.000  |
INFO: [Route 35-416] Intermediate Timing Summary | WNS=0.711  | TNS=0.000  | WHS=0.007  | THS=0.000  |
INFO: [Route 35-416] Intermediate Timing Summary | WNS=0.711  | TNS=0.000  | WHS=0.007  | THS=0.000  |
[2026-04-01T00:21:44+0000] [3x3_2clz] still running...
Phase 2.4 Update Timing | Checksum: 17d7fa39d
INFO: [Route 35-416] Intermediate Timing Summary | WNS=0.711  | TNS=0.000  | WHS=-0.143 | THS=-82.316|
Phase 2.5 Update Timing for Bus Skew
Phase 2.5.1 Update Timing
Phase 2.5.1 Update Timing | Checksum: 1c3916a18
INFO: [Route 35-416] Intermediate Timing Summary | WNS=0.711  | TNS=0.000  | WHS=-0.245 | THS=-34.399|
Phase 2.5 Update Timing for Bus Skew | Checksum: 1b87c8815
INFO: [Route 35-416] Intermediate Timing Summary | WNS=0.711  | TNS=0.000  | WHS=-0.017 | THS=-0.139 |
INFO: [Route 35-416] Intermediate Timing Summary | WNS=0.711  | TNS=0.000  | WHS=N/A    | THS=N/A    |
INFO: [Route 35-416] Intermediate Timing Summary | WNS=0.711  | TNS=0.000  | WHS=0.007  | THS=0.000  |
INFO: [Route 35-416] Intermediate Timing Summary | WNS=0.711  | TNS=0.000  | WHS=0.007  | THS=0.000  |
INFO: [Route 35-416] Intermediate Timing Summary | WNS=0.711  | TNS=0.000  | WHS=0.007  | THS=0.000  |
[2026-04-01T00:23:44+0000] [3x3_2clz] still running...
INFO: [Route 35-416] Intermediate Timing Summary | WNS=0.711  | TNS=0.000  | WHS=-0.245 | THS=-34.399|
Phase 2.5 Update Timing for Bus Skew | Checksum: 1b87c8815
INFO: [Route 35-416] Intermediate Timing Summary | WNS=0.711  | TNS=0.000  | WHS=-0.017 | THS=-0.139 |
INFO: [Route 35-416] Intermediate Timing Summary | WNS=0.711  | TNS=0.000  | WHS=N/A    | THS=N/A    |
INFO: [Route 35-416] Intermediate Timing Summary | WNS=0.711  | TNS=0.000  | WHS=0.007  | THS=0.000  |
INFO: [Route 35-416] Intermediate Timing Summary | WNS=0.711  | TNS=0.000  | WHS=0.007  | THS=0.000  |
INFO: [Route 35-416] Intermediate Timing Summary | WNS=0.711  | TNS=0.000  | WHS=0.007  | THS=0.000  |
Phase 14 Post Router Timing
INFO: [Route 35-57] Estimated Timing Summary | WNS=0.711  | TNS=0.000  | WHS=0.007  | THS=0.000  |
Phase 14 Post Router Timing | Checksum: 1bb0c505b
Total Elapsed time in route_design: 11206.3 secs
INFO: [Constraints 18-12546] INFO: Running DFX DRC before completing route_design
[2026-04-01T00:25:44+0000] [3x3_2clz] still running...
INFO: [Route 35-416] Intermediate Timing Summary | WNS=0.711  | TNS=0.000  | WHS=-0.245 | THS=-34.399|
Phase 2.5 Update Timing for Bus Skew | Checksum: 1b87c8815
INFO: [Route 35-416] Intermediate Timing Summary | WNS=0.711  | TNS=0.000  | WHS=-0.017 | THS=-0.139 |
INFO: [Route 35-416] Intermediate Timing Summary | WNS=0.711  | TNS=0.000  | WHS=N/A    | THS=N/A    |
INFO: [Route 35-416] Intermediate Timing Summary | WNS=0.711  | TNS=0.000  | WHS=0.007  | THS=0.000  |
INFO: [Route 35-416] Intermediate Timing Summary | WNS=0.711  | TNS=0.000  | WHS=0.007  | THS=0.000  |
INFO: [Route 35-416] Intermediate Timing Summary | WNS=0.711  | TNS=0.000  | WHS=0.007  | THS=0.000  |
Phase 14 Post Router Timing
INFO: [Route 35-57] Estimated Timing Summary | WNS=0.711  | TNS=0.000  | WHS=0.007  | THS=0.000  |
Phase 14 Post Router Timing | Checksum: 1bb0c505b
Total Elapsed time in route_design: 11206.3 secs
INFO: [Constraints 18-12546] INFO: Running DFX DRC before completing route_design
[2026-04-01T00:27:44+0000] [3x3_2clz] still running...
INFO: [Route 35-416] Intermediate Timing Summary | WNS=0.711  | TNS=0.000  | WHS=0.007  | THS=0.000  |
INFO: [Route 35-416] Intermediate Timing Summary | WNS=0.711  | TNS=0.000  | WHS=0.007  | THS=0.000  |
INFO: [Route 35-416] Intermediate Timing Summary | WNS=0.711  | TNS=0.000  | WHS=0.007  | THS=0.000  |
Phase 14 Post Router Timing
INFO: [Route 35-57] Estimated Timing Summary | WNS=0.711  | TNS=0.000  | WHS=0.007  | THS=0.000  |
Phase 14 Post Router Timing | Checksum: 1bb0c505b
Total Elapsed time in route_design: 11206.3 secs
INFO: [Constraints 18-12546] INFO: Running DFX DRC before completing route_design
route_design completed successfully
route_design: Time (s): cpu = 03:10:54 ; elapsed = 03:10:58 . Memory (MB): peak = 22478.105 ; gain = 0.000 ; free physical = 3726 ; free virtual = 19506
## print "Writing post-route design checkpoint and report"
AWS FPGA: (00:26:52): Writing post-route design checkpoint and report
[2026-04-01T00:29:44+0000] [3x3_2clz] still running...
INFO: [Route 35-416] Intermediate Timing Summary | WNS=0.711  | TNS=0.000  | WHS=0.007  | THS=0.000  |
INFO: [Route 35-416] Intermediate Timing Summary | WNS=0.711  | TNS=0.000  | WHS=0.007  | THS=0.000  |
INFO: [Route 35-416] Intermediate Timing Summary | WNS=0.711  | TNS=0.000  | WHS=0.007  | THS=0.000  |
Phase 14 Post Router Timing
INFO: [Route 35-57] Estimated Timing Summary | WNS=0.711  | TNS=0.000  | WHS=0.007  | THS=0.000  |
Phase 14 Post Router Timing | Checksum: 1bb0c505b
Total Elapsed time in route_design: 11206.3 secs
INFO: [Constraints 18-12546] INFO: Running DFX DRC before completing route_design
route_design completed successfully
route_design: Time (s): cpu = 03:10:54 ; elapsed = 03:10:58 . Memory (MB): peak = 22478.105 ; gain = 0.000 ; free physical = 3726 ; free virtual = 19506
## print "Writing post-route design checkpoint and report"
AWS FPGA: (00:26:52): Writing post-route design checkpoint and report
[2026-04-01T00:31:44+0000] [3x3_2clz] still running...
INFO: [Route 35-416] Intermediate Timing Summary | WNS=0.711  | TNS=0.000  | WHS=0.007  | THS=0.000  |
INFO: [Route 35-416] Intermediate Timing Summary | WNS=0.711  | TNS=0.000  | WHS=0.007  | THS=0.000  |
INFO: [Route 35-416] Intermediate Timing Summary | WNS=0.711  | TNS=0.000  | WHS=0.007  | THS=0.000  |
Phase 14 Post Router Timing
INFO: [Route 35-57] Estimated Timing Summary | WNS=0.711  | TNS=0.000  | WHS=0.007  | THS=0.000  |
Phase 14 Post Router Timing | Checksum: 1bb0c505b
Total Elapsed time in route_design: 11206.3 secs
INFO: [Constraints 18-12546] INFO: Running DFX DRC before completing route_design
route_design completed successfully
route_design: Time (s): cpu = 03:10:54 ; elapsed = 03:10:58 . Memory (MB): peak = 22478.105 ; gain = 0.000 ; free physical = 3726 ; free virtual = 19506
## print "Writing post-route design checkpoint and report"
AWS FPGA: (00:26:52): Writing post-route design checkpoint and report
[2026-04-01T00:33:44+0000] [3x3_2clz] still running...
INFO: [Route 35-416] Intermediate Timing Summary | WNS=0.711  | TNS=0.000  | WHS=0.007  | THS=0.000  |
INFO: [Route 35-416] Intermediate Timing Summary | WNS=0.711  | TNS=0.000  | WHS=0.007  | THS=0.000  |
INFO: [Route 35-416] Intermediate Timing Summary | WNS=0.711  | TNS=0.000  | WHS=0.007  | THS=0.000  |
Phase 14 Post Router Timing
INFO: [Route 35-57] Estimated Timing Summary | WNS=0.711  | TNS=0.000  | WHS=0.007  | THS=0.000  |
Phase 14 Post Router Timing | Checksum: 1bb0c505b
Total Elapsed time in route_design: 11206.3 secs
INFO: [Constraints 18-12546] INFO: Running DFX DRC before completing route_design
route_design completed successfully
route_design: Time (s): cpu = 03:10:54 ; elapsed = 03:10:58 . Memory (MB): peak = 22478.105 ; gain = 0.000 ; free physical = 3726 ; free virtual = 19506
## print "Writing post-route design checkpoint and report"
AWS FPGA: (00:26:52): Writing post-route design checkpoint and report
[2026-04-01T00:35:44+0000] [3x3_2clz] still running...
INFO: [Route 35-416] Intermediate Timing Summary | WNS=0.711  | TNS=0.000  | WHS=0.007  | THS=0.000  |
INFO: [Route 35-416] Intermediate Timing Summary | WNS=0.711  | TNS=0.000  | WHS=0.007  | THS=0.000  |
INFO: [Route 35-416] Intermediate Timing Summary | WNS=0.711  | TNS=0.000  | WHS=0.007  | THS=0.000  |
Phase 14 Post Router Timing
INFO: [Route 35-57] Estimated Timing Summary | WNS=0.711  | TNS=0.000  | WHS=0.007  | THS=0.000  |
Phase 14 Post Router Timing | Checksum: 1bb0c505b
Total Elapsed time in route_design: 11206.3 secs
INFO: [Constraints 18-12546] INFO: Running DFX DRC before completing route_design
route_design completed successfully
route_design: Time (s): cpu = 03:10:54 ; elapsed = 03:10:58 . Memory (MB): peak = 22478.105 ; gain = 0.000 ; free physical = 3726 ; free virtual = 19506
## print "Writing post-route design checkpoint and report"
AWS FPGA: (00:26:52): Writing post-route design checkpoint and report
[2026-04-01T00:37:44+0000] [3x3_2clz] still running...
INFO: [Route 35-416] Intermediate Timing Summary | WNS=0.711  | TNS=0.000  | WHS=0.007  | THS=0.000  |
INFO: [Route 35-416] Intermediate Timing Summary | WNS=0.711  | TNS=0.000  | WHS=0.007  | THS=0.000  |
Phase 14 Post Router Timing
INFO: [Route 35-57] Estimated Timing Summary | WNS=0.711  | TNS=0.000  | WHS=0.007  | THS=0.000  |
Phase 14 Post Router Timing | Checksum: 1bb0c505b
Total Elapsed time in route_design: 11206.3 secs
INFO: [Constraints 18-12546] INFO: Running DFX DRC before completing route_design
route_design completed successfully
route_design: Time (s): cpu = 03:10:54 ; elapsed = 03:10:58 . Memory (MB): peak = 22478.105 ; gain = 0.000 ; free physical = 3726 ; free virtual = 19506
## print "Writing post-route design checkpoint and report"
AWS FPGA: (00:26:52): Writing post-route design checkpoint and report
WARNING: [Timing 38-164] This design has multiple clocks. Inter clock paths are considered valid unless explicitly excluded by timing constraints such as set_clock_groups or set_false_path.
[2026-04-01T00:39:44+0000] [3x3_2clz] still running...
Phase 14 Post Router Timing | Checksum: 1bb0c505b
Total Elapsed time in route_design: 11206.3 secs
INFO: [Constraints 18-12546] INFO: Running DFX DRC before completing route_design
route_design completed successfully
route_design: Time (s): cpu = 03:10:54 ; elapsed = 03:10:58 . Memory (MB): peak = 22478.105 ; gain = 0.000 ; free physical = 3726 ; free virtual = 19506
## print "Writing post-route design checkpoint and report"
AWS FPGA: (00:26:52): Writing post-route design checkpoint and report
WARNING: [Timing 38-164] This design has multiple clocks. Inter clock paths are considered valid unless explicitly excluded by timing constraints such as set_clock_groups or set_false_path.
WARNING: [Timing 38-164] This design has multiple clocks. Inter clock paths are considered valid unless explicitly excluded by timing constraints such as set_clock_groups or set_false_path.
##     write_checkpoint -force ${checkpoints_dir}/${CL}.${TAG}.post_route.VIOLATED.dcp
##     write_checkpoint -force ${checkpoints_dir}/${CL}.${TAG}.post_route.dcp
INFO: [Timing 38-480] Writing timing data to binary archive.
[2026-04-01T00:41:44+0000] [3x3_2clz] still running...
route_design completed successfully
route_design: Time (s): cpu = 03:10:54 ; elapsed = 03:10:58 . Memory (MB): peak = 22478.105 ; gain = 0.000 ; free physical = 3726 ; free virtual = 19506
## print "Writing post-route design checkpoint and report"
AWS FPGA: (00:26:52): Writing post-route design checkpoint and report
WARNING: [Timing 38-164] This design has multiple clocks. Inter clock paths are considered valid unless explicitly excluded by timing constraints such as set_clock_groups or set_false_path.
WARNING: [Timing 38-164] This design has multiple clocks. Inter clock paths are considered valid unless explicitly excluded by timing constraints such as set_clock_groups or set_false_path.
##     write_checkpoint -force ${checkpoints_dir}/${CL}.${TAG}.post_route.VIOLATED.dcp
##     write_checkpoint -force ${checkpoints_dir}/${CL}.${TAG}.post_route.dcp
INFO: [Timing 38-480] Writing timing data to binary archive.
INFO: [Common 17-1381] The checkpoint '/home/ubuntu/src/project_data/SatSwarmV2/src/aws-fpga/hdk/cl/examples/cl_satswarm/build/checkpoints/cl_satswarm.2026_03_31-175343.post_route.dcp' has been generated.
write_checkpoint: Time (s): cpu = 00:02:18 ; elapsed = 00:02:22 . Memory (MB): peak = 22478.105 ; gain = 0.000 ; free physical = 3305 ; free virtual = 19463
INFO: [Timing 38-78] ReportTimingParams: -max_paths 10 -nworst 1 -delay_type max -sort_by group.
[2026-04-01T00:43:44+0000] [3x3_2clz] still running...
WARNING: [Timing 38-164] This design has multiple clocks. Inter clock paths are considered valid unless explicitly excluded by timing constraints such as set_clock_groups or set_false_path.
WARNING: [Timing 38-164] This design has multiple clocks. Inter clock paths are considered valid unless explicitly excluded by timing constraints such as set_clock_groups or set_false_path.
##     write_checkpoint -force ${checkpoints_dir}/${CL}.${TAG}.post_route.VIOLATED.dcp
##     write_checkpoint -force ${checkpoints_dir}/${CL}.${TAG}.post_route.dcp
INFO: [Timing 38-480] Writing timing data to binary archive.
INFO: [Common 17-1381] The checkpoint '/home/ubuntu/src/project_data/SatSwarmV2/src/aws-fpga/hdk/cl/examples/cl_satswarm/build/checkpoints/cl_satswarm.2026_03_31-175343.post_route.dcp' has been generated.
write_checkpoint: Time (s): cpu = 00:02:18 ; elapsed = 00:02:22 . Memory (MB): peak = 22478.105 ; gain = 0.000 ; free physical = 3305 ; free virtual = 19463
INFO: [Timing 38-78] ReportTimingParams: -max_paths 10 -nworst 1 -delay_type max -sort_by group.
## write_debug_probes -no_partial_ltxfile -force ${checkpoints_dir}/${TAG}.debug_probes.ltx
## print "Finished building design checkpoints for customer design ${CL}"
AWS FPGA: (00:42:01): Finished building design checkpoints for customer design cl_satswarm
57be3628472455aed6aef7cdde7db2ddcfcb4ad7523994b29fbddcb2e2ce28fb  /home/ubuntu/src/project_data/SatSwarmV2/src/aws-fpga/hdk/cl/examples/cl_satswarm/build/checkpoints/cl_satswarm.2026_03_31-175343.post_route.dcp
Completed 1.0 MiB/376.4 MiB (11.0 MiB/s) with 1 file(s) remainingCompleted 2.0 MiB/376.4 MiB (18.1 MiB/s) with 1 file(s) remainingCompleted 3.0 MiB/376.4 MiB (26.3 MiB/s) with 1 file(s) remainingCompleted 4.0 MiB/376.4 MiB (34.5 MiB/s) with 1 file(s) remainingCompleted 5.0 MiB/376.4 MiB (42.7 MiB/s) with 1 file(s) remainingCompleted 6.0 MiB/376.4 MiB (50.8 MiB/s) with 1 file(s) remainingCompleted 7.0 MiB/376.4 MiB (58.3 MiB/s) with 1 file(s) remainingCompleted 8.0 MiB/376.4 MiB (64.8 MiB/s) with 1 file(s) remainingCompleted 9.0 MiB/376.4 MiB (66.2 MiB/s) with 1 file(s) remainingCompleted 10.0 MiB/376.4 MiB (72.2 MiB/s) with 1 file(s) remainingCompleted 11.0 MiB/376.4 MiB (78.6 MiB/s) with 1 file(s) remainingCompleted 12.0 MiB/376.4 MiB (84.1 MiB/s) with 1 file(s) remainingCompleted 13.0 MiB/376.4 MiB (91.1 MiB/s) with 1 file(s) remainingCompleted 14.0 MiB/376.4 MiB (96.4 MiB/s) with 1 file(s) remainingCompleted 15.0 MiB/376.4 MiB (101.7 MiB/s) with 1 file(s) remainingCompleted 16.0 MiB/376.4 MiB (106.4 MiB/s) with 1 file(s) remainingCompleted 17.0 MiB/376.4 MiB (112.1 MiB/s) with 1 file(s) remainingCompleted 18.0 MiB/376.4 MiB (99.3 MiB/s) with 1 file(s) remaining Completed 19.0 MiB/376.4 MiB (104.1 MiB/s) with 1 file(s) remainingCompleted 20.0 MiB/376.4 MiB (108.7 MiB/s) with 1 file(s) remainingCompleted 21.0 MiB/376.4 MiB (113.5 MiB/s) with 1 file(s) remainingCompleted 22.0 MiB/376.4 MiB (118.4 MiB/s) with 1 file(s) remainingCompleted 23.0 MiB/376.4 MiB (123.6 MiB/s) with 1 file(s) remainingCompleted 24.0 MiB/376.4 MiB (128.0 MiB/s) with 1 file(s) remainingCompleted 25.0 MiB/376.4 MiB (132.6 MiB/s) with 1 file(s) remainingCompleted 26.0 MiB/376.4 MiB (137.8 MiB/s) with 1 file(s) remainingCompleted 27.0 MiB/376.4 MiB (142.3 MiB/s) with 1 file(s) remainingCompleted 28.0 MiB/376.4 MiB (147.3 MiB/s) with 1 file(s) remainingCompleted 29.0 MiB/376.4 MiB (151.9 MiB/s) with 1 file(s) remainingCompleted 30.0 MiB/376.4 MiB (157.1 MiB/s) with 1 file(s) remainingCompleted 31.0 MiB/376.4 MiB (162.3 MiB/s) with 1 file(s) remainingCompleted 32.0 MiB/376.4 MiB (166.1 MiB/s) with 1 file(s) remainingCompleted 33.0 MiB/376.4 MiB (170.7 MiB/s) with 1 file(s) remainingCompleted 34.0 MiB/376.4 MiB (175.4 MiB/s) with 1 file(s) remainingCompleted 35.0 MiB/376.4 MiB (180.3 MiB/s) with 1 file(s) remainingCompleted 36.0 MiB/376.4 MiB (185.0 MiB/s) with 1 file(s) remainingCompleted 37.0 MiB/376.4 MiB (189.0 MiB/s) with 1 file(s) remainingCompleted 38.0 MiB/376.4 MiB (194.0 MiB/s) with 1 file(s) remainingCompleted 39.0 MiB/376.4 MiB (197.8 MiB/s) with 1 file(s) remainingCompleted 40.0 MiB/376.4 MiB (202.8 MiB/s) with 1 file(s) remainingCompleted 41.0 MiB/376.4 MiB (207.0 MiB/s) with 1 file(s) remainingCompleted 42.0 MiB/376.4 MiB (211.0 MiB/s) with 1 file(s) remainingCompleted 43.0 MiB/376.4 MiB (215.7 MiB/s) with 1 file(s) remainingCompleted 44.0 MiB/376.4 MiB (219.0 MiB/s) with 1 file(s) remainingCompleted 45.0 MiB/376.4 MiB (223.0 MiB/s) with 1 file(s) remainingCompleted 46.0 MiB/376.4 MiB (222.1 MiB/s) with 1 file(s) remainingCompleted 47.0 MiB/376.4 MiB (224.5 MiB/s) with 1 file(s) remainingCompleted 48.0 MiB/376.4 MiB (227.7 MiB/s) with 1 file(s) remainingCompleted 49.0 MiB/376.4 MiB (231.7 MiB/s) with 1 file(s) remainingCompleted 50.0 MiB/376.4 MiB (235.6 MiB/s) with 1 file(s) remainingCompleted 51.0 MiB/376.4 MiB (239.8 MiB/s) with 1 file(s) remainingCompleted 52.0 MiB/376.4 MiB (242.8 MiB/s) with 1 file(s) remainingCompleted 53.0 MiB/376.4 MiB (246.3 MiB/s) with 1 file(s) remainingCompleted 54.0 MiB/376.4 MiB (249.6 MiB/s) with 1 file(s) remainingCompleted 55.0 MiB/376.4 MiB (253.0 MiB/s) with 1 file(s) remainingCompleted 56.0 MiB/376.4 MiB (256.7 MiB/s) with 1 file(s) remainingCompleted 57.0 MiB/376.4 MiB (260.3 MiB/s) with 1 file(s) remainingCompleted 58.0 MiB/376.4 MiB (263.8 MiB/s) with 1 file(s) remainingCompleted 59.0 MiB/376.4 MiB (266.9 MiB/s) with 1 file(s) remainingCompleted 60.0 MiB/376.4 MiB (270.1 MiB/s) with 1 file(s) remainingCompleted 61.0 MiB/376.4 MiB (272.6 MiB/s) with 1 file(s) remainingCompleted 62.0 MiB/376.4 MiB (274.9 MiB/s) with 1 file(s) remainingCompleted 63.0 MiB/376.4 MiB (277.9 MiB/s) with 1 file(s) remainingCompleted 64.0 MiB/376.4 MiB (280.1 MiB/s) with 1 file(s) remainingCompleted 65.0 MiB/376.4 MiB (282.8 MiB/s) with 1 file(s) remainingCompleted 66.0 MiB/376.4 MiB (285.8 MiB/s) with 1 file(s) remainingCompleted 67.0 MiB/376.4 MiB (290.0 MiB/s) with 1 file(s) remainingCompleted 68.0 MiB/376.4 MiB (293.2 MiB/s) with 1 file(s) remainingCompleted 69.0 MiB/376.4 MiB (296.7 MiB/s) with 1 file(s) remainingCompleted 70.0 MiB/376.4 MiB (299.4 MiB/s) with 1 file(s) remainingCompleted 71.0 MiB/376.4 MiB (300.7 MiB/s) with 1 file(s) remainingCompleted 72.0 MiB/376.4 MiB (298.8 MiB/s) with 1 file(s) remainingCompleted 73.0 MiB/376.4 MiB (296.6 MiB/s) with 1 file(s) remainingCompleted 74.0 MiB/376.4 MiB (294.4 MiB/s) with 1 file(s) remainingCompleted 75.0 MiB/376.4 MiB (296.0 MiB/s) with 1 file(s) remainingCompleted 76.0 MiB/376.4 MiB (298.4 MiB/s) with 1 file(s) remainingCompleted 77.0 MiB/376.4 MiB (300.8 MiB/s) with 1 file(s) remainingCompleted 78.0 MiB/376.4 MiB (304.6 MiB/s) with 1 file(s) remainingCompleted 79.0 MiB/376.4 MiB (306.4 MiB/s) with 1 file(s) remainingCompleted 80.0 MiB/376.4 MiB (308.4 MiB/s) with 1 file(s) remainingCompleted 81.0 MiB/376.4 MiB (309.9 MiB/s) with 1 file(s) remainingCompleted 82.0 MiB/376.4 MiB (298.8 MiB/s) with 1 file(s) remainingCompleted 83.0 MiB/376.4 MiB (301.2 MiB/s) with 1 file(s) remainingCompleted 84.0 MiB/376.4 MiB (303.6 MiB/s) with 1 file(s) remainingCompleted 85.0 MiB/376.4 MiB (305.6 MiB/s) with 1 file(s) remainingCompleted 86.0 MiB/376.4 MiB (307.1 MiB/s) with 1 file(s) remainingCompleted 87.0 MiB/376.4 MiB (289.5 MiB/s) with 1 file(s) remainingCompleted 88.0 MiB/376.4 MiB (286.5 MiB/s) with 1 file(s) remainingCompleted 89.0 MiB/376.4 MiB (280.4 MiB/s) with 1 file(s) remainingCompleted 90.0 MiB/376.4 MiB (281.5 MiB/s) with 1 file(s) remainingCompleted 91.0 MiB/376.4 MiB (283.4 MiB/s) with 1 file(s) remainingCompleted 92.0 MiB/376.4 MiB (276.1 MiB/s) with 1 file(s) remainingCompleted 93.0 MiB/376.4 MiB (278.1 MiB/s) with 1 file(s) remainingCompleted 94.0 MiB/376.4 MiB (280.2 MiB/s) with 1 file(s) remainingCompleted 95.0 MiB/376.4 MiB (281.9 MiB/s) with 1 file(s) remainingCompleted 96.0 MiB/376.4 MiB (282.9 MiB/s) with 1 file(s) remainingCompleted 97.0 MiB/376.4 MiB (279.4 MiB/s) with 1 file(s) remainingCompleted 98.0 MiB/376.4 MiB (280.6 MiB/s) with 1 file(s) remainingCompleted 99.0 MiB/376.4 MiB (282.2 MiB/s) with 1 file(s) remainingCompleted 100.0 MiB/376.4 MiB (273.9 MiB/s) with 1 file(s) remainingCompleted 101.0 MiB/376.4 MiB (275.1 MiB/s) with 1 file(s) remainingCompleted 102.0 MiB/376.4 MiB (276.2 MiB/s) with 1 file(s) remainingCompleted 103.0 MiB/376.4 MiB (277.1 MiB/s) with 1 file(s) remainingCompleted 104.0 MiB/376.4 MiB (276.5 MiB/s) with 1 file(s) remainingCompleted 105.0 MiB/376.4 MiB (278.8 MiB/s) with 1 file(s) remainingCompleted 106.0 MiB/376.4 MiB (281.3 MiB/s) with 1 file(s) remainingCompleted 107.0 MiB/376.4 MiB (281.7 MiB/s) with 1 file(s) remainingCompleted 108.0 MiB/376.4 MiB (284.3 MiB/s) with 1 file(s) remainingCompleted 109.0 MiB/376.4 MiB (286.0 MiB/s) with 1 file(s) remainingCompleted 110.0 MiB/376.4 MiB (288.5 MiB/s) with 1 file(s) remainingCompleted 111.0 MiB/376.4 MiB (290.2 MiB/s) with 1 file(s) remainingCompleted 112.0 MiB/376.4 MiB (291.8 MiB/s) with 1 file(s) remainingCompleted 113.0 MiB/376.4 MiB (293.6 MiB/s) with 1 file(s) remainingCompleted 114.0 MiB/376.4 MiB (295.6 MiB/s) with 1 file(s) remainingCompleted 115.0 MiB/376.4 MiB (297.9 MiB/s) with 1 file(s) remainingCompleted 116.0 MiB/376.4 MiB (299.2 MiB/s) with 1 file(s) remainingCompleted 117.0 MiB/376.4 MiB (300.9 MiB/s) with 1 file(s) remainingCompleted 118.0 MiB/376.4 MiB (301.4 MiB/s) with 1 file(s) remainingCompleted 119.0 MiB/376.4 MiB (302.8 MiB/s) with 1 file(s) remainingCompleted 120.0 MiB/376.4 MiB (304.6 MiB/s) with 1 file(s) remainingCompleted 121.0 MiB/376.4 MiB (307.1 MiB/s) with 1 file(s) remainingCompleted 122.0 MiB/376.4 MiB (309.6 MiB/s) with 1 file(s) remainingCompleted 123.0 MiB/376.4 MiB (310.4 MiB/s) with 1 file(s) remainingCompleted 124.0 MiB/376.4 MiB (312.9 MiB/s) with 1 file(s) remainingCompleted 125.0 MiB/376.4 MiB (315.2 MiB/s) with 1 file(s) remainingCompleted 126.0 MiB/376.4 MiB (316.3 MiB/s) with 1 file(s) remainingCompleted 127.0 MiB/376.4 MiB (317.9 MiB/s) with 1 file(s) remainingCompleted 128.0 MiB/376.4 MiB (320.1 MiB/s) with 1 file(s) remainingCompleted 129.0 MiB/376.4 MiB (321.7 MiB/s) with 1 file(s) remainingCompleted 130.0 MiB/376.4 MiB (323.1 MiB/s) with 1 file(s) remainingCompleted 131.0 MiB/376.4 MiB (325.2 MiB/s) with 1 file(s) remainingCompleted 132.0 MiB/376.4 MiB (326.6 MiB/s) with 1 file(s) remainingCompleted 133.0 MiB/376.4 MiB (328.1 MiB/s) with 1 file(s) remainingCompleted 134.0 MiB/376.4 MiB (326.0 MiB/s) with 1 file(s) remainingCompleted 135.0 MiB/376.4 MiB (327.5 MiB/s) with 1 file(s) remainingCompleted 136.0 MiB/376.4 MiB (328.6 MiB/s) with 1 file(s) remainingCompleted 137.0 MiB/376.4 MiB (327.8 MiB/s) with 1 file(s) remainingCompleted 138.0 MiB/376.4 MiB (328.3 MiB/s) with 1 file(s) remainingCompleted 139.0 MiB/376.4 MiB (329.5 MiB/s) with 1 file(s) remainingCompleted 140.0 MiB/376.4 MiB (330.8 MiB/s) with 1 file(s) remainingCompleted 141.0 MiB/376.4 MiB (331.1 MiB/s) with 1 file(s) remainingCompleted 142.0 MiB/376.4 MiB (333.1 MiB/s) with 1 file(s) remainingCompleted 143.0 MiB/376.4 MiB (334.3 MiB/s) with 1 file(s) remainingCompleted 144.0 MiB/376.4 MiB (336.2 MiB/s) with 1 file(s) remainingCompleted 145.0 MiB/376.4 MiB (337.8 MiB/s) with 1 file(s) remainingCompleted 146.0 MiB/376.4 MiB (339.7 MiB/s) with 1 file(s) remainingCompleted 147.0 MiB/376.4 MiB (340.9 MiB/s) with 1 file(s) remainingCompleted 148.0 MiB/376.4 MiB (333.7 MiB/s) with 1 file(s) remainingCompleted 149.0 MiB/376.4 MiB (334.5 MiB/s) with 1 file(s) remainingCompleted 150.0 MiB/376.4 MiB (335.6 MiB/s) with 1 file(s) remainingCompleted 151.0 MiB/376.4 MiB (337.8 MiB/s) with 1 file(s) remainingCompleted 152.0 MiB/376.4 MiB (338.8 MiB/s) with 1 file(s) remainingCompleted 153.0 MiB/376.4 MiB (340.8 MiB/s) with 1 file(s) remainingCompleted 154.0 MiB/376.4 MiB (342.5 MiB/s) with 1 file(s) remainingCompleted 155.0 MiB/376.4 MiB (344.3 MiB/s) with 1 file(s) remainingCompleted 156.0 MiB/376.4 MiB (346.2 MiB/s) with 1 file(s) remainingCompleted 157.0 MiB/376.4 MiB (348.1 MiB/s) with 1 file(s) remainingCompleted 158.0 MiB/376.4 MiB (349.5 MiB/s) with 1 file(s) remainingCompleted 159.0 MiB/376.4 MiB (351.1 MiB/s) with 1 file(s) remainingCompleted 160.0 MiB/376.4 MiB (351.2 MiB/s) with 1 file(s) remainingCompleted 161.0 MiB/376.4 MiB (351.6 MiB/s) with 1 file(s) remainingCompleted 162.0 MiB/376.4 MiB (352.7 MiB/s) with 1 file(s) remainingCompleted 163.0 MiB/376.4 MiB (353.8 MiB/s) with 1 file(s) remainingCompleted 164.0 MiB/376.4 MiB (349.4 MiB/s) with 1 file(s) remainingCompleted 165.0 MiB/376.4 MiB (350.1 MiB/s) with 1 file(s) remainingCompleted 166.0 MiB/376.4 MiB (351.4 MiB/s) with 1 file(s) remainingCompleted 167.0 MiB/376.4 MiB (352.1 MiB/s) with 1 file(s) remainingCompleted 168.0 MiB/376.4 MiB (352.9 MiB/s) with 1 file(s) remainingCompleted 169.0 MiB/376.4 MiB (350.2 MiB/s) with 1 file(s) remainingCompleted 170.0 MiB/376.4 MiB (350.1 MiB/s) with 1 file(s) remainingCompleted 171.0 MiB/376.4 MiB (351.7 MiB/s) with 1 file(s) remainingCompleted 172.0 MiB/376.4 MiB (352.7 MiB/s) with 1 file(s) remainingCompleted 173.0 MiB/376.4 MiB (354.1 MiB/s) with 1 file(s) remainingCompleted 174.0 MiB/376.4 MiB (355.1 MiB/s) with 1 file(s) remainingCompleted 175.0 MiB/376.4 MiB (356.2 MiB/s) with 1 file(s) remainingCompleted 176.0 MiB/376.4 MiB (349.1 MiB/s) with 1 file(s) remainingCompleted 177.0 MiB/376.4 MiB (349.6 MiB/s) with 1 file(s) remainingCompleted 178.0 MiB/376.4 MiB (349.8 MiB/s) with 1 file(s) remainingCompleted 179.0 MiB/376.4 MiB (350.0 MiB/s) with 1 file(s) remainingCompleted 180.0 MiB/376.4 MiB (345.0 MiB/s) with 1 file(s) remainingCompleted 181.0 MiB/376.4 MiB (346.2 MiB/s) with 1 file(s) remainingCompleted 182.0 MiB/376.4 MiB (347.3 MiB/s) with 1 file(s) remainingCompleted 183.0 MiB/376.4 MiB (348.6 MiB/s) with 1 file(s) remainingCompleted 184.0 MiB/376.4 MiB (349.5 MiB/s) with 1 file(s) remainingCompleted 185.0 MiB/376.4 MiB (350.8 MiB/s) with 1 file(s) remainingCompleted 186.0 MiB/376.4 MiB (352.4 MiB/s) with 1 file(s) remainingCompleted 187.0 MiB/376.4 MiB (353.9 MiB/s) with 1 file(s) remainingCompleted 188.0 MiB/376.4 MiB (350.7 MiB/s) with 1 file(s) remainingCompleted 189.0 MiB/376.4 MiB (346.2 MiB/s) with 1 file(s) remainingCompleted 190.0 MiB/376.4 MiB (346.8 MiB/s) with 1 file(s) remainingCompleted 191.0 MiB/376.4 MiB (347.2 MiB/s) with 1 file(s) remainingCompleted 192.0 MiB/376.4 MiB (347.5 MiB/s) with 1 file(s) remainingCompleted 193.0 MiB/376.4 MiB (343.2 MiB/s) with 1 file(s) remainingCompleted 194.0 MiB/376.4 MiB (343.6 MiB/s) with 1 file(s) remainingCompleted 195.0 MiB/376.4 MiB (344.5 MiB/s) with 1 file(s) remainingCompleted 196.0 MiB/376.4 MiB (345.4 MiB/s) with 1 file(s) remainingCompleted 197.0 MiB/376.4 MiB (340.3 MiB/s) with 1 file(s) remainingCompleted 198.0 MiB/376.4 MiB (341.4 MiB/s) with 1 file(s) remainingCompleted 199.0 MiB/376.4 MiB (341.4 MiB/s) with 1 file(s) remainingCompleted 200.0 MiB/376.4 MiB (341.3 MiB/s) with 1 file(s) remainingCompleted 201.0 MiB/376.4 MiB (340.7 MiB/s) with 1 file(s) remainingCompleted 202.0 MiB/376.4 MiB (341.2 MiB/s) with 1 file(s) remainingCompleted 203.0 MiB/376.4 MiB (342.0 MiB/s) with 1 file(s) remainingCompleted 204.0 MiB/376.4 MiB (342.9 MiB/s) with 1 file(s) remainingCompleted 205.0 MiB/376.4 MiB (333.5 MiB/s) with 1 file(s) remainingCompleted 206.0 MiB/376.4 MiB (334.1 MiB/s) with 1 file(s) remainingCompleted 207.0 MiB/376.4 MiB (335.6 MiB/s) with 1 file(s) remainingCompleted 208.0 MiB/376.4 MiB (336.7 MiB/s) with 1 file(s) remainingCompleted 209.0 MiB/376.4 MiB (338.0 MiB/s) with 1 file(s) remainingCompleted 210.0 MiB/376.4 MiB (339.1 MiB/s) with 1 file(s) remainingCompleted 211.0 MiB/376.4 MiB (340.4 MiB/s) with 1 file(s) remainingCompleted 212.0 MiB/376.4 MiB (340.8 MiB/s) with 1 file(s) remainingCompleted 213.0 MiB/376.4 MiB (342.0 MiB/s) with 1 file(s) remainingCompleted 214.0 MiB/376.4 MiB (342.7 MiB/s) with 1 file(s) remainingCompleted 215.0 MiB/376.4 MiB (343.7 MiB/s) with 1 file(s) remainingCompleted 216.0 MiB/376.4 MiB (344.5 MiB/s) with 1 file(s) remainingCompleted 217.0 MiB/376.4 MiB (345.4 MiB/s) with 1 file(s) remainingCompleted 218.0 MiB/376.4 MiB (340.1 MiB/s) with 1 file(s) remainingCompleted 219.0 MiB/376.4 MiB (341.0 MiB/s) with 1 file(s) remainingCompleted 220.0 MiB/376.4 MiB (341.2 MiB/s) with 1 file(s) remainingCompleted 221.0 MiB/376.4 MiB (341.7 MiB/s) with 1 file(s) remainingCompleted 222.0 MiB/376.4 MiB (337.0 MiB/s) with 1 file(s) remainingCompleted 223.0 MiB/376.4 MiB (338.0 MiB/s) with 1 file(s) remainingCompleted 224.0 MiB/376.4 MiB (338.9 MiB/s) with 1 file(s) remainingCompleted 225.0 MiB/376.4 MiB (340.1 MiB/s) with 1 file(s) remainingCompleted 226.0 MiB/376.4 MiB (341.2 MiB/s) with 1 file(s) remainingCompleted 227.0 MiB/376.4 MiB (342.4 MiB/s) with 1 file(s) remainingCompleted 228.0 MiB/376.4 MiB (343.2 MiB/s) with 1 file(s) remainingCompleted 229.0 MiB/376.4 MiB (344.2 MiB/s) with 1 file(s) remainingCompleted 230.0 MiB/376.4 MiB (335.4 MiB/s) with 1 file(s) remainingCompleted 231.0 MiB/376.4 MiB (335.7 MiB/s) with 1 file(s) remainingCompleted 232.0 MiB/376.4 MiB (336.3 MiB/s) with 1 file(s) remainingCompleted 233.0 MiB/376.4 MiB (337.0 MiB/s) with 1 file(s) remainingCompleted 234.0 MiB/376.4 MiB (335.3 MiB/s) with 1 file(s) remainingCompleted 235.0 MiB/376.4 MiB (336.7 MiB/s) with 1 file(s) remainingCompleted 236.0 MiB/376.4 MiB (336.5 MiB/s) with 1 file(s) remainingCompleted 237.0 MiB/376.4 MiB (337.0 MiB/s) with 1 file(s) remainingCompleted 238.0 MiB/376.4 MiB (337.9 MiB/s) with 1 file(s) remainingCompleted 239.0 MiB/376.4 MiB (337.8 MiB/s) with 1 file(s) remainingCompleted 240.0 MiB/376.4 MiB (339.2 MiB/s) with 1 file(s) remainingCompleted 241.0 MiB/376.4 MiB (339.5 MiB/s) with 1 file(s) remainingCompleted 242.0 MiB/376.4 MiB (340.8 MiB/s) with 1 file(s) remainingCompleted 243.0 MiB/376.4 MiB (341.7 MiB/s) with 1 file(s) remainingCompleted 244.0 MiB/376.4 MiB (342.3 MiB/s) with 1 file(s) remainingCompleted 245.0 MiB/376.4 MiB (343.7 MiB/s) with 1 file(s) remainingCompleted 246.0 MiB/376.4 MiB (345.0 MiB/s) with 1 file(s) remainingCompleted 247.0 MiB/376.4 MiB (345.7 MiB/s) with 1 file(s) remainingCompleted 248.0 MiB/376.4 MiB (347.0 MiB/s) with 1 file(s) remainingCompleted 249.0 MiB/376.4 MiB (348.4 MiB/s) with 1 file(s) remainingCompleted 250.0 MiB/376.4 MiB (349.3 MiB/s) with 1 file(s) remainingCompleted 251.0 MiB/376.4 MiB (350.5 MiB/s) with 1 file(s) remainingCompleted 252.0 MiB/376.4 MiB (351.0 MiB/s) with 1 file(s) remainingCompleted 253.0 MiB/376.4 MiB (352.1 MiB/s) with 1 file(s) remainingCompleted 254.0 MiB/376.4 MiB (353.4 MiB/s) with 1 file(s) remainingCompleted 255.0 MiB/376.4 MiB (354.4 MiB/s) with 1 file(s) remainingCompleted 256.0 MiB/376.4 MiB (355.2 MiB/s) with 1 file(s) remainingCompleted 257.0 MiB/376.4 MiB (356.3 MiB/s) with 1 file(s) remainingCompleted 258.0 MiB/376.4 MiB (357.7 MiB/s) with 1 file(s) remainingCompleted 259.0 MiB/376.4 MiB (359.1 MiB/s) with 1 file(s) remainingCompleted 260.0 MiB/376.4 MiB (359.7 MiB/s) with 1 file(s) remainingCompleted 261.0 MiB/376.4 MiB (360.9 MiB/s) with 1 file(s) remainingCompleted 262.0 MiB/376.4 MiB (361.7 MiB/s) with 1 file(s) remainingCompleted 263.0 MiB/376.4 MiB (363.0 MiB/s) with 1 file(s) remainingCompleted 264.0 MiB/376.4 MiB (363.4 MiB/s) with 1 file(s) remainingCompleted 265.0 MiB/376.4 MiB (364.0 MiB/s) with 1 file(s) remainingCompleted 266.0 MiB/376.4 MiB (364.7 MiB/s) with 1 file(s) remainingCompleted 267.0 MiB/376.4 MiB (365.2 MiB/s) with 1 file(s) remainingCompleted 268.0 MiB/376.4 MiB (360.6 MiB/s) with 1 file(s) remainingCompleted 269.0 MiB/376.4 MiB (360.2 MiB/s) with 1 file(s) remainingCompleted 270.0 MiB/376.4 MiB (361.0 MiB/s) with 1 file(s) remainingCompleted 271.0 MiB/376.4 MiB (361.5 MiB/s) with 1 file(s) remainingCompleted 272.0 MiB/376.4 MiB (362.8 MiB/s) with 1 file(s) remainingCompleted 273.0 MiB/376.4 MiB (363.5 MiB/s) with 1 file(s) remainingCompleted 274.0 MiB/376.4 MiB (364.3 MiB/s) with 1 file(s) remainingCompleted 275.0 MiB/376.4 MiB (365.4 MiB/s) with 1 file(s) remainingCompleted 276.0 MiB/376.4 MiB (366.5 MiB/s) with 1 file(s) remainingCompleted 277.0 MiB/376.4 MiB (367.5 MiB/s) with 1 file(s) remainingCompleted 278.0 MiB/376.4 MiB (368.3 MiB/s) with 1 file(s) remainingCompleted 279.0 MiB/376.4 MiB (368.9 MiB/s) with 1 file(s) remainingCompleted 280.0 MiB/376.4 MiB (367.6 MiB/s) with 1 file(s) remainingCompleted 281.0 MiB/376.4 MiB (368.3 MiB/s) with 1 file(s) remainingCompleted 282.0 MiB/376.4 MiB (368.8 MiB/s) with 1 file(s) remainingCompleted 283.0 MiB/376.4 MiB (369.0 MiB/s) with 1 file(s) remainingCompleted 284.0 MiB/376.4 MiB (361.9 MiB/s) with 1 file(s) remainingCompleted 285.0 MiB/376.4 MiB (361.9 MiB/s) with 1 file(s) remainingCompleted 286.0 MiB/376.4 MiB (345.1 MiB/s) with 1 file(s) remainingCompleted 287.0 MiB/376.4 MiB (345.4 MiB/s) with 1 file(s) remainingCompleted 288.0 MiB/376.4 MiB (345.5 MiB/s) with 1 file(s) remainingCompleted 289.0 MiB/376.4 MiB (338.4 MiB/s) with 1 file(s) remainingCompleted 290.0 MiB/376.4 MiB (339.2 MiB/s) with 1 file(s) remainingCompleted 291.0 MiB/376.4 MiB (339.8 MiB/s) with 1 file(s) remainingCompleted 292.0 MiB/376.4 MiB (340.6 MiB/s) with 1 file(s) remainingCompleted 293.0 MiB/376.4 MiB (341.4 MiB/s) with 1 file(s) remainingCompleted 294.0 MiB/376.4 MiB (342.2 MiB/s) with 1 file(s) remainingCompleted 295.0 MiB/376.4 MiB (343.0 MiB/s) with 1 file(s) remainingCompleted 296.0 MiB/376.4 MiB (344.0 MiB/s) with 1 file(s) remainingCompleted 297.0 MiB/376.4 MiB (344.7 MiB/s) with 1 file(s) remainingCompleted 298.0 MiB/376.4 MiB (345.5 MiB/s) with 1 file(s) remainingCompleted 299.0 MiB/376.4 MiB (346.3 MiB/s) with 1 file(s) remainingCompleted 300.0 MiB/376.4 MiB (346.4 MiB/s) with 1 file(s) remainingCompleted 301.0 MiB/376.4 MiB (346.3 MiB/s) with 1 file(s) remainingCompleted 302.0 MiB/376.4 MiB (347.0 MiB/s) with 1 file(s) remainingCompleted 303.0 MiB/376.4 MiB (346.8 MiB/s) with 1 file(s) remainingCompleted 304.0 MiB/376.4 MiB (347.6 MiB/s) with 1 file(s) remainingCompleted 305.0 MiB/376.4 MiB (348.8 MiB/s) with 1 file(s) remainingCompleted 306.0 MiB/376.4 MiB (349.7 MiB/s) with 1 file(s) remainingCompleted 307.0 MiB/376.4 MiB (349.9 MiB/s) with 1 file(s) remainingCompleted 308.0 MiB/376.4 MiB (350.8 MiB/s) with 1 file(s) remainingCompleted 309.0 MiB/376.4 MiB (351.9 MiB/s) with 1 file(s) remainingCompleted 310.0 MiB/376.4 MiB (352.6 MiB/s) with 1 file(s) remainingCompleted 311.0 MiB/376.4 MiB (353.7 MiB/s) with 1 file(s) remainingCompleted 312.0 MiB/376.4 MiB (354.1 MiB/s) with 1 file(s) remainingCompleted 313.0 MiB/376.4 MiB (355.3 MiB/s) with 1 file(s) remainingCompleted 314.0 MiB/376.4 MiB (356.4 MiB/s) with 1 file(s) remainingCompleted 315.0 MiB/376.4 MiB (356.8 MiB/s) with 1 file(s) remainingCompleted 316.0 MiB/376.4 MiB (357.5 MiB/s) with 1 file(s) remainingCompleted 317.0 MiB/376.4 MiB (358.2 MiB/s) with 1 file(s) remainingCompleted 318.0 MiB/376.4 MiB (358.9 MiB/s) with 1 file(s) remainingCompleted 319.0 MiB/376.4 MiB (359.4 MiB/s) with 1 file(s) remainingCompleted 320.0 MiB/376.4 MiB (360.0 MiB/s) with 1 file(s) remainingCompleted 321.0 MiB/376.4 MiB (360.7 MiB/s) with 1 file(s) remainingCompleted 322.0 MiB/376.4 MiB (358.9 MiB/s) with 1 file(s) remainingCompleted 323.0 MiB/376.4 MiB (359.5 MiB/s) with 1 file(s) remainingCompleted 324.0 MiB/376.4 MiB (359.5 MiB/s) with 1 file(s) remainingCompleted 325.0 MiB/376.4 MiB (360.1 MiB/s) with 1 file(s) remainingCompleted 326.0 MiB/376.4 MiB (360.5 MiB/s) with 1 file(s) remainingCompleted 327.0 MiB/376.4 MiB (361.4 MiB/s) with 1 file(s) remainingCompleted 328.0 MiB/376.4 MiB (362.1 MiB/s) with 1 file(s) remainingCompleted 329.0 MiB/376.4 MiB (359.8 MiB/s) with 1 file(s) remainingCompleted 330.0 MiB/376.4 MiB (359.5 MiB/s) with 1 file(s) remainingCompleted 331.0 MiB/376.4 MiB (360.2 MiB/s) with 1 file(s) remainingCompleted 332.0 MiB/376.4 MiB (360.7 MiB/s) with 1 file(s) remainingCompleted 333.0 MiB/376.4 MiB (361.4 MiB/s) with 1 file(s) remainingCompleted 334.0 MiB/376.4 MiB (362.1 MiB/s) with 1 file(s) remainingCompleted 335.0 MiB/376.4 MiB (363.0 MiB/s) with 1 file(s) remainingCompleted 336.0 MiB/376.4 MiB (363.5 MiB/s) with 1 file(s) remainingCompleted 337.0 MiB/376.4 MiB (364.2 MiB/s) with 1 file(s) remainingCompleted 338.0 MiB/376.4 MiB (353.8 MiB/s) with 1 file(s) remainingCompleted 339.0 MiB/376.4 MiB (354.4 MiB/s) with 1 file(s) remainingCompleted 340.0 MiB/376.4 MiB (355.1 MiB/s) with 1 file(s) remainingCompleted 341.0 MiB/376.4 MiB (353.7 MiB/s) with 1 file(s) remainingCompleted 342.0 MiB/376.4 MiB (354.1 MiB/s) with 1 file(s) remainingCompleted 343.0 MiB/376.4 MiB (354.7 MiB/s) with 1 file(s) remainingCompleted 344.0 MiB/376.4 MiB (354.8 MiB/s) with 1 file(s) remainingCompleted 345.0 MiB/376.4 MiB (341.2 MiB/s) with 1 file(s) remainingCompleted 346.0 MiB/376.4 MiB (341.5 MiB/s) with 1 file(s) remainingCompleted 347.0 MiB/376.4 MiB (342.0 MiB/s) with 1 file(s) remainingCompleted 348.0 MiB/376.4 MiB (342.5 MiB/s) with 1 file(s) remainingCompleted 349.0 MiB/376.4 MiB (343.1 MiB/s) with 1 file(s) remainingCompleted 350.0 MiB/376.4 MiB (341.2 MiB/s) with 1 file(s) remainingCompleted 351.0 MiB/376.4 MiB (341.4 MiB/s) with 1 file(s) remainingCompleted 352.0 MiB/376.4 MiB (341.8 MiB/s) with 1 file(s) remainingCompleted 353.0 MiB/376.4 MiB (342.3 MiB/s) with 1 file(s) remainingCompleted 354.0 MiB/376.4 MiB (342.2 MiB/s) with 1 file(s) remainingCompleted 355.0 MiB/376.4 MiB (342.5 MiB/s) with 1 file(s) remainingCompleted 356.0 MiB/376.4 MiB (342.4 MiB/s) with 1 file(s) remainingCompleted 357.0 MiB/376.4 MiB (343.1 MiB/s) with 1 file(s) remainingCompleted 358.0 MiB/376.4 MiB (343.5 MiB/s) with 1 file(s) remainingCompleted 359.0 MiB/376.4 MiB (344.1 MiB/s) with 1 file(s) remainingCompleted 360.0 MiB/376.4 MiB (344.7 MiB/s) with 1 file(s) remainingCompleted 361.0 MiB/376.4 MiB (345.6 MiB/s) with 1 file(s) remainingCompleted 362.0 MiB/376.4 MiB (346.1 MiB/s) with 1 file(s) remainingCompleted 363.0 MiB/376.4 MiB (346.3 MiB/s) with 1 file(s) remainingCompleted 364.0 MiB/376.4 MiB (347.2 MiB/s) with 1 file(s) remainingCompleted 365.0 MiB/376.4 MiB (347.9 MiB/s) with 1 file(s) remainingCompleted 365.4 MiB/376.4 MiB (348.1 MiB/s) with 1 file(s) remainingCompleted 366.4 MiB/376.4 MiB (348.8 MiB/s) with 1 file(s) remainingCompleted 367.4 MiB/376.4 MiB (349.6 MiB/s) with 1 file(s) remainingCompleted 368.4 MiB/376.4 MiB (350.6 MiB/s) with 1 file(s) remainingCompleted 369.4 MiB/376.4 MiB (350.8 MiB/s) with 1 file(s) remainingCompleted 370.4 MiB/376.4 MiB (351.7 MiB/s) with 1 file(s) remainingCompleted 371.4 MiB/376.4 MiB (352.5 MiB/s) with 1 file(s) remainingCompleted 372.4 MiB/376.4 MiB (352.9 MiB/s) with 1 file(s) remainingCompleted 373.4 MiB/376.4 MiB (353.6 MiB/s) with 1 file(s) remainingCompleted 374.4 MiB/376.4 MiB (354.1 MiB/s) with 1 file(s) remainingCompleted 375.4 MiB/376.4 MiB (354.6 MiB/s) with 1 file(s) remainingCompleted 376.4 MiB/376.4 MiB (354.8 MiB/s) with 1 file(s) remainingupload: ../src/aws-fpga/hdk/cl/examples/cl_satswarm/build/checkpoints/2026_03_31-175343.Developer_CL.tar to s3://satswarm-v2-afi-624824941978/dcp/2026_03_31-175343.Developer_CL.tar
=== [3x3_2clz] ok ===
log: /home/ubuntu/src/project_data/SatSwarmV2/deploy/logs/grid_sharing_20260331_144138/build_3x3_2clz_20260331_175343.log
latest tar: /home/ubuntu/src/project_data/SatSwarmV2/src/aws-fpga/hdk/cl/examples/cl_satswarm/build/checkpoints/2026_03_31-175343.Developer_CL.tar
afi submitted: afi-0321c2767044f669e (agfi-019b6ef57d1bb5553)
afi json: /home/ubuntu/src/project_data/SatSwarmV2/deploy/logs/grid_sharing_20260331_144138/afi_create_3x3_2clz_20260331_175343.json

=== [2x2_3clz] apply params ===
--- Current parameter snapshot ---
cl_satswarm: 23:    parameter int GRID_X               = 2,
cl_satswarm: 24:    parameter int GRID_Y               = 2,
cl_satswarm: 26:    parameter int MAX_CLAUSES_PER_CORE = 2048,
cl_satswarm: 27:    parameter int MAX_LITS             = 8192
bridge: 19:    parameter int GRID_X              = 2,
bridge: 20:    parameter int GRID_Y              = 2,
bridge: 22:    parameter int MAX_CLAUSES_PER_CORE= 2048,
bridge: 23:    parameter int MAX_LITS            = 8192
satswarm_top: 3:    parameter int GRID_X = 2,
satswarm_top: 4:    parameter int GRID_Y = 2,
satswarm_top: 6:    parameter int MAX_CLAUSES_PER_CORE = 2048,
satswarm_top: 7:    parameter int MAX_LITS = 8192,
satswarm_top: 9:    parameter int CLAUSE_SHARING_MODE = 2,
satswarm_top: 10:    parameter int SHARE_MAX_LEN = 3
satswarm_top: 205:                    .CLAUSE_SHARING_MODE(CLAUSE_SHARING_MODE),
satswarm_top: 206:                    .SHARE_MAX_LEN(SHARE_MAX_LEN)
pkg: 15:  parameter int GRID_X         = 2;    // 1x1 grid
pkg: 16:  parameter int GRID_Y         = 2;
mesh: 4:    parameter int GRID_X = 2,
mesh: 5:    parameter int GRID_Y = 2
=== [2x2_3clz] launch BuildAll (speed-focused directives) ===
[2x2_3clz] pid=88707 log=/home/ubuntu/src/project_data/SatSwarmV2/deploy/logs/grid_sharing_20260331_144138/build_2x2_3clz_20260401_004349.log
[2026-04-01T00:45:49+0000] [2x2_3clz] still running...
INFO: [Timing 38-2] Deriving generated clocks
CRITICAL WARNING: [Designutils 20-1280] Could not find module 'cl_ddr4'. The XDC file /home/ubuntu/src/project_data/SatSwarmV2/src/aws-fpga/hdk/common/ip/cl_ip/cl_ip.gen/sources_1/ip/cl_ddr4/cl_ddr4_board.xdc will not be read for any cell of this module.
CRITICAL WARNING: [Designutils 20-1280] Could not find module 'clk_mmcm_a'. The XDC file /home/ubuntu/src/project_data/SatSwarmV2/src/aws-fpga/hdk/common/ip/cl_ip/cl_ip.gen/sources_1/ip/clk_mmcm_a/clk_mmcm_a_late.xdc will not be read for any cell of this module.
CRITICAL WARNING: [Designutils 20-1280] Could not find module 'clk_mmcm_b'. The XDC file /home/ubuntu/src/project_data/SatSwarmV2/src/aws-fpga/hdk/common/ip/cl_ip/cl_ip.gen/sources_1/ip/clk_mmcm_b/clk_mmcm_b_late.xdc will not be read for any cell of this module.
CRITICAL WARNING: [Designutils 20-1280] Could not find module 'clk_mmcm_c'. The XDC file /home/ubuntu/src/project_data/SatSwarmV2/src/aws-fpga/hdk/common/ip/cl_ip/cl_ip.gen/sources_1/ip/clk_mmcm_c/clk_mmcm_c_late.xdc will not be read for any cell of this module.
CRITICAL WARNING: [Designutils 20-1280] Could not find module 'clk_mmcm_hbm'. The XDC file /home/ubuntu/src/project_data/SatSwarmV2/src/aws-fpga/hdk/common/ip/cl_ip/cl_ip.gen/sources_1/ip/clk_mmcm_hbm/clk_mmcm_hbm_late.xdc will not be read for any cell of this module.
CRITICAL WARNING: [Designutils 20-1280] Could not find module 'axi_register_slice'. The XDC file /home/ubuntu/src/project_data/SatSwarmV2/src/aws-fpga/hdk/common/ip/cl_ip/cl_ip.gen/sources_1/ip/axi_register_slice/axi_register_slice_clocks.xdc will not be read for any cell of this module.
CRITICAL WARNING: [Designutils 20-1280] Could not find module 'axi_register_slice_light'. The XDC file /home/ubuntu/src/project_data/SatSwarmV2/src/aws-fpga/hdk/common/ip/cl_ip/cl_ip.gen/sources_1/ip/axi_register_slice_light/axi_register_slice_light_clocks.xdc will not be read for any cell of this module.
CRITICAL WARNING: [Designutils 20-1280] Could not find module 'cl_axi3_256b_reg_slice'. The XDC file /home/ubuntu/src/project_data/SatSwarmV2/src/aws-fpga/hdk/common/ip/cl_ip/cl_ip.gen/sources_1/ip/cl_axi3_256b_reg_slice/cl_axi3_256b_reg_slice_clocks.xdc will not be read for any cell of this module.
CRITICAL WARNING: [Designutils 20-1280] Could not find module 'cl_axi_register_slice'. The XDC file /home/ubuntu/src/project_data/SatSwarmV2/src/aws-fpga/hdk/common/ip/cl_ip/cl_ip.gen/sources_1/ip/cl_axi_register_slice/cl_axi_register_slice_clocks.xdc will not be read for any cell of this module.
Start Loading Part and Timing Information
Finished Loading Part and Timing Information : Time (s): cpu = 00:01:03 ; elapsed = 00:01:05 . Memory (MB): peak = 4570.336 ; gain = 1631.004 ; free physical = 19642 ; free virtual = 36175
[2026-04-01T00:47:49+0000] [2x2_3clz] still running...
INFO: [Timing 38-2] Deriving generated clocks
CRITICAL WARNING: [Designutils 20-1280] Could not find module 'cl_ddr4'. The XDC file /home/ubuntu/src/project_data/SatSwarmV2/src/aws-fpga/hdk/common/ip/cl_ip/cl_ip.gen/sources_1/ip/cl_ddr4/cl_ddr4_board.xdc will not be read for any cell of this module.
CRITICAL WARNING: [Designutils 20-1280] Could not find module 'clk_mmcm_a'. The XDC file /home/ubuntu/src/project_data/SatSwarmV2/src/aws-fpga/hdk/common/ip/cl_ip/cl_ip.gen/sources_1/ip/clk_mmcm_a/clk_mmcm_a_late.xdc will not be read for any cell of this module.
CRITICAL WARNING: [Designutils 20-1280] Could not find module 'clk_mmcm_b'. The XDC file /home/ubuntu/src/project_data/SatSwarmV2/src/aws-fpga/hdk/common/ip/cl_ip/cl_ip.gen/sources_1/ip/clk_mmcm_b/clk_mmcm_b_late.xdc will not be read for any cell of this module.
CRITICAL WARNING: [Designutils 20-1280] Could not find module 'clk_mmcm_c'. The XDC file /home/ubuntu/src/project_data/SatSwarmV2/src/aws-fpga/hdk/common/ip/cl_ip/cl_ip.gen/sources_1/ip/clk_mmcm_c/clk_mmcm_c_late.xdc will not be read for any cell of this module.
CRITICAL WARNING: [Designutils 20-1280] Could not find module 'clk_mmcm_hbm'. The XDC file /home/ubuntu/src/project_data/SatSwarmV2/src/aws-fpga/hdk/common/ip/cl_ip/cl_ip.gen/sources_1/ip/clk_mmcm_hbm/clk_mmcm_hbm_late.xdc will not be read for any cell of this module.
CRITICAL WARNING: [Designutils 20-1280] Could not find module 'axi_register_slice'. The XDC file /home/ubuntu/src/project_data/SatSwarmV2/src/aws-fpga/hdk/common/ip/cl_ip/cl_ip.gen/sources_1/ip/axi_register_slice/axi_register_slice_clocks.xdc will not be read for any cell of this module.
CRITICAL WARNING: [Designutils 20-1280] Could not find module 'axi_register_slice_light'. The XDC file /home/ubuntu/src/project_data/SatSwarmV2/src/aws-fpga/hdk/common/ip/cl_ip/cl_ip.gen/sources_1/ip/axi_register_slice_light/axi_register_slice_light_clocks.xdc will not be read for any cell of this module.
CRITICAL WARNING: [Designutils 20-1280] Could not find module 'cl_axi3_256b_reg_slice'. The XDC file /home/ubuntu/src/project_data/SatSwarmV2/src/aws-fpga/hdk/common/ip/cl_ip/cl_ip.gen/sources_1/ip/cl_axi3_256b_reg_slice/cl_axi3_256b_reg_slice_clocks.xdc will not be read for any cell of this module.
CRITICAL WARNING: [Designutils 20-1280] Could not find module 'cl_axi_register_slice'. The XDC file /home/ubuntu/src/project_data/SatSwarmV2/src/aws-fpga/hdk/common/ip/cl_ip/cl_ip.gen/sources_1/ip/cl_axi_register_slice/cl_axi_register_slice_clocks.xdc will not be read for any cell of this module.
Start Loading Part and Timing Information
Finished Loading Part and Timing Information : Time (s): cpu = 00:01:03 ; elapsed = 00:01:05 . Memory (MB): peak = 4570.336 ; gain = 1631.004 ; free physical = 19642 ; free virtual = 36175
[2026-04-01T00:49:49+0000] [2x2_3clz] still running...
CRITICAL WARNING: [Designutils 20-1280] Could not find module 'clk_mmcm_a'. The XDC file /home/ubuntu/src/project_data/SatSwarmV2/src/aws-fpga/hdk/common/ip/cl_ip/cl_ip.gen/sources_1/ip/clk_mmcm_a/clk_mmcm_a_late.xdc will not be read for any cell of this module.
CRITICAL WARNING: [Designutils 20-1280] Could not find module 'clk_mmcm_b'. The XDC file /home/ubuntu/src/project_data/SatSwarmV2/src/aws-fpga/hdk/common/ip/cl_ip/cl_ip.gen/sources_1/ip/clk_mmcm_b/clk_mmcm_b_late.xdc will not be read for any cell of this module.
CRITICAL WARNING: [Designutils 20-1280] Could not find module 'clk_mmcm_c'. The XDC file /home/ubuntu/src/project_data/SatSwarmV2/src/aws-fpga/hdk/common/ip/cl_ip/cl_ip.gen/sources_1/ip/clk_mmcm_c/clk_mmcm_c_late.xdc will not be read for any cell of this module.
CRITICAL WARNING: [Designutils 20-1280] Could not find module 'clk_mmcm_hbm'. The XDC file /home/ubuntu/src/project_data/SatSwarmV2/src/aws-fpga/hdk/common/ip/cl_ip/cl_ip.gen/sources_1/ip/clk_mmcm_hbm/clk_mmcm_hbm_late.xdc will not be read for any cell of this module.
CRITICAL WARNING: [Designutils 20-1280] Could not find module 'axi_register_slice'. The XDC file /home/ubuntu/src/project_data/SatSwarmV2/src/aws-fpga/hdk/common/ip/cl_ip/cl_ip.gen/sources_1/ip/axi_register_slice/axi_register_slice_clocks.xdc will not be read for any cell of this module.
CRITICAL WARNING: [Designutils 20-1280] Could not find module 'axi_register_slice_light'. The XDC file /home/ubuntu/src/project_data/SatSwarmV2/src/aws-fpga/hdk/common/ip/cl_ip/cl_ip.gen/sources_1/ip/axi_register_slice_light/axi_register_slice_light_clocks.xdc will not be read for any cell of this module.
CRITICAL WARNING: [Designutils 20-1280] Could not find module 'cl_axi3_256b_reg_slice'. The XDC file /home/ubuntu/src/project_data/SatSwarmV2/src/aws-fpga/hdk/common/ip/cl_ip/cl_ip.gen/sources_1/ip/cl_axi3_256b_reg_slice/cl_axi3_256b_reg_slice_clocks.xdc will not be read for any cell of this module.
CRITICAL WARNING: [Designutils 20-1280] Could not find module 'cl_axi_register_slice'. The XDC file /home/ubuntu/src/project_data/SatSwarmV2/src/aws-fpga/hdk/common/ip/cl_ip/cl_ip.gen/sources_1/ip/cl_axi_register_slice/cl_axi_register_slice_clocks.xdc will not be read for any cell of this module.
Start Loading Part and Timing Information
Finished Loading Part and Timing Information : Time (s): cpu = 00:01:03 ; elapsed = 00:01:05 . Memory (MB): peak = 4570.336 ; gain = 1631.004 ; free physical = 19642 ; free virtual = 36175
Start Applying XDC Timing Constraints
Finished Applying XDC Timing Constraints : Time (s): cpu = 00:03:37 ; elapsed = 00:04:11 . Memory (MB): peak = 4602.121 ; gain = 1662.789 ; free physical = 18008 ; free virtual = 34559
[2026-04-01T00:51:49+0000] [2x2_3clz] still running...
CRITICAL WARNING: [Designutils 20-1280] Could not find module 'clk_mmcm_a'. The XDC file /home/ubuntu/src/project_data/SatSwarmV2/src/aws-fpga/hdk/common/ip/cl_ip/cl_ip.gen/sources_1/ip/clk_mmcm_a/clk_mmcm_a_late.xdc will not be read for any cell of this module.
CRITICAL WARNING: [Designutils 20-1280] Could not find module 'clk_mmcm_b'. The XDC file /home/ubuntu/src/project_data/SatSwarmV2/src/aws-fpga/hdk/common/ip/cl_ip/cl_ip.gen/sources_1/ip/clk_mmcm_b/clk_mmcm_b_late.xdc will not be read for any cell of this module.
CRITICAL WARNING: [Designutils 20-1280] Could not find module 'clk_mmcm_c'. The XDC file /home/ubuntu/src/project_data/SatSwarmV2/src/aws-fpga/hdk/common/ip/cl_ip/cl_ip.gen/sources_1/ip/clk_mmcm_c/clk_mmcm_c_late.xdc will not be read for any cell of this module.
CRITICAL WARNING: [Designutils 20-1280] Could not find module 'clk_mmcm_hbm'. The XDC file /home/ubuntu/src/project_data/SatSwarmV2/src/aws-fpga/hdk/common/ip/cl_ip/cl_ip.gen/sources_1/ip/clk_mmcm_hbm/clk_mmcm_hbm_late.xdc will not be read for any cell of this module.
CRITICAL WARNING: [Designutils 20-1280] Could not find module 'axi_register_slice'. The XDC file /home/ubuntu/src/project_data/SatSwarmV2/src/aws-fpga/hdk/common/ip/cl_ip/cl_ip.gen/sources_1/ip/axi_register_slice/axi_register_slice_clocks.xdc will not be read for any cell of this module.
CRITICAL WARNING: [Designutils 20-1280] Could not find module 'axi_register_slice_light'. The XDC file /home/ubuntu/src/project_data/SatSwarmV2/src/aws-fpga/hdk/common/ip/cl_ip/cl_ip.gen/sources_1/ip/axi_register_slice_light/axi_register_slice_light_clocks.xdc will not be read for any cell of this module.
CRITICAL WARNING: [Designutils 20-1280] Could not find module 'cl_axi3_256b_reg_slice'. The XDC file /home/ubuntu/src/project_data/SatSwarmV2/src/aws-fpga/hdk/common/ip/cl_ip/cl_ip.gen/sources_1/ip/cl_axi3_256b_reg_slice/cl_axi3_256b_reg_slice_clocks.xdc will not be read for any cell of this module.
CRITICAL WARNING: [Designutils 20-1280] Could not find module 'cl_axi_register_slice'. The XDC file /home/ubuntu/src/project_data/SatSwarmV2/src/aws-fpga/hdk/common/ip/cl_ip/cl_ip.gen/sources_1/ip/cl_axi_register_slice/cl_axi_register_slice_clocks.xdc will not be read for any cell of this module.
Start Loading Part and Timing Information
Finished Loading Part and Timing Information : Time (s): cpu = 00:01:03 ; elapsed = 00:01:05 . Memory (MB): peak = 4570.336 ; gain = 1631.004 ; free physical = 19642 ; free virtual = 36175
Start Applying XDC Timing Constraints
Finished Applying XDC Timing Constraints : Time (s): cpu = 00:03:37 ; elapsed = 00:04:11 . Memory (MB): peak = 4602.121 ; gain = 1662.789 ; free physical = 18008 ; free virtual = 34559
[2026-04-01T00:53:49+0000] [2x2_3clz] still running...
CRITICAL WARNING: [Designutils 20-1280] Could not find module 'clk_mmcm_c'. The XDC file /home/ubuntu/src/project_data/SatSwarmV2/src/aws-fpga/hdk/common/ip/cl_ip/cl_ip.gen/sources_1/ip/clk_mmcm_c/clk_mmcm_c_late.xdc will not be read for any cell of this module.
CRITICAL WARNING: [Designutils 20-1280] Could not find module 'clk_mmcm_hbm'. The XDC file /home/ubuntu/src/project_data/SatSwarmV2/src/aws-fpga/hdk/common/ip/cl_ip/cl_ip.gen/sources_1/ip/clk_mmcm_hbm/clk_mmcm_hbm_late.xdc will not be read for any cell of this module.
CRITICAL WARNING: [Designutils 20-1280] Could not find module 'axi_register_slice'. The XDC file /home/ubuntu/src/project_data/SatSwarmV2/src/aws-fpga/hdk/common/ip/cl_ip/cl_ip.gen/sources_1/ip/axi_register_slice/axi_register_slice_clocks.xdc will not be read for any cell of this module.
CRITICAL WARNING: [Designutils 20-1280] Could not find module 'axi_register_slice_light'. The XDC file /home/ubuntu/src/project_data/SatSwarmV2/src/aws-fpga/hdk/common/ip/cl_ip/cl_ip.gen/sources_1/ip/axi_register_slice_light/axi_register_slice_light_clocks.xdc will not be read for any cell of this module.
CRITICAL WARNING: [Designutils 20-1280] Could not find module 'cl_axi3_256b_reg_slice'. The XDC file /home/ubuntu/src/project_data/SatSwarmV2/src/aws-fpga/hdk/common/ip/cl_ip/cl_ip.gen/sources_1/ip/cl_axi3_256b_reg_slice/cl_axi3_256b_reg_slice_clocks.xdc will not be read for any cell of this module.
CRITICAL WARNING: [Designutils 20-1280] Could not find module 'cl_axi_register_slice'. The XDC file /home/ubuntu/src/project_data/SatSwarmV2/src/aws-fpga/hdk/common/ip/cl_ip/cl_ip.gen/sources_1/ip/cl_axi_register_slice/cl_axi_register_slice_clocks.xdc will not be read for any cell of this module.
INFO: [Timing 38-35] Done setting XDC timing constraints. [/home/ubuntu/src/project_data/SatSwarmV2/src/aws-fpga/hdk/common/ip/cl_ip/cl_ip.gen/sources_1/ip/cl_axi_clock_converter/cl_axi_clock_converter_clocks.xdc:16]
INFO: [Timing 38-2] Deriving generated clocks [/home/ubuntu/src/project_data/SatSwarmV2/src/aws-fpga/hdk/common/ip/cl_ip/cl_ip.gen/sources_1/ip/cl_axi_clock_converter/cl_axi_clock_converter_clocks.xdc:16]
CRITICAL WARNING: [Vivado 12-4739] set_false_path:No valid object(s) found for '-from [get_pins -of_objects [get_cells -hierarchical -filter { NAME =~ *ram_reg*}] -filter {REF_PIN_NAME == CLK}]'. [/home/ubuntu/src/project_data/SatSwarmV2/src/aws-fpga/hdk/common/shell_stable/build/constraints/cl_ddr_timing_aws.xdc:26]
CRITICAL WARNING: [Vivado 12-4739] set_clock_groups:No valid object(s) found for '-group [get_clocks -of_objects [get_pins -hierarchical -filter NAME=~*SH_DDR/genblk1.IS_DDR_PRESENT.DDR4_0/inst/u_ddr4_infrastructure/gen_mmcme4.u_mmcme_adv_inst/CLKOUT0]]'. [/home/ubuntu/src/project_data/SatSwarmV2/src/aws-fpga/hdk/common/shell_stable/build/constraints/cl_ddr_timing_aws.xdc:30]
CRITICAL WARNING: [Vivado 12-4739] set_clock_groups:No valid object(s) found for '-group '. [/home/ubuntu/src/project_data/SatSwarmV2/src/aws-fpga/hdk/common/shell_stable/build/constraints/cl_ddr_timing_aws.xdc:30]
CRITICAL WARNING: [Vivado 12-5201] set_clock_groups: cannot set the clock group when only one non-empty group remains. [/home/ubuntu/src/project_data/SatSwarmV2/src/aws-fpga/hdk/common/shell_stable/build/constraints/cl_ddr_timing_aws.xdc:30]
[2026-04-01T00:55:49+0000] [2x2_3clz] still running...
### print "Writing post-synth design checkpoint"
AWS FPGA: (00:54:08): Writing post-synth design checkpoint
### write_checkpoint -force ${checkpoints_dir}/${CL}.${TAG}.post_synth.dcp
INFO: [Timing 38-35] Done setting XDC timing constraints.
INFO: [Timing 38-480] Writing timing data to binary archive.
INFO: [Common 17-1381] The checkpoint '/home/ubuntu/src/project_data/SatSwarmV2/src/aws-fpga/hdk/cl/examples/cl_satswarm/build/checkpoints/cl_satswarm.2026_04_01-004349.post_synth.dcp' has been generated.
write_checkpoint: Time (s): cpu = 00:01:12 ; elapsed = 00:01:14 . Memory (MB): peak = 7438.230 ; gain = 0.000 ; free physical = 17691 ; free virtual = 34322
####       print "CRITICAL WARNING: MiG BRAM is not populated with ELF file. This results in Calibration Failure!!"
## set AWS_DCP_DIR "${HDK_SHELL_DIR}/build/checkpoints/from_aws/"
## add_files ${checkpoints_dir}/${CL}.${TAG}.post_synth.dcp
##              [get_files ${checkpoints_dir}/${CL}.${TAG}.post_synth.dcp]
INFO: [Project 1-454] Reading design checkpoint '/home/ubuntu/src/project_data/SatSwarmV2/src/aws-fpga/hdk/cl/examples/cl_satswarm/build/checkpoints/cl_satswarm.2026_04_01-004349.post_synth.dcp' for cell 'WRAPPER/CL'
[2026-04-01T00:57:49+0000] [2x2_3clz] still running...
####       print "CRITICAL WARNING: MiG BRAM is not populated with ELF file. This results in Calibration Failure!!"
## set AWS_DCP_DIR "${HDK_SHELL_DIR}/build/checkpoints/from_aws/"
## add_files ${checkpoints_dir}/${CL}.${TAG}.post_synth.dcp
##              [get_files ${checkpoints_dir}/${CL}.${TAG}.post_synth.dcp]
INFO: [Project 1-454] Reading design checkpoint '/home/ubuntu/src/project_data/SatSwarmV2/src/aws-fpga/hdk/cl/examples/cl_satswarm/build/checkpoints/cl_satswarm.2026_04_01-004349.post_synth.dcp' for cell 'WRAPPER/CL'
Parsing XDC File [/home/ubuntu/src/project_data/SatSwarmV2/src/aws-fpga/hdk/common/shell_stable/build/checkpoints/from_aws/cl_bb_routed.small_shell/top_board.xdc]
Finished Parsing XDC File [/home/ubuntu/src/project_data/SatSwarmV2/src/aws-fpga/hdk/common/shell_stable/build/checkpoints/from_aws/cl_bb_routed.small_shell/top_board.xdc]
Parsing XDC File [/home/ubuntu/src/project_data/SatSwarmV2/src/aws-fpga/hdk/common/shell_stable/build/checkpoints/from_aws/cl_bb_routed.small_shell/top_early.xdc]
Finished Parsing XDC File [/home/ubuntu/src/project_data/SatSwarmV2/src/aws-fpga/hdk/common/shell_stable/build/checkpoints/from_aws/cl_bb_routed.small_shell/top_early.xdc]
Parsing XDC File [/home/ubuntu/src/project_data/SatSwarmV2/src/aws-fpga/hdk/cl/examples/cl_satswarm/build/checkpoints/cl_satswarm.2026_04_01-004349.post_synth/cl_satswarm_early.xdc] for cell 'WRAPPER/CL'
Finished Parsing XDC File [/home/ubuntu/src/project_data/SatSwarmV2/src/aws-fpga/hdk/cl/examples/cl_satswarm/build/checkpoints/cl_satswarm.2026_04_01-004349.post_synth/cl_satswarm_early.xdc] for cell 'WRAPPER/CL'
Parsing XDC File [/home/ubuntu/src/project_data/SatSwarmV2/src/aws-fpga/hdk/common/shell_stable/build/checkpoints/from_aws/cl_bb_routed.small_shell/top.xdc]
[2026-04-01T00:59:49+0000] [2x2_3clz] still running...
Parsing XDC File [/home/ubuntu/src/project_data/SatSwarmV2/src/aws-fpga/hdk/cl/examples/cl_satswarm/build/checkpoints/cl_satswarm.2026_04_01-004349.post_synth/cl_satswarm_late.xdc] for cell 'WRAPPER/CL'
Finished Parsing XDC File [/home/ubuntu/src/project_data/SatSwarmV2/src/aws-fpga/hdk/cl/examples/cl_satswarm/build/checkpoints/cl_satswarm.2026_04_01-004349.post_synth/cl_satswarm_late.xdc] for cell 'WRAPPER/CL'
CRITICAL WARNING: [Constraints 18-4866] Site IOB_X0Y207 had a top level port PCIE_RP_PERSTN on sitetype net OUTBUF_O which was overwritten!
CRITICAL WARNING: [Constraints 18-4866] Site IOB_X0Y207 had a top level port PCIE_RP_PERSTN on sitetype net PULL_PAD which was overwritten!
CRITICAL WARNING: [Constraints 18-4866] Site IOB_X0Y207 had a top level port PCIE_RP_PERSTN on sitetype net IO which was overwritten!
CRITICAL WARNING: [Constraints 18-4866] Site IOB_X0Y181 had a top level port PCIE_EP_PERSTN on sitetype net OUTBUF_O which was overwritten!
CRITICAL WARNING: [Constraints 18-4866] Site IOB_X0Y181 had a top level port PCIE_EP_PERSTN on sitetype net PULL_PAD which was overwritten!
CRITICAL WARNING: [Constraints 18-4866] Site IOB_X0Y181 had a top level port PCIE_EP_PERSTN on sitetype net IO which was overwritten!
## print "Writing post-link design checkpoint"
AWS FPGA: (00:59:29): Writing post-link design checkpoint
## write_checkpoint -force ${checkpoints_dir}/${CL}.${TAG}.post_link.dcp
INFO: [Timing 38-480] Writing timing data to binary archive.
[2026-04-01T01:01:49+0000] [2x2_3clz] still running...
## print "Writing post-link design checkpoint"
AWS FPGA: (00:59:29): Writing post-link design checkpoint
## write_checkpoint -force ${checkpoints_dir}/${CL}.${TAG}.post_link.dcp
INFO: [Timing 38-480] Writing timing data to binary archive.
INFO: [Common 17-1381] The checkpoint '/home/ubuntu/src/project_data/SatSwarmV2/src/aws-fpga/hdk/cl/examples/cl_satswarm/build/checkpoints/cl_satswarm.2026_04_01-004349.post_link.dcp' has been generated.
write_checkpoint: Time (s): cpu = 00:00:36 ; elapsed = 00:00:38 . Memory (MB): peak = 7438.230 ; gain = 0.000 ; free physical = 17569 ; free virtual = 34279
###         puts "\nCRITICAL WARNING: $mmcm_cell cell not found. Clock recipe for this MMCM not applied.\n"
CRITICAL WARNING: WRAPPER/CL/AWS_CLK_GEN/CLK_GRP_A_EN_I.CLK_MMCM_A_I/inst/CLK_CORE_DRP_I/clk_inst/mmcme4_adv_inst cell not found. Clock recipe for this MMCM not applied.
CRITICAL WARNING: WRAPPER/CL/AWS_CLK_GEN/CLK_GRP_B_EN_I.CLK_MMCM_B_I/inst/CLK_CORE_DRP_I/clk_inst/mmcme4_adv_inst cell not found. Clock recipe for this MMCM not applied.
CRITICAL WARNING: WRAPPER/CL/AWS_CLK_GEN/CLK_GRP_C_EN_I.CLK_MMCM_C_I/inst/CLK_CORE_DRP_I/clk_inst/mmcme4_adv_inst cell not found. Clock recipe for this MMCM not applied.
CRITICAL WARNING: WRAPPER/CL/AWS_CLK_GEN/CLK_HBM_EN_I.CLK_MMCM_HBM_I/inst/CLK_CORE_DRP_I/clk_inst/mmcme4_adv_inst cell not found. Clock recipe for this MMCM not applied.
CRITICAL WARNING: [Vivado 12-795] Pblock 'pblock_CL' already exists. [/home/ubuntu/src/project_data/SatSwarmV2/src/aws-fpga/hdk/common/shell_stable/build/constraints/small_shell_level_1_fp_cl.xdc:28]
[2026-04-01T01:03:49+0000] [2x2_3clz] still running...
INFO: [Timing 38-480] Writing timing data to binary archive.
INFO: [Common 17-1381] The checkpoint '/home/ubuntu/src/project_data/SatSwarmV2/src/aws-fpga/hdk/cl/examples/cl_satswarm/build/checkpoints/cl_satswarm.2026_04_01-004349.post_link.dcp' has been generated.
write_checkpoint: Time (s): cpu = 00:00:36 ; elapsed = 00:00:38 . Memory (MB): peak = 7438.230 ; gain = 0.000 ; free physical = 17569 ; free virtual = 34279
###         puts "\nCRITICAL WARNING: $mmcm_cell cell not found. Clock recipe for this MMCM not applied.\n"
CRITICAL WARNING: WRAPPER/CL/AWS_CLK_GEN/CLK_GRP_A_EN_I.CLK_MMCM_A_I/inst/CLK_CORE_DRP_I/clk_inst/mmcme4_adv_inst cell not found. Clock recipe for this MMCM not applied.
CRITICAL WARNING: WRAPPER/CL/AWS_CLK_GEN/CLK_GRP_B_EN_I.CLK_MMCM_B_I/inst/CLK_CORE_DRP_I/clk_inst/mmcme4_adv_inst cell not found. Clock recipe for this MMCM not applied.
CRITICAL WARNING: WRAPPER/CL/AWS_CLK_GEN/CLK_GRP_C_EN_I.CLK_MMCM_C_I/inst/CLK_CORE_DRP_I/clk_inst/mmcme4_adv_inst cell not found. Clock recipe for this MMCM not applied.
CRITICAL WARNING: WRAPPER/CL/AWS_CLK_GEN/CLK_HBM_EN_I.CLK_MMCM_HBM_I/inst/CLK_CORE_DRP_I/clk_inst/mmcme4_adv_inst cell not found. Clock recipe for this MMCM not applied.
CRITICAL WARNING: [Vivado 12-795] Pblock 'pblock_CL' already exists. [/home/ubuntu/src/project_data/SatSwarmV2/src/aws-fpga/hdk/common/shell_stable/build/constraints/small_shell_level_1_fp_cl.xdc:28]
Starting Cache Timing Information Task
Ending Cache Timing Information Task | Checksum: 13689e457
Phase 2 Timer Update And Timing Data Collection
[2026-04-01T01:05:49+0000] [2x2_3clz] still running...
CRITICAL WARNING: WRAPPER/CL/AWS_CLK_GEN/CLK_HBM_EN_I.CLK_MMCM_HBM_I/inst/CLK_CORE_DRP_I/clk_inst/mmcme4_adv_inst cell not found. Clock recipe for this MMCM not applied.
CRITICAL WARNING: [Vivado 12-795] Pblock 'pblock_CL' already exists. [/home/ubuntu/src/project_data/SatSwarmV2/src/aws-fpga/hdk/common/shell_stable/build/constraints/small_shell_level_1_fp_cl.xdc:28]
Starting Cache Timing Information Task
Ending Cache Timing Information Task | Checksum: 13689e457
Phase 2 Timer Update And Timing Data Collection
Phase 2.3 Timing Data Collection
Phase 2.3 Timing Data Collection | Checksum: 13689e457
Phase 2 Timer Update And Timing Data Collection | Checksum: 13689e457
## print "Writing post-opt design checkpoint and report"
AWS FPGA: (01:05:22): Writing post-opt design checkpoint and report
## write_checkpoint -force ${checkpoints_dir}/${CL}.${TAG}.post_opt.dcp
INFO: [Timing 38-480] Writing timing data to binary archive.
[2026-04-01T01:07:49+0000] [2x2_3clz] still running...
Phase 2 Timer Update And Timing Data Collection
Phase 2.3 Timing Data Collection
Phase 2.3 Timing Data Collection | Checksum: 13689e457
Phase 2 Timer Update And Timing Data Collection | Checksum: 13689e457
## print "Writing post-opt design checkpoint and report"
AWS FPGA: (01:05:22): Writing post-opt design checkpoint and report
## write_checkpoint -force ${checkpoints_dir}/${CL}.${TAG}.post_opt.dcp
INFO: [Timing 38-480] Writing timing data to binary archive.
INFO: [Common 17-1381] The checkpoint '/home/ubuntu/src/project_data/SatSwarmV2/src/aws-fpga/hdk/cl/examples/cl_satswarm/build/checkpoints/cl_satswarm.2026_04_01-004349.post_opt.dcp' has been generated.
write_checkpoint: Time (s): cpu = 00:00:32 ; elapsed = 00:00:33 . Memory (MB): peak = 7910.207 ; gain = 0.000 ; free physical = 17056 ; free virtual = 33814
INFO: [Timing 38-91] UpdateTimingParams: Speed grade: -2, Temperature grade: E, Delay Type: max.
INFO: [Timing 38-35] Done setting XDC timing constraints.
[2026-04-01T01:09:49+0000] [2x2_3clz] still running...
AWS FPGA: (01:05:22): Writing post-opt design checkpoint and report
## write_checkpoint -force ${checkpoints_dir}/${CL}.${TAG}.post_opt.dcp
INFO: [Timing 38-480] Writing timing data to binary archive.
INFO: [Common 17-1381] The checkpoint '/home/ubuntu/src/project_data/SatSwarmV2/src/aws-fpga/hdk/cl/examples/cl_satswarm/build/checkpoints/cl_satswarm.2026_04_01-004349.post_opt.dcp' has been generated.
write_checkpoint: Time (s): cpu = 00:00:32 ; elapsed = 00:00:33 . Memory (MB): peak = 7910.207 ; gain = 0.000 ; free physical = 17056 ; free virtual = 33814
INFO: [Timing 38-91] UpdateTimingParams: Speed grade: -2, Temperature grade: E, Delay Type: max.
INFO: [Timing 38-35] Done setting XDC timing constraints.
INFO: [Timing 38-78] ReportTimingParams: -max_paths 10 -nworst 1 -delay_type max -sort_by group.
CRITICAL WARNING: [Vivado 12-4430] You are lowering the severity from an ERROR. This can potentially lead to board damage or other functionality issues on hardware. If this is not desired, please run 'reset_property SEVERITY [get_drc_checks REQP-123]' to undo this change.
## place_design -directive $PLACE_DIRECT -no_bufg_opt
Command: place_design -directive Default -no_bufg_opt
Running DRC as a precondition to command place_design
[2026-04-01T01:11:49+0000] [2x2_3clz] still running...
AWS FPGA: (01:05:22): Writing post-opt design checkpoint and report
## write_checkpoint -force ${checkpoints_dir}/${CL}.${TAG}.post_opt.dcp
INFO: [Timing 38-480] Writing timing data to binary archive.
INFO: [Common 17-1381] The checkpoint '/home/ubuntu/src/project_data/SatSwarmV2/src/aws-fpga/hdk/cl/examples/cl_satswarm/build/checkpoints/cl_satswarm.2026_04_01-004349.post_opt.dcp' has been generated.
write_checkpoint: Time (s): cpu = 00:00:32 ; elapsed = 00:00:33 . Memory (MB): peak = 7910.207 ; gain = 0.000 ; free physical = 17056 ; free virtual = 33814
INFO: [Timing 38-91] UpdateTimingParams: Speed grade: -2, Temperature grade: E, Delay Type: max.
INFO: [Timing 38-35] Done setting XDC timing constraints.
INFO: [Timing 38-78] ReportTimingParams: -max_paths 10 -nworst 1 -delay_type max -sort_by group.
CRITICAL WARNING: [Vivado 12-4430] You are lowering the severity from an ERROR. This can potentially lead to board damage or other functionality issues on hardware. If this is not desired, please run 'reset_property SEVERITY [get_drc_checks REQP-123]' to undo this change.
## place_design -directive $PLACE_DIRECT -no_bufg_opt
Command: place_design -directive Default -no_bufg_opt
Running DRC as a precondition to command place_design
[2026-04-01T01:13:49+0000] [2x2_3clz] still running...
AWS FPGA: (01:05:22): Writing post-opt design checkpoint and report
## write_checkpoint -force ${checkpoints_dir}/${CL}.${TAG}.post_opt.dcp
INFO: [Timing 38-480] Writing timing data to binary archive.
INFO: [Common 17-1381] The checkpoint '/home/ubuntu/src/project_data/SatSwarmV2/src/aws-fpga/hdk/cl/examples/cl_satswarm/build/checkpoints/cl_satswarm.2026_04_01-004349.post_opt.dcp' has been generated.
write_checkpoint: Time (s): cpu = 00:00:32 ; elapsed = 00:00:33 . Memory (MB): peak = 7910.207 ; gain = 0.000 ; free physical = 17056 ; free virtual = 33814
INFO: [Timing 38-91] UpdateTimingParams: Speed grade: -2, Temperature grade: E, Delay Type: max.
INFO: [Timing 38-35] Done setting XDC timing constraints.
INFO: [Timing 38-78] ReportTimingParams: -max_paths 10 -nworst 1 -delay_type max -sort_by group.
CRITICAL WARNING: [Vivado 12-4430] You are lowering the severity from an ERROR. This can potentially lead to board damage or other functionality issues on hardware. If this is not desired, please run 'reset_property SEVERITY [get_drc_checks REQP-123]' to undo this change.
## place_design -directive $PLACE_DIRECT -no_bufg_opt
Command: place_design -directive Default -no_bufg_opt
Running DRC as a precondition to command place_design
[2026-04-01T01:15:49+0000] [2x2_3clz] still running...
AWS FPGA: (01:05:22): Writing post-opt design checkpoint and report
## write_checkpoint -force ${checkpoints_dir}/${CL}.${TAG}.post_opt.dcp
INFO: [Timing 38-480] Writing timing data to binary archive.
INFO: [Common 17-1381] The checkpoint '/home/ubuntu/src/project_data/SatSwarmV2/src/aws-fpga/hdk/cl/examples/cl_satswarm/build/checkpoints/cl_satswarm.2026_04_01-004349.post_opt.dcp' has been generated.
write_checkpoint: Time (s): cpu = 00:00:32 ; elapsed = 00:00:33 . Memory (MB): peak = 7910.207 ; gain = 0.000 ; free physical = 17056 ; free virtual = 33814
INFO: [Timing 38-91] UpdateTimingParams: Speed grade: -2, Temperature grade: E, Delay Type: max.
INFO: [Timing 38-35] Done setting XDC timing constraints.
INFO: [Timing 38-78] ReportTimingParams: -max_paths 10 -nworst 1 -delay_type max -sort_by group.
CRITICAL WARNING: [Vivado 12-4430] You are lowering the severity from an ERROR. This can potentially lead to board damage or other functionality issues on hardware. If this is not desired, please run 'reset_property SEVERITY [get_drc_checks REQP-123]' to undo this change.
## place_design -directive $PLACE_DIRECT -no_bufg_opt
Command: place_design -directive Default -no_bufg_opt
Running DRC as a precondition to command place_design
[2026-04-01T01:17:49+0000] [2x2_3clz] still running...
AWS FPGA: (01:05:22): Writing post-opt design checkpoint and report
## write_checkpoint -force ${checkpoints_dir}/${CL}.${TAG}.post_opt.dcp
INFO: [Timing 38-480] Writing timing data to binary archive.
INFO: [Common 17-1381] The checkpoint '/home/ubuntu/src/project_data/SatSwarmV2/src/aws-fpga/hdk/cl/examples/cl_satswarm/build/checkpoints/cl_satswarm.2026_04_01-004349.post_opt.dcp' has been generated.
write_checkpoint: Time (s): cpu = 00:00:32 ; elapsed = 00:00:33 . Memory (MB): peak = 7910.207 ; gain = 0.000 ; free physical = 17056 ; free virtual = 33814
INFO: [Timing 38-91] UpdateTimingParams: Speed grade: -2, Temperature grade: E, Delay Type: max.
INFO: [Timing 38-35] Done setting XDC timing constraints.
INFO: [Timing 38-78] ReportTimingParams: -max_paths 10 -nworst 1 -delay_type max -sort_by group.
CRITICAL WARNING: [Vivado 12-4430] You are lowering the severity from an ERROR. This can potentially lead to board damage or other functionality issues on hardware. If this is not desired, please run 'reset_property SEVERITY [get_drc_checks REQP-123]' to undo this change.
## place_design -directive $PLACE_DIRECT -no_bufg_opt
Command: place_design -directive Default -no_bufg_opt
Running DRC as a precondition to command place_design
[2026-04-01T01:19:49+0000] [2x2_3clz] still running...
AWS FPGA: (01:05:22): Writing post-opt design checkpoint and report
## write_checkpoint -force ${checkpoints_dir}/${CL}.${TAG}.post_opt.dcp
INFO: [Timing 38-480] Writing timing data to binary archive.
INFO: [Common 17-1381] The checkpoint '/home/ubuntu/src/project_data/SatSwarmV2/src/aws-fpga/hdk/cl/examples/cl_satswarm/build/checkpoints/cl_satswarm.2026_04_01-004349.post_opt.dcp' has been generated.
write_checkpoint: Time (s): cpu = 00:00:32 ; elapsed = 00:00:33 . Memory (MB): peak = 7910.207 ; gain = 0.000 ; free physical = 17056 ; free virtual = 33814
INFO: [Timing 38-91] UpdateTimingParams: Speed grade: -2, Temperature grade: E, Delay Type: max.
INFO: [Timing 38-35] Done setting XDC timing constraints.
INFO: [Timing 38-78] ReportTimingParams: -max_paths 10 -nworst 1 -delay_type max -sort_by group.
CRITICAL WARNING: [Vivado 12-4430] You are lowering the severity from an ERROR. This can potentially lead to board damage or other functionality issues on hardware. If this is not desired, please run 'reset_property SEVERITY [get_drc_checks REQP-123]' to undo this change.
## place_design -directive $PLACE_DIRECT -no_bufg_opt
Command: place_design -directive Default -no_bufg_opt
Running DRC as a precondition to command place_design
[2026-04-01T01:21:49+0000] [2x2_3clz] still running...
AWS FPGA: (01:05:22): Writing post-opt design checkpoint and report
## write_checkpoint -force ${checkpoints_dir}/${CL}.${TAG}.post_opt.dcp
INFO: [Timing 38-480] Writing timing data to binary archive.
INFO: [Common 17-1381] The checkpoint '/home/ubuntu/src/project_data/SatSwarmV2/src/aws-fpga/hdk/cl/examples/cl_satswarm/build/checkpoints/cl_satswarm.2026_04_01-004349.post_opt.dcp' has been generated.
write_checkpoint: Time (s): cpu = 00:00:32 ; elapsed = 00:00:33 . Memory (MB): peak = 7910.207 ; gain = 0.000 ; free physical = 17056 ; free virtual = 33814
INFO: [Timing 38-91] UpdateTimingParams: Speed grade: -2, Temperature grade: E, Delay Type: max.
INFO: [Timing 38-35] Done setting XDC timing constraints.
INFO: [Timing 38-78] ReportTimingParams: -max_paths 10 -nworst 1 -delay_type max -sort_by group.
CRITICAL WARNING: [Vivado 12-4430] You are lowering the severity from an ERROR. This can potentially lead to board damage or other functionality issues on hardware. If this is not desired, please run 'reset_property SEVERITY [get_drc_checks REQP-123]' to undo this change.
## place_design -directive $PLACE_DIRECT -no_bufg_opt
Command: place_design -directive Default -no_bufg_opt
Running DRC as a precondition to command place_design
[2026-04-01T01:23:49+0000] [2x2_3clz] still running...
AWS FPGA: (01:05:22): Writing post-opt design checkpoint and report
## write_checkpoint -force ${checkpoints_dir}/${CL}.${TAG}.post_opt.dcp
INFO: [Timing 38-480] Writing timing data to binary archive.
INFO: [Common 17-1381] The checkpoint '/home/ubuntu/src/project_data/SatSwarmV2/src/aws-fpga/hdk/cl/examples/cl_satswarm/build/checkpoints/cl_satswarm.2026_04_01-004349.post_opt.dcp' has been generated.
write_checkpoint: Time (s): cpu = 00:00:32 ; elapsed = 00:00:33 . Memory (MB): peak = 7910.207 ; gain = 0.000 ; free physical = 17056 ; free virtual = 33814
INFO: [Timing 38-91] UpdateTimingParams: Speed grade: -2, Temperature grade: E, Delay Type: max.
INFO: [Timing 38-35] Done setting XDC timing constraints.
INFO: [Timing 38-78] ReportTimingParams: -max_paths 10 -nworst 1 -delay_type max -sort_by group.
CRITICAL WARNING: [Vivado 12-4430] You are lowering the severity from an ERROR. This can potentially lead to board damage or other functionality issues on hardware. If this is not desired, please run 'reset_property SEVERITY [get_drc_checks REQP-123]' to undo this change.
## place_design -directive $PLACE_DIRECT -no_bufg_opt
Command: place_design -directive Default -no_bufg_opt
Running DRC as a precondition to command place_design
[2026-04-01T01:25:49+0000] [2x2_3clz] still running...
## write_checkpoint -force ${checkpoints_dir}/${CL}.${TAG}.post_opt.dcp
INFO: [Timing 38-480] Writing timing data to binary archive.
INFO: [Common 17-1381] The checkpoint '/home/ubuntu/src/project_data/SatSwarmV2/src/aws-fpga/hdk/cl/examples/cl_satswarm/build/checkpoints/cl_satswarm.2026_04_01-004349.post_opt.dcp' has been generated.
write_checkpoint: Time (s): cpu = 00:00:32 ; elapsed = 00:00:33 . Memory (MB): peak = 7910.207 ; gain = 0.000 ; free physical = 17056 ; free virtual = 33814
INFO: [Timing 38-91] UpdateTimingParams: Speed grade: -2, Temperature grade: E, Delay Type: max.
INFO: [Timing 38-35] Done setting XDC timing constraints.
INFO: [Timing 38-78] ReportTimingParams: -max_paths 10 -nworst 1 -delay_type max -sort_by group.
CRITICAL WARNING: [Vivado 12-4430] You are lowering the severity from an ERROR. This can potentially lead to board damage or other functionality issues on hardware. If this is not desired, please run 'reset_property SEVERITY [get_drc_checks REQP-123]' to undo this change.
## place_design -directive $PLACE_DIRECT -no_bufg_opt
Command: place_design -directive Default -no_bufg_opt
Running DRC as a precondition to command place_design
Phase 2.1.1.4 PBP: UpdateTiming
[2026-04-01T01:27:49+0000] [2x2_3clz] still running...
INFO: [Common 17-1381] The checkpoint '/home/ubuntu/src/project_data/SatSwarmV2/src/aws-fpga/hdk/cl/examples/cl_satswarm/build/checkpoints/cl_satswarm.2026_04_01-004349.post_opt.dcp' has been generated.
write_checkpoint: Time (s): cpu = 00:00:32 ; elapsed = 00:00:33 . Memory (MB): peak = 7910.207 ; gain = 0.000 ; free physical = 17056 ; free virtual = 33814
INFO: [Timing 38-91] UpdateTimingParams: Speed grade: -2, Temperature grade: E, Delay Type: max.
INFO: [Timing 38-35] Done setting XDC timing constraints.
INFO: [Timing 38-78] ReportTimingParams: -max_paths 10 -nworst 1 -delay_type max -sort_by group.
CRITICAL WARNING: [Vivado 12-4430] You are lowering the severity from an ERROR. This can potentially lead to board damage or other functionality issues on hardware. If this is not desired, please run 'reset_property SEVERITY [get_drc_checks REQP-123]' to undo this change.
## place_design -directive $PLACE_DIRECT -no_bufg_opt
Command: place_design -directive Default -no_bufg_opt
Running DRC as a precondition to command place_design
Phase 2.1.1.4 PBP: UpdateTiming
Phase 2.1.1.4 PBP: UpdateTiming | Checksum: 1af1425c5
Phase 2.3 Update Timing before SLR Path Opt
[2026-04-01T01:29:49+0000] [2x2_3clz] still running...
write_checkpoint: Time (s): cpu = 00:00:32 ; elapsed = 00:00:33 . Memory (MB): peak = 7910.207 ; gain = 0.000 ; free physical = 17056 ; free virtual = 33814
INFO: [Timing 38-91] UpdateTimingParams: Speed grade: -2, Temperature grade: E, Delay Type: max.
INFO: [Timing 38-35] Done setting XDC timing constraints.
INFO: [Timing 38-78] ReportTimingParams: -max_paths 10 -nworst 1 -delay_type max -sort_by group.
CRITICAL WARNING: [Vivado 12-4430] You are lowering the severity from an ERROR. This can potentially lead to board damage or other functionality issues on hardware. If this is not desired, please run 'reset_property SEVERITY [get_drc_checks REQP-123]' to undo this change.
## place_design -directive $PLACE_DIRECT -no_bufg_opt
Command: place_design -directive Default -no_bufg_opt
Running DRC as a precondition to command place_design
Phase 2.1.1.4 PBP: UpdateTiming
Phase 2.1.1.4 PBP: UpdateTiming | Checksum: 1af1425c5
Phase 2.3 Update Timing before SLR Path Opt
Phase 2.3 Update Timing before SLR Path Opt | Checksum: 19dba7226
[2026-04-01T01:31:49+0000] [2x2_3clz] still running...
write_checkpoint: Time (s): cpu = 00:00:32 ; elapsed = 00:00:33 . Memory (MB): peak = 7910.207 ; gain = 0.000 ; free physical = 17056 ; free virtual = 33814
INFO: [Timing 38-91] UpdateTimingParams: Speed grade: -2, Temperature grade: E, Delay Type: max.
INFO: [Timing 38-35] Done setting XDC timing constraints.
INFO: [Timing 38-78] ReportTimingParams: -max_paths 10 -nworst 1 -delay_type max -sort_by group.
CRITICAL WARNING: [Vivado 12-4430] You are lowering the severity from an ERROR. This can potentially lead to board damage or other functionality issues on hardware. If this is not desired, please run 'reset_property SEVERITY [get_drc_checks REQP-123]' to undo this change.
## place_design -directive $PLACE_DIRECT -no_bufg_opt
Command: place_design -directive Default -no_bufg_opt
Running DRC as a precondition to command place_design
Phase 2.1.1.4 PBP: UpdateTiming
Phase 2.1.1.4 PBP: UpdateTiming | Checksum: 1af1425c5
Phase 2.3 Update Timing before SLR Path Opt
Phase 2.3 Update Timing before SLR Path Opt | Checksum: 19dba7226
[2026-04-01T01:33:49+0000] [2x2_3clz] still running...
write_checkpoint: Time (s): cpu = 00:00:32 ; elapsed = 00:00:33 . Memory (MB): peak = 7910.207 ; gain = 0.000 ; free physical = 17056 ; free virtual = 33814
INFO: [Timing 38-91] UpdateTimingParams: Speed grade: -2, Temperature grade: E, Delay Type: max.
INFO: [Timing 38-35] Done setting XDC timing constraints.
INFO: [Timing 38-78] ReportTimingParams: -max_paths 10 -nworst 1 -delay_type max -sort_by group.
CRITICAL WARNING: [Vivado 12-4430] You are lowering the severity from an ERROR. This can potentially lead to board damage or other functionality issues on hardware. If this is not desired, please run 'reset_property SEVERITY [get_drc_checks REQP-123]' to undo this change.
## place_design -directive $PLACE_DIRECT -no_bufg_opt
Command: place_design -directive Default -no_bufg_opt
Running DRC as a precondition to command place_design
Phase 2.1.1.4 PBP: UpdateTiming
Phase 2.1.1.4 PBP: UpdateTiming | Checksum: 1af1425c5
Phase 2.3 Update Timing before SLR Path Opt
Phase 2.3 Update Timing before SLR Path Opt | Checksum: 19dba7226
[2026-04-01T01:35:49+0000] [2x2_3clz] still running...
write_checkpoint: Time (s): cpu = 00:00:32 ; elapsed = 00:00:33 . Memory (MB): peak = 7910.207 ; gain = 0.000 ; free physical = 17056 ; free virtual = 33814
INFO: [Timing 38-91] UpdateTimingParams: Speed grade: -2, Temperature grade: E, Delay Type: max.
INFO: [Timing 38-35] Done setting XDC timing constraints.
INFO: [Timing 38-78] ReportTimingParams: -max_paths 10 -nworst 1 -delay_type max -sort_by group.
CRITICAL WARNING: [Vivado 12-4430] You are lowering the severity from an ERROR. This can potentially lead to board damage or other functionality issues on hardware. If this is not desired, please run 'reset_property SEVERITY [get_drc_checks REQP-123]' to undo this change.
## place_design -directive $PLACE_DIRECT -no_bufg_opt
Command: place_design -directive Default -no_bufg_opt
Running DRC as a precondition to command place_design
Phase 2.1.1.4 PBP: UpdateTiming
Phase 2.1.1.4 PBP: UpdateTiming | Checksum: 1af1425c5
Phase 2.3 Update Timing before SLR Path Opt
Phase 2.3 Update Timing before SLR Path Opt | Checksum: 19dba7226
[2026-04-01T01:37:49+0000] [2x2_3clz] still running...
write_checkpoint: Time (s): cpu = 00:00:32 ; elapsed = 00:00:33 . Memory (MB): peak = 7910.207 ; gain = 0.000 ; free physical = 17056 ; free virtual = 33814
INFO: [Timing 38-91] UpdateTimingParams: Speed grade: -2, Temperature grade: E, Delay Type: max.
INFO: [Timing 38-35] Done setting XDC timing constraints.
INFO: [Timing 38-78] ReportTimingParams: -max_paths 10 -nworst 1 -delay_type max -sort_by group.
CRITICAL WARNING: [Vivado 12-4430] You are lowering the severity from an ERROR. This can potentially lead to board damage or other functionality issues on hardware. If this is not desired, please run 'reset_property SEVERITY [get_drc_checks REQP-123]' to undo this change.
## place_design -directive $PLACE_DIRECT -no_bufg_opt
Command: place_design -directive Default -no_bufg_opt
Running DRC as a precondition to command place_design
Phase 2.1.1.4 PBP: UpdateTiming
Phase 2.1.1.4 PBP: UpdateTiming | Checksum: 1af1425c5
Phase 2.3 Update Timing before SLR Path Opt
Phase 2.3 Update Timing before SLR Path Opt | Checksum: 19dba7226
[2026-04-01T01:39:49+0000] [2x2_3clz] still running...
INFO: [Timing 38-35] Done setting XDC timing constraints.
INFO: [Timing 38-78] ReportTimingParams: -max_paths 10 -nworst 1 -delay_type max -sort_by group.
CRITICAL WARNING: [Vivado 12-4430] You are lowering the severity from an ERROR. This can potentially lead to board damage or other functionality issues on hardware. If this is not desired, please run 'reset_property SEVERITY [get_drc_checks REQP-123]' to undo this change.
## place_design -directive $PLACE_DIRECT -no_bufg_opt
Command: place_design -directive Default -no_bufg_opt
Running DRC as a precondition to command place_design
Phase 2.1.1.4 PBP: UpdateTiming
Phase 2.1.1.4 PBP: UpdateTiming | Checksum: 1af1425c5
Phase 2.3 Update Timing before SLR Path Opt
Phase 2.3 Update Timing before SLR Path Opt | Checksum: 19dba7226
Phase 2.6.1 UpdateTiming Before Physical Synthesis
Phase 2.6.1 UpdateTiming Before Physical Synthesis | Checksum: 155ace880
[2026-04-01T01:41:49+0000] [2x2_3clz] still running...
INFO: [Timing 38-35] Done setting XDC timing constraints.
INFO: [Timing 38-78] ReportTimingParams: -max_paths 10 -nworst 1 -delay_type max -sort_by group.
CRITICAL WARNING: [Vivado 12-4430] You are lowering the severity from an ERROR. This can potentially lead to board damage or other functionality issues on hardware. If this is not desired, please run 'reset_property SEVERITY [get_drc_checks REQP-123]' to undo this change.
## place_design -directive $PLACE_DIRECT -no_bufg_opt
Command: place_design -directive Default -no_bufg_opt
Running DRC as a precondition to command place_design
Phase 2.1.1.4 PBP: UpdateTiming
Phase 2.1.1.4 PBP: UpdateTiming | Checksum: 1af1425c5
Phase 2.3 Update Timing before SLR Path Opt
Phase 2.3 Update Timing before SLR Path Opt | Checksum: 19dba7226
Phase 2.6.1 UpdateTiming Before Physical Synthesis
Phase 2.6.1 UpdateTiming Before Physical Synthesis | Checksum: 155ace880
[2026-04-01T01:43:49+0000] [2x2_3clz] still running...
INFO: [Timing 38-35] Done setting XDC timing constraints.
INFO: [Timing 38-78] ReportTimingParams: -max_paths 10 -nworst 1 -delay_type max -sort_by group.
CRITICAL WARNING: [Vivado 12-4430] You are lowering the severity from an ERROR. This can potentially lead to board damage or other functionality issues on hardware. If this is not desired, please run 'reset_property SEVERITY [get_drc_checks REQP-123]' to undo this change.
## place_design -directive $PLACE_DIRECT -no_bufg_opt
Command: place_design -directive Default -no_bufg_opt
Running DRC as a precondition to command place_design
Phase 2.1.1.4 PBP: UpdateTiming
Phase 2.1.1.4 PBP: UpdateTiming | Checksum: 1af1425c5
Phase 2.3 Update Timing before SLR Path Opt
Phase 2.3 Update Timing before SLR Path Opt | Checksum: 19dba7226
Phase 2.6.1 UpdateTiming Before Physical Synthesis
Phase 2.6.1 UpdateTiming Before Physical Synthesis | Checksum: 155ace880
[2026-04-01T01:45:49+0000] [2x2_3clz] still running...
INFO: [Timing 38-35] Done setting XDC timing constraints.
INFO: [Timing 38-78] ReportTimingParams: -max_paths 10 -nworst 1 -delay_type max -sort_by group.
CRITICAL WARNING: [Vivado 12-4430] You are lowering the severity from an ERROR. This can potentially lead to board damage or other functionality issues on hardware. If this is not desired, please run 'reset_property SEVERITY [get_drc_checks REQP-123]' to undo this change.
## place_design -directive $PLACE_DIRECT -no_bufg_opt
Command: place_design -directive Default -no_bufg_opt
Running DRC as a precondition to command place_design
Phase 2.1.1.4 PBP: UpdateTiming
Phase 2.1.1.4 PBP: UpdateTiming | Checksum: 1af1425c5
Phase 2.3 Update Timing before SLR Path Opt
Phase 2.3 Update Timing before SLR Path Opt | Checksum: 19dba7226
Phase 2.6.1 UpdateTiming Before Physical Synthesis
Phase 2.6.1 UpdateTiming Before Physical Synthesis | Checksum: 155ace880
[2026-04-01T01:47:49+0000] [2x2_3clz] still running...
INFO: [Timing 38-35] Done setting XDC timing constraints.
INFO: [Timing 38-78] ReportTimingParams: -max_paths 10 -nworst 1 -delay_type max -sort_by group.
CRITICAL WARNING: [Vivado 12-4430] You are lowering the severity from an ERROR. This can potentially lead to board damage or other functionality issues on hardware. If this is not desired, please run 'reset_property SEVERITY [get_drc_checks REQP-123]' to undo this change.
## place_design -directive $PLACE_DIRECT -no_bufg_opt
Command: place_design -directive Default -no_bufg_opt
Running DRC as a precondition to command place_design
Phase 2.1.1.4 PBP: UpdateTiming
Phase 2.1.1.4 PBP: UpdateTiming | Checksum: 1af1425c5
Phase 2.3 Update Timing before SLR Path Opt
Phase 2.3 Update Timing before SLR Path Opt | Checksum: 19dba7226
Phase 2.6.1 UpdateTiming Before Physical Synthesis
Phase 2.6.1 UpdateTiming Before Physical Synthesis | Checksum: 155ace880
[2026-04-01T01:49:49+0000] [2x2_3clz] still running...
INFO: [Timing 38-35] Done setting XDC timing constraints.
INFO: [Timing 38-78] ReportTimingParams: -max_paths 10 -nworst 1 -delay_type max -sort_by group.
CRITICAL WARNING: [Vivado 12-4430] You are lowering the severity from an ERROR. This can potentially lead to board damage or other functionality issues on hardware. If this is not desired, please run 'reset_property SEVERITY [get_drc_checks REQP-123]' to undo this change.
## place_design -directive $PLACE_DIRECT -no_bufg_opt
Command: place_design -directive Default -no_bufg_opt
Running DRC as a precondition to command place_design
Phase 2.1.1.4 PBP: UpdateTiming
Phase 2.1.1.4 PBP: UpdateTiming | Checksum: 1af1425c5
Phase 2.3 Update Timing before SLR Path Opt
Phase 2.3 Update Timing before SLR Path Opt | Checksum: 19dba7226
Phase 2.6.1 UpdateTiming Before Physical Synthesis
Phase 2.6.1 UpdateTiming Before Physical Synthesis | Checksum: 155ace880
[2026-04-01T01:51:49+0000] [2x2_3clz] still running...
INFO: [Timing 38-35] Done setting XDC timing constraints.
INFO: [Timing 38-78] ReportTimingParams: -max_paths 10 -nworst 1 -delay_type max -sort_by group.
CRITICAL WARNING: [Vivado 12-4430] You are lowering the severity from an ERROR. This can potentially lead to board damage or other functionality issues on hardware. If this is not desired, please run 'reset_property SEVERITY [get_drc_checks REQP-123]' to undo this change.
## place_design -directive $PLACE_DIRECT -no_bufg_opt
Command: place_design -directive Default -no_bufg_opt
Running DRC as a precondition to command place_design
Phase 2.1.1.4 PBP: UpdateTiming
Phase 2.1.1.4 PBP: UpdateTiming | Checksum: 1af1425c5
Phase 2.3 Update Timing before SLR Path Opt
Phase 2.3 Update Timing before SLR Path Opt | Checksum: 19dba7226
Phase 2.6.1 UpdateTiming Before Physical Synthesis
Phase 2.6.1 UpdateTiming Before Physical Synthesis | Checksum: 155ace880
[2026-04-01T01:53:49+0000] [2x2_3clz] still running...
INFO: [Timing 38-35] Done setting XDC timing constraints.
INFO: [Timing 38-78] ReportTimingParams: -max_paths 10 -nworst 1 -delay_type max -sort_by group.
CRITICAL WARNING: [Vivado 12-4430] You are lowering the severity from an ERROR. This can potentially lead to board damage or other functionality issues on hardware. If this is not desired, please run 'reset_property SEVERITY [get_drc_checks REQP-123]' to undo this change.
## place_design -directive $PLACE_DIRECT -no_bufg_opt
Command: place_design -directive Default -no_bufg_opt
Running DRC as a precondition to command place_design
Phase 2.1.1.4 PBP: UpdateTiming
Phase 2.1.1.4 PBP: UpdateTiming | Checksum: 1af1425c5
Phase 2.3 Update Timing before SLR Path Opt
Phase 2.3 Update Timing before SLR Path Opt | Checksum: 19dba7226
Phase 2.6.1 UpdateTiming Before Physical Synthesis
Phase 2.6.1 UpdateTiming Before Physical Synthesis | Checksum: 155ace880
[2026-04-01T01:55:49+0000] [2x2_3clz] still running...
INFO: [Timing 38-35] Done setting XDC timing constraints.
INFO: [Timing 38-78] ReportTimingParams: -max_paths 10 -nworst 1 -delay_type max -sort_by group.
CRITICAL WARNING: [Vivado 12-4430] You are lowering the severity from an ERROR. This can potentially lead to board damage or other functionality issues on hardware. If this is not desired, please run 'reset_property SEVERITY [get_drc_checks REQP-123]' to undo this change.
## place_design -directive $PLACE_DIRECT -no_bufg_opt
Command: place_design -directive Default -no_bufg_opt
Running DRC as a precondition to command place_design
Phase 2.1.1.4 PBP: UpdateTiming
Phase 2.1.1.4 PBP: UpdateTiming | Checksum: 1af1425c5
Phase 2.3 Update Timing before SLR Path Opt
Phase 2.3 Update Timing before SLR Path Opt | Checksum: 19dba7226
Phase 2.6.1 UpdateTiming Before Physical Synthesis
Phase 2.6.1 UpdateTiming Before Physical Synthesis | Checksum: 155ace880
[2026-04-01T01:57:49+0000] [2x2_3clz] still running...
INFO: [Timing 38-35] Done setting XDC timing constraints.
INFO: [Timing 38-78] ReportTimingParams: -max_paths 10 -nworst 1 -delay_type max -sort_by group.
CRITICAL WARNING: [Vivado 12-4430] You are lowering the severity from an ERROR. This can potentially lead to board damage or other functionality issues on hardware. If this is not desired, please run 'reset_property SEVERITY [get_drc_checks REQP-123]' to undo this change.
## place_design -directive $PLACE_DIRECT -no_bufg_opt
Command: place_design -directive Default -no_bufg_opt
Running DRC as a precondition to command place_design
Phase 2.1.1.4 PBP: UpdateTiming
Phase 2.1.1.4 PBP: UpdateTiming | Checksum: 1af1425c5
Phase 2.3 Update Timing before SLR Path Opt
Phase 2.3 Update Timing before SLR Path Opt | Checksum: 19dba7226
Phase 2.6.1 UpdateTiming Before Physical Synthesis
Phase 2.6.1 UpdateTiming Before Physical Synthesis | Checksum: 155ace880
[2026-04-01T01:59:49+0000] [2x2_3clz] still running...
INFO: [Timing 38-35] Done setting XDC timing constraints.
INFO: [Timing 38-78] ReportTimingParams: -max_paths 10 -nworst 1 -delay_type max -sort_by group.
CRITICAL WARNING: [Vivado 12-4430] You are lowering the severity from an ERROR. This can potentially lead to board damage or other functionality issues on hardware. If this is not desired, please run 'reset_property SEVERITY [get_drc_checks REQP-123]' to undo this change.
## place_design -directive $PLACE_DIRECT -no_bufg_opt
Command: place_design -directive Default -no_bufg_opt
Running DRC as a precondition to command place_design
Phase 2.1.1.4 PBP: UpdateTiming
Phase 2.1.1.4 PBP: UpdateTiming | Checksum: 1af1425c5
Phase 2.3 Update Timing before SLR Path Opt
Phase 2.3 Update Timing before SLR Path Opt | Checksum: 19dba7226
Phase 2.6.1 UpdateTiming Before Physical Synthesis
Phase 2.6.1 UpdateTiming Before Physical Synthesis | Checksum: 155ace880
[2026-04-01T02:01:49+0000] [2x2_3clz] still running...
INFO: [Timing 38-35] Done setting XDC timing constraints.
INFO: [Timing 38-78] ReportTimingParams: -max_paths 10 -nworst 1 -delay_type max -sort_by group.
CRITICAL WARNING: [Vivado 12-4430] You are lowering the severity from an ERROR. This can potentially lead to board damage or other functionality issues on hardware. If this is not desired, please run 'reset_property SEVERITY [get_drc_checks REQP-123]' to undo this change.
## place_design -directive $PLACE_DIRECT -no_bufg_opt
Command: place_design -directive Default -no_bufg_opt
Running DRC as a precondition to command place_design
Phase 2.1.1.4 PBP: UpdateTiming
Phase 2.1.1.4 PBP: UpdateTiming | Checksum: 1af1425c5
Phase 2.3 Update Timing before SLR Path Opt
Phase 2.3 Update Timing before SLR Path Opt | Checksum: 19dba7226
Phase 2.6.1 UpdateTiming Before Physical Synthesis
Phase 2.6.1 UpdateTiming Before Physical Synthesis | Checksum: 155ace880
[2026-04-01T02:03:49+0000] [2x2_3clz] still running...
INFO: [Timing 38-35] Done setting XDC timing constraints.
INFO: [Timing 38-78] ReportTimingParams: -max_paths 10 -nworst 1 -delay_type max -sort_by group.
CRITICAL WARNING: [Vivado 12-4430] You are lowering the severity from an ERROR. This can potentially lead to board damage or other functionality issues on hardware. If this is not desired, please run 'reset_property SEVERITY [get_drc_checks REQP-123]' to undo this change.
## place_design -directive $PLACE_DIRECT -no_bufg_opt
Command: place_design -directive Default -no_bufg_opt
Running DRC as a precondition to command place_design
Phase 2.1.1.4 PBP: UpdateTiming
Phase 2.1.1.4 PBP: UpdateTiming | Checksum: 1af1425c5
Phase 2.3 Update Timing before SLR Path Opt
Phase 2.3 Update Timing before SLR Path Opt | Checksum: 19dba7226
Phase 2.6.1 UpdateTiming Before Physical Synthesis
Phase 2.6.1 UpdateTiming Before Physical Synthesis | Checksum: 155ace880
[2026-04-01T02:05:49+0000] [2x2_3clz] still running...
INFO: [Timing 38-35] Done setting XDC timing constraints.
INFO: [Timing 38-78] ReportTimingParams: -max_paths 10 -nworst 1 -delay_type max -sort_by group.
CRITICAL WARNING: [Vivado 12-4430] You are lowering the severity from an ERROR. This can potentially lead to board damage or other functionality issues on hardware. If this is not desired, please run 'reset_property SEVERITY [get_drc_checks REQP-123]' to undo this change.
## place_design -directive $PLACE_DIRECT -no_bufg_opt
Command: place_design -directive Default -no_bufg_opt
Running DRC as a precondition to command place_design
Phase 2.1.1.4 PBP: UpdateTiming
Phase 2.1.1.4 PBP: UpdateTiming | Checksum: 1af1425c5
Phase 2.3 Update Timing before SLR Path Opt
Phase 2.3 Update Timing before SLR Path Opt | Checksum: 19dba7226
Phase 2.6.1 UpdateTiming Before Physical Synthesis
Phase 2.6.1 UpdateTiming Before Physical Synthesis | Checksum: 155ace880
[2026-04-01T02:07:49+0000] [2x2_3clz] still running...
INFO: [Timing 38-78] ReportTimingParams: -max_paths 10 -nworst 1 -delay_type max -sort_by group.
CRITICAL WARNING: [Vivado 12-4430] You are lowering the severity from an ERROR. This can potentially lead to board damage or other functionality issues on hardware. If this is not desired, please run 'reset_property SEVERITY [get_drc_checks REQP-123]' to undo this change.
## place_design -directive $PLACE_DIRECT -no_bufg_opt
Command: place_design -directive Default -no_bufg_opt
Running DRC as a precondition to command place_design
Phase 2.1.1.4 PBP: UpdateTiming
Phase 2.1.1.4 PBP: UpdateTiming | Checksum: 1af1425c5
Phase 2.3 Update Timing before SLR Path Opt
Phase 2.3 Update Timing before SLR Path Opt | Checksum: 19dba7226
Phase 2.6.1 UpdateTiming Before Physical Synthesis
Phase 2.6.1 UpdateTiming Before Physical Synthesis | Checksum: 155ace880
INFO: [Timing 38-35] Done setting XDC timing constraints.
[2026-04-01T02:09:49+0000] [2x2_3clz] still running...
INFO: [Timing 38-78] ReportTimingParams: -max_paths 10 -nworst 1 -delay_type max -sort_by group.
CRITICAL WARNING: [Vivado 12-4430] You are lowering the severity from an ERROR. This can potentially lead to board damage or other functionality issues on hardware. If this is not desired, please run 'reset_property SEVERITY [get_drc_checks REQP-123]' to undo this change.
## place_design -directive $PLACE_DIRECT -no_bufg_opt
Command: place_design -directive Default -no_bufg_opt
Running DRC as a precondition to command place_design
Phase 2.1.1.4 PBP: UpdateTiming
Phase 2.1.1.4 PBP: UpdateTiming | Checksum: 1af1425c5
Phase 2.3 Update Timing before SLR Path Opt
Phase 2.3 Update Timing before SLR Path Opt | Checksum: 19dba7226
Phase 2.6.1 UpdateTiming Before Physical Synthesis
Phase 2.6.1 UpdateTiming Before Physical Synthesis | Checksum: 155ace880
INFO: [Timing 38-35] Done setting XDC timing constraints.
[2026-04-01T02:11:49+0000] [2x2_3clz] still running...
Running DRC as a precondition to command place_design
Phase 2.1.1.4 PBP: UpdateTiming
Phase 2.1.1.4 PBP: UpdateTiming | Checksum: 1af1425c5
Phase 2.3 Update Timing before SLR Path Opt
Phase 2.3 Update Timing before SLR Path Opt | Checksum: 19dba7226
Phase 2.6.1 UpdateTiming Before Physical Synthesis
Phase 2.6.1 UpdateTiming Before Physical Synthesis | Checksum: 155ace880
INFO: [Timing 38-35] Done setting XDC timing constraints.
INFO: [Place 46-63] BUFG replication identified 0 candidate nets: Replicated nets: 0, Replicated BUFGs: 0, Replicated BUFG Driver: 0, moved BUFGs: 0, Skipped due to Placement / Routing Conflict: 0, Skipped due to Timing: 0, Skipped due to constraints: 0
Phase 4.1.1.2 Post Placement Timing Optimization
INFO: [Place 30-746] Post Placement Timing Summary WNS=0.711. For the most accurate timing information please run report_timing.
Phase 4.1.1.2 Post Placement Timing Optimization | Checksum: 15b304c6c
[2026-04-01T02:13:49+0000] [2x2_3clz] still running...
Phase 2.1.1.4 PBP: UpdateTiming
Phase 2.1.1.4 PBP: UpdateTiming | Checksum: 1af1425c5
Phase 2.3 Update Timing before SLR Path Opt
Phase 2.3 Update Timing before SLR Path Opt | Checksum: 19dba7226
Phase 2.6.1 UpdateTiming Before Physical Synthesis
Phase 2.6.1 UpdateTiming Before Physical Synthesis | Checksum: 155ace880
INFO: [Timing 38-35] Done setting XDC timing constraints.
INFO: [Place 46-63] BUFG replication identified 0 candidate nets: Replicated nets: 0, Replicated BUFGs: 0, Replicated BUFG Driver: 0, moved BUFGs: 0, Skipped due to Placement / Routing Conflict: 0, Skipped due to Timing: 0, Skipped due to constraints: 0
Phase 4.1.1.2 Post Placement Timing Optimization
INFO: [Place 30-746] Post Placement Timing Summary WNS=0.711. For the most accurate timing information please run report_timing.
Phase 4.1.1.2 Post Placement Timing Optimization | Checksum: 15b304c6c
INFO: [Place 46-19] Post Replication Timing Summary WNS=0.711. For the most accurate timing information please run report_timing.
[2026-04-01T02:15:49+0000] [2x2_3clz] still running...
INFO: [Place 30-746] Post Placement Timing Summary WNS=0.711. For the most accurate timing information please run report_timing.
Phase 4.1.1.2 Post Placement Timing Optimization | Checksum: 15b304c6c
INFO: [Place 46-19] Post Replication Timing Summary WNS=0.711. For the most accurate timing information please run report_timing.
place_design completed successfully
place_design: Time (s): cpu = 01:05:21 ; elapsed = 01:05:26 . Memory (MB): peak = 13831.277 ; gain = 5146.070 ; free physical = 11553 ; free virtual = 28463
## print "Writing post-place design checkpoint and report"
AWS FPGA: (02:14:24): Writing post-place design checkpoint and report
## write_checkpoint -force ${checkpoints_dir}/${CL}.${TAG}.post_place.dcp
INFO: [Timing 38-480] Writing timing data to binary archive.
INFO: [Common 17-1381] The checkpoint '/home/ubuntu/src/project_data/SatSwarmV2/src/aws-fpga/hdk/cl/examples/cl_satswarm/build/checkpoints/cl_satswarm.2026_04_01-004349.post_place.dcp' has been generated.
write_checkpoint: Time (s): cpu = 00:00:58 ; elapsed = 00:01:00 . Memory (MB): peak = 13831.277 ; gain = 0.000 ; free physical = 11428 ; free virtual = 28459
INFO: [Timing 38-91] UpdateTimingParams: Speed grade: -2, Temperature grade: E, Delay Type: max.
[2026-04-01T02:17:49+0000] [2x2_3clz] still running...
INFO: [Place 30-746] Post Placement Timing Summary WNS=0.711. For the most accurate timing information please run report_timing.
Phase 4.1.1.2 Post Placement Timing Optimization | Checksum: 15b304c6c
INFO: [Place 46-19] Post Replication Timing Summary WNS=0.711. For the most accurate timing information please run report_timing.
place_design completed successfully
place_design: Time (s): cpu = 01:05:21 ; elapsed = 01:05:26 . Memory (MB): peak = 13831.277 ; gain = 5146.070 ; free physical = 11553 ; free virtual = 28463
## print "Writing post-place design checkpoint and report"
AWS FPGA: (02:14:24): Writing post-place design checkpoint and report
## write_checkpoint -force ${checkpoints_dir}/${CL}.${TAG}.post_place.dcp
INFO: [Timing 38-480] Writing timing data to binary archive.
INFO: [Common 17-1381] The checkpoint '/home/ubuntu/src/project_data/SatSwarmV2/src/aws-fpga/hdk/cl/examples/cl_satswarm/build/checkpoints/cl_satswarm.2026_04_01-004349.post_place.dcp' has been generated.
write_checkpoint: Time (s): cpu = 00:00:58 ; elapsed = 00:01:00 . Memory (MB): peak = 13831.277 ; gain = 0.000 ; free physical = 11428 ; free virtual = 28459
INFO: [Timing 38-91] UpdateTimingParams: Speed grade: -2, Temperature grade: E, Delay Type: max.
[2026-04-01T02:19:49+0000] [2x2_3clz] still running...
Phase 4.1.1.2 Post Placement Timing Optimization | Checksum: 15b304c6c
INFO: [Place 46-19] Post Replication Timing Summary WNS=0.711. For the most accurate timing information please run report_timing.
place_design completed successfully
place_design: Time (s): cpu = 01:05:21 ; elapsed = 01:05:26 . Memory (MB): peak = 13831.277 ; gain = 5146.070 ; free physical = 11553 ; free virtual = 28463
## print "Writing post-place design checkpoint and report"
AWS FPGA: (02:14:24): Writing post-place design checkpoint and report
## write_checkpoint -force ${checkpoints_dir}/${CL}.${TAG}.post_place.dcp
INFO: [Timing 38-480] Writing timing data to binary archive.
INFO: [Common 17-1381] The checkpoint '/home/ubuntu/src/project_data/SatSwarmV2/src/aws-fpga/hdk/cl/examples/cl_satswarm/build/checkpoints/cl_satswarm.2026_04_01-004349.post_place.dcp' has been generated.
write_checkpoint: Time (s): cpu = 00:00:58 ; elapsed = 00:01:00 . Memory (MB): peak = 13831.277 ; gain = 0.000 ; free physical = 11428 ; free virtual = 28459
INFO: [Timing 38-91] UpdateTimingParams: Speed grade: -2, Temperature grade: E, Delay Type: max.
INFO: [Timing 38-78] ReportTimingParams: -max_paths 10 -nworst 1 -delay_type max -sort_by group.
[2026-04-01T02:21:49+0000] [2x2_3clz] still running...
INFO: [Timing 38-91] UpdateTimingParams: Speed grade: -2, Temperature grade: E, Delay Type: max.
INFO: [Timing 38-78] ReportTimingParams: -max_paths 10 -nworst 1 -delay_type max -sort_by group.
INFO: [Vivado_Tcl 4-2279] Estimated Timing Summary | WNS= 0.711 | TNS= 0.000 | 
INFO: [Vivado_Tcl 4-383] Design worst setup slack (WNS) is greater than or equal to 0.000 ns. All physical synthesis setup optimizations will be skipped.
## print "Writing post-phy_opt design checkpoint and report"
AWS FPGA: (02:20:46): Writing post-phy_opt design checkpoint and report
## write_checkpoint -force ${checkpoints_dir}/${CL}.${TAG}.post_phys_opt.dcp
INFO: [Timing 38-480] Writing timing data to binary archive.
INFO: [Common 17-1381] The checkpoint '/home/ubuntu/src/project_data/SatSwarmV2/src/aws-fpga/hdk/cl/examples/cl_satswarm/build/checkpoints/cl_satswarm.2026_04_01-004349.post_phys_opt.dcp' has been generated.
write_checkpoint: Time (s): cpu = 00:00:57 ; elapsed = 00:00:59 . Memory (MB): peak = 13831.277 ; gain = 0.000 ; free physical = 11279 ; free virtual = 28432
INFO: [Timing 38-91] UpdateTimingParams: Speed grade: -2, Temperature grade: E, Delay Type: max.
INFO: [Timing 38-78] ReportTimingParams: -max_paths 10 -nworst 1 -delay_type max -sort_by group.
[2026-04-01T02:23:49+0000] [2x2_3clz] still running...
INFO: [Vivado_Tcl 4-2279] Estimated Timing Summary | WNS= 0.711 | TNS= 0.000 | 
INFO: [Vivado_Tcl 4-383] Design worst setup slack (WNS) is greater than or equal to 0.000 ns. All physical synthesis setup optimizations will be skipped.
## print "Writing post-phy_opt design checkpoint and report"
AWS FPGA: (02:20:46): Writing post-phy_opt design checkpoint and report
## write_checkpoint -force ${checkpoints_dir}/${CL}.${TAG}.post_phys_opt.dcp
INFO: [Timing 38-480] Writing timing data to binary archive.
INFO: [Common 17-1381] The checkpoint '/home/ubuntu/src/project_data/SatSwarmV2/src/aws-fpga/hdk/cl/examples/cl_satswarm/build/checkpoints/cl_satswarm.2026_04_01-004349.post_phys_opt.dcp' has been generated.
write_checkpoint: Time (s): cpu = 00:00:57 ; elapsed = 00:00:59 . Memory (MB): peak = 13831.277 ; gain = 0.000 ; free physical = 11279 ; free virtual = 28432
INFO: [Timing 38-91] UpdateTimingParams: Speed grade: -2, Temperature grade: E, Delay Type: max.
INFO: [Timing 38-78] ReportTimingParams: -max_paths 10 -nworst 1 -delay_type max -sort_by group.
## route_design -directive $ROUTE_DIRECT -tns_cleanup
Command: route_design -directive Default -tns_cleanup
[2026-04-01T02:25:49+0000] [2x2_3clz] still running...
INFO: [Vivado_Tcl 4-2279] Estimated Timing Summary | WNS= 0.711 | TNS= 0.000 | 
INFO: [Vivado_Tcl 4-383] Design worst setup slack (WNS) is greater than or equal to 0.000 ns. All physical synthesis setup optimizations will be skipped.
## print "Writing post-phy_opt design checkpoint and report"
AWS FPGA: (02:20:46): Writing post-phy_opt design checkpoint and report
## write_checkpoint -force ${checkpoints_dir}/${CL}.${TAG}.post_phys_opt.dcp
INFO: [Timing 38-480] Writing timing data to binary archive.
INFO: [Common 17-1381] The checkpoint '/home/ubuntu/src/project_data/SatSwarmV2/src/aws-fpga/hdk/cl/examples/cl_satswarm/build/checkpoints/cl_satswarm.2026_04_01-004349.post_phys_opt.dcp' has been generated.
write_checkpoint: Time (s): cpu = 00:00:57 ; elapsed = 00:00:59 . Memory (MB): peak = 13831.277 ; gain = 0.000 ; free physical = 11279 ; free virtual = 28432
INFO: [Timing 38-91] UpdateTimingParams: Speed grade: -2, Temperature grade: E, Delay Type: max.
INFO: [Timing 38-78] ReportTimingParams: -max_paths 10 -nworst 1 -delay_type max -sort_by group.
## route_design -directive $ROUTE_DIRECT -tns_cleanup
Command: route_design -directive Default -tns_cleanup
[2026-04-01T02:27:49+0000] [2x2_3clz] still running...
INFO: [Vivado_Tcl 4-2279] Estimated Timing Summary | WNS= 0.711 | TNS= 0.000 | 
INFO: [Vivado_Tcl 4-383] Design worst setup slack (WNS) is greater than or equal to 0.000 ns. All physical synthesis setup optimizations will be skipped.
## print "Writing post-phy_opt design checkpoint and report"
AWS FPGA: (02:20:46): Writing post-phy_opt design checkpoint and report
## write_checkpoint -force ${checkpoints_dir}/${CL}.${TAG}.post_phys_opt.dcp
INFO: [Timing 38-480] Writing timing data to binary archive.
INFO: [Common 17-1381] The checkpoint '/home/ubuntu/src/project_data/SatSwarmV2/src/aws-fpga/hdk/cl/examples/cl_satswarm/build/checkpoints/cl_satswarm.2026_04_01-004349.post_phys_opt.dcp' has been generated.
write_checkpoint: Time (s): cpu = 00:00:57 ; elapsed = 00:00:59 . Memory (MB): peak = 13831.277 ; gain = 0.000 ; free physical = 11279 ; free virtual = 28432
INFO: [Timing 38-91] UpdateTimingParams: Speed grade: -2, Temperature grade: E, Delay Type: max.
INFO: [Timing 38-78] ReportTimingParams: -max_paths 10 -nworst 1 -delay_type max -sort_by group.
## route_design -directive $ROUTE_DIRECT -tns_cleanup
Command: route_design -directive Default -tns_cleanup
[2026-04-01T02:29:49+0000] [2x2_3clz] still running...
INFO: [Vivado_Tcl 4-383] Design worst setup slack (WNS) is greater than or equal to 0.000 ns. All physical synthesis setup optimizations will be skipped.
## print "Writing post-phy_opt design checkpoint and report"
AWS FPGA: (02:20:46): Writing post-phy_opt design checkpoint and report
## write_checkpoint -force ${checkpoints_dir}/${CL}.${TAG}.post_phys_opt.dcp
INFO: [Timing 38-480] Writing timing data to binary archive.
INFO: [Common 17-1381] The checkpoint '/home/ubuntu/src/project_data/SatSwarmV2/src/aws-fpga/hdk/cl/examples/cl_satswarm/build/checkpoints/cl_satswarm.2026_04_01-004349.post_phys_opt.dcp' has been generated.
write_checkpoint: Time (s): cpu = 00:00:57 ; elapsed = 00:00:59 . Memory (MB): peak = 13831.277 ; gain = 0.000 ; free physical = 11279 ; free virtual = 28432
INFO: [Timing 38-91] UpdateTimingParams: Speed grade: -2, Temperature grade: E, Delay Type: max.
INFO: [Timing 38-78] ReportTimingParams: -max_paths 10 -nworst 1 -delay_type max -sort_by group.
## route_design -directive $ROUTE_DIRECT -tns_cleanup
Command: route_design -directive Default -tns_cleanup
Post Restoration Checksum: NetGraph: 1ea37db5 | NumContArr: 97676875 | Constraints: 8d153282 | Timing: c2a8fa9d
[2026-04-01T02:31:49+0000] [2x2_3clz] still running...
## print "Writing post-phy_opt design checkpoint and report"
AWS FPGA: (02:20:46): Writing post-phy_opt design checkpoint and report
## write_checkpoint -force ${checkpoints_dir}/${CL}.${TAG}.post_phys_opt.dcp
INFO: [Timing 38-480] Writing timing data to binary archive.
INFO: [Common 17-1381] The checkpoint '/home/ubuntu/src/project_data/SatSwarmV2/src/aws-fpga/hdk/cl/examples/cl_satswarm/build/checkpoints/cl_satswarm.2026_04_01-004349.post_phys_opt.dcp' has been generated.
write_checkpoint: Time (s): cpu = 00:00:57 ; elapsed = 00:00:59 . Memory (MB): peak = 13831.277 ; gain = 0.000 ; free physical = 11279 ; free virtual = 28432
INFO: [Timing 38-91] UpdateTimingParams: Speed grade: -2, Temperature grade: E, Delay Type: max.
INFO: [Timing 38-78] ReportTimingParams: -max_paths 10 -nworst 1 -delay_type max -sort_by group.
## route_design -directive $ROUTE_DIRECT -tns_cleanup
Command: route_design -directive Default -tns_cleanup
Post Restoration Checksum: NetGraph: 1ea37db5 | NumContArr: 97676875 | Constraints: 8d153282 | Timing: c2a8fa9d
Phase 2.4 Update Timing
[2026-04-01T02:33:49+0000] [2x2_3clz] still running...
## write_checkpoint -force ${checkpoints_dir}/${CL}.${TAG}.post_phys_opt.dcp
INFO: [Timing 38-480] Writing timing data to binary archive.
INFO: [Common 17-1381] The checkpoint '/home/ubuntu/src/project_data/SatSwarmV2/src/aws-fpga/hdk/cl/examples/cl_satswarm/build/checkpoints/cl_satswarm.2026_04_01-004349.post_phys_opt.dcp' has been generated.
write_checkpoint: Time (s): cpu = 00:00:57 ; elapsed = 00:00:59 . Memory (MB): peak = 13831.277 ; gain = 0.000 ; free physical = 11279 ; free virtual = 28432
INFO: [Timing 38-91] UpdateTimingParams: Speed grade: -2, Temperature grade: E, Delay Type: max.
INFO: [Timing 38-78] ReportTimingParams: -max_paths 10 -nworst 1 -delay_type max -sort_by group.
## route_design -directive $ROUTE_DIRECT -tns_cleanup
Command: route_design -directive Default -tns_cleanup
Post Restoration Checksum: NetGraph: 1ea37db5 | NumContArr: 97676875 | Constraints: 8d153282 | Timing: c2a8fa9d
Phase 2.4 Update Timing
Phase 2.4 Update Timing | Checksum: 22c92ee28
INFO: [Route 35-416] Intermediate Timing Summary | WNS=0.711  | TNS=0.000  | WHS=-0.136 | THS=-410.934|
[2026-04-01T02:35:49+0000] [2x2_3clz] still running...
## write_checkpoint -force ${checkpoints_dir}/${CL}.${TAG}.post_phys_opt.dcp
INFO: [Timing 38-480] Writing timing data to binary archive.
INFO: [Common 17-1381] The checkpoint '/home/ubuntu/src/project_data/SatSwarmV2/src/aws-fpga/hdk/cl/examples/cl_satswarm/build/checkpoints/cl_satswarm.2026_04_01-004349.post_phys_opt.dcp' has been generated.
write_checkpoint: Time (s): cpu = 00:00:57 ; elapsed = 00:00:59 . Memory (MB): peak = 13831.277 ; gain = 0.000 ; free physical = 11279 ; free virtual = 28432
INFO: [Timing 38-91] UpdateTimingParams: Speed grade: -2, Temperature grade: E, Delay Type: max.
INFO: [Timing 38-78] ReportTimingParams: -max_paths 10 -nworst 1 -delay_type max -sort_by group.
## route_design -directive $ROUTE_DIRECT -tns_cleanup
Command: route_design -directive Default -tns_cleanup
Post Restoration Checksum: NetGraph: 1ea37db5 | NumContArr: 97676875 | Constraints: 8d153282 | Timing: c2a8fa9d
Phase 2.4 Update Timing
Phase 2.4 Update Timing | Checksum: 22c92ee28
INFO: [Route 35-416] Intermediate Timing Summary | WNS=0.711  | TNS=0.000  | WHS=-0.136 | THS=-410.934|
[2026-04-01T02:37:49+0000] [2x2_3clz] still running...
## write_checkpoint -force ${checkpoints_dir}/${CL}.${TAG}.post_phys_opt.dcp
INFO: [Timing 38-480] Writing timing data to binary archive.
INFO: [Common 17-1381] The checkpoint '/home/ubuntu/src/project_data/SatSwarmV2/src/aws-fpga/hdk/cl/examples/cl_satswarm/build/checkpoints/cl_satswarm.2026_04_01-004349.post_phys_opt.dcp' has been generated.
write_checkpoint: Time (s): cpu = 00:00:57 ; elapsed = 00:00:59 . Memory (MB): peak = 13831.277 ; gain = 0.000 ; free physical = 11279 ; free virtual = 28432
INFO: [Timing 38-91] UpdateTimingParams: Speed grade: -2, Temperature grade: E, Delay Type: max.
INFO: [Timing 38-78] ReportTimingParams: -max_paths 10 -nworst 1 -delay_type max -sort_by group.
## route_design -directive $ROUTE_DIRECT -tns_cleanup
Command: route_design -directive Default -tns_cleanup
Post Restoration Checksum: NetGraph: 1ea37db5 | NumContArr: 97676875 | Constraints: 8d153282 | Timing: c2a8fa9d
Phase 2.4 Update Timing
Phase 2.4 Update Timing | Checksum: 22c92ee28
INFO: [Route 35-416] Intermediate Timing Summary | WNS=0.711  | TNS=0.000  | WHS=-0.136 | THS=-410.934|
[2026-04-01T02:39:49+0000] [2x2_3clz] still running...
INFO: [Common 17-1381] The checkpoint '/home/ubuntu/src/project_data/SatSwarmV2/src/aws-fpga/hdk/cl/examples/cl_satswarm/build/checkpoints/cl_satswarm.2026_04_01-004349.post_phys_opt.dcp' has been generated.
write_checkpoint: Time (s): cpu = 00:00:57 ; elapsed = 00:00:59 . Memory (MB): peak = 13831.277 ; gain = 0.000 ; free physical = 11279 ; free virtual = 28432
INFO: [Timing 38-91] UpdateTimingParams: Speed grade: -2, Temperature grade: E, Delay Type: max.
INFO: [Timing 38-78] ReportTimingParams: -max_paths 10 -nworst 1 -delay_type max -sort_by group.
## route_design -directive $ROUTE_DIRECT -tns_cleanup
Command: route_design -directive Default -tns_cleanup
Post Restoration Checksum: NetGraph: 1ea37db5 | NumContArr: 97676875 | Constraints: 8d153282 | Timing: c2a8fa9d
Phase 2.4 Update Timing
Phase 2.4 Update Timing | Checksum: 22c92ee28
INFO: [Route 35-416] Intermediate Timing Summary | WNS=0.711  | TNS=0.000  | WHS=-0.136 | THS=-410.934|
Phase 2.5 Update Timing for Bus Skew
Phase 2.5.1 Update Timing
[2026-04-01T02:41:49+0000] [2x2_3clz] still running...
INFO: [Common 17-1381] The checkpoint '/home/ubuntu/src/project_data/SatSwarmV2/src/aws-fpga/hdk/cl/examples/cl_satswarm/build/checkpoints/cl_satswarm.2026_04_01-004349.post_phys_opt.dcp' has been generated.
write_checkpoint: Time (s): cpu = 00:00:57 ; elapsed = 00:00:59 . Memory (MB): peak = 13831.277 ; gain = 0.000 ; free physical = 11279 ; free virtual = 28432
INFO: [Timing 38-91] UpdateTimingParams: Speed grade: -2, Temperature grade: E, Delay Type: max.
INFO: [Timing 38-78] ReportTimingParams: -max_paths 10 -nworst 1 -delay_type max -sort_by group.
## route_design -directive $ROUTE_DIRECT -tns_cleanup
Command: route_design -directive Default -tns_cleanup
Post Restoration Checksum: NetGraph: 1ea37db5 | NumContArr: 97676875 | Constraints: 8d153282 | Timing: c2a8fa9d
Phase 2.4 Update Timing
Phase 2.4 Update Timing | Checksum: 22c92ee28
INFO: [Route 35-416] Intermediate Timing Summary | WNS=0.711  | TNS=0.000  | WHS=-0.136 | THS=-410.934|
Phase 2.5 Update Timing for Bus Skew
Phase 2.5.1 Update Timing
[2026-04-01T02:43:49+0000] [2x2_3clz] still running...
INFO: [Timing 38-78] ReportTimingParams: -max_paths 10 -nworst 1 -delay_type max -sort_by group.
## route_design -directive $ROUTE_DIRECT -tns_cleanup
Command: route_design -directive Default -tns_cleanup
Post Restoration Checksum: NetGraph: 1ea37db5 | NumContArr: 97676875 | Constraints: 8d153282 | Timing: c2a8fa9d
Phase 2.4 Update Timing
Phase 2.4 Update Timing | Checksum: 22c92ee28
INFO: [Route 35-416] Intermediate Timing Summary | WNS=0.711  | TNS=0.000  | WHS=-0.136 | THS=-410.934|
Phase 2.5 Update Timing for Bus Skew
Phase 2.5.1 Update Timing
Phase 2.5.1 Update Timing | Checksum: 22b7efc0f
INFO: [Route 35-416] Intermediate Timing Summary | WNS=0.711  | TNS=0.000  | WHS=-0.255 | THS=-115.436|
Phase 2.5 Update Timing for Bus Skew | Checksum: 298e3c25a
[2026-04-01T02:45:49+0000] [2x2_3clz] still running...
INFO: [Timing 38-78] ReportTimingParams: -max_paths 10 -nworst 1 -delay_type max -sort_by group.
## route_design -directive $ROUTE_DIRECT -tns_cleanup
Command: route_design -directive Default -tns_cleanup
Post Restoration Checksum: NetGraph: 1ea37db5 | NumContArr: 97676875 | Constraints: 8d153282 | Timing: c2a8fa9d
Phase 2.4 Update Timing
Phase 2.4 Update Timing | Checksum: 22c92ee28
INFO: [Route 35-416] Intermediate Timing Summary | WNS=0.711  | TNS=0.000  | WHS=-0.136 | THS=-410.934|
Phase 2.5 Update Timing for Bus Skew
Phase 2.5.1 Update Timing
Phase 2.5.1 Update Timing | Checksum: 22b7efc0f
INFO: [Route 35-416] Intermediate Timing Summary | WNS=0.711  | TNS=0.000  | WHS=-0.255 | THS=-115.436|
Phase 2.5 Update Timing for Bus Skew | Checksum: 298e3c25a
[2026-04-01T02:47:49+0000] [2x2_3clz] still running...
INFO: [Timing 38-78] ReportTimingParams: -max_paths 10 -nworst 1 -delay_type max -sort_by group.
## route_design -directive $ROUTE_DIRECT -tns_cleanup
Command: route_design -directive Default -tns_cleanup
Post Restoration Checksum: NetGraph: 1ea37db5 | NumContArr: 97676875 | Constraints: 8d153282 | Timing: c2a8fa9d
Phase 2.4 Update Timing
Phase 2.4 Update Timing | Checksum: 22c92ee28
INFO: [Route 35-416] Intermediate Timing Summary | WNS=0.711  | TNS=0.000  | WHS=-0.136 | THS=-410.934|
Phase 2.5 Update Timing for Bus Skew
Phase 2.5.1 Update Timing
Phase 2.5.1 Update Timing | Checksum: 22b7efc0f
INFO: [Route 35-416] Intermediate Timing Summary | WNS=0.711  | TNS=0.000  | WHS=-0.255 | THS=-115.436|
Phase 2.5 Update Timing for Bus Skew | Checksum: 298e3c25a
[2026-04-01T02:49:49+0000] [2x2_3clz] still running...
INFO: [Timing 38-78] ReportTimingParams: -max_paths 10 -nworst 1 -delay_type max -sort_by group.
## route_design -directive $ROUTE_DIRECT -tns_cleanup
Command: route_design -directive Default -tns_cleanup
Post Restoration Checksum: NetGraph: 1ea37db5 | NumContArr: 97676875 | Constraints: 8d153282 | Timing: c2a8fa9d
Phase 2.4 Update Timing
Phase 2.4 Update Timing | Checksum: 22c92ee28
INFO: [Route 35-416] Intermediate Timing Summary | WNS=0.711  | TNS=0.000  | WHS=-0.136 | THS=-410.934|
Phase 2.5 Update Timing for Bus Skew
Phase 2.5.1 Update Timing
Phase 2.5.1 Update Timing | Checksum: 22b7efc0f
INFO: [Route 35-416] Intermediate Timing Summary | WNS=0.711  | TNS=0.000  | WHS=-0.255 | THS=-115.436|
Phase 2.5 Update Timing for Bus Skew | Checksum: 298e3c25a
[2026-04-01T02:51:49+0000] [2x2_3clz] still running...
INFO: [Timing 38-78] ReportTimingParams: -max_paths 10 -nworst 1 -delay_type max -sort_by group.
## route_design -directive $ROUTE_DIRECT -tns_cleanup
Command: route_design -directive Default -tns_cleanup
Post Restoration Checksum: NetGraph: 1ea37db5 | NumContArr: 97676875 | Constraints: 8d153282 | Timing: c2a8fa9d
Phase 2.4 Update Timing
Phase 2.4 Update Timing | Checksum: 22c92ee28
INFO: [Route 35-416] Intermediate Timing Summary | WNS=0.711  | TNS=0.000  | WHS=-0.136 | THS=-410.934|
Phase 2.5 Update Timing for Bus Skew
Phase 2.5.1 Update Timing
Phase 2.5.1 Update Timing | Checksum: 22b7efc0f
INFO: [Route 35-416] Intermediate Timing Summary | WNS=0.711  | TNS=0.000  | WHS=-0.255 | THS=-115.436|
Phase 2.5 Update Timing for Bus Skew | Checksum: 298e3c25a
[2026-04-01T02:53:49+0000] [2x2_3clz] still running...
INFO: [Timing 38-78] ReportTimingParams: -max_paths 10 -nworst 1 -delay_type max -sort_by group.
## route_design -directive $ROUTE_DIRECT -tns_cleanup
Command: route_design -directive Default -tns_cleanup
Post Restoration Checksum: NetGraph: 1ea37db5 | NumContArr: 97676875 | Constraints: 8d153282 | Timing: c2a8fa9d
Phase 2.4 Update Timing
Phase 2.4 Update Timing | Checksum: 22c92ee28
INFO: [Route 35-416] Intermediate Timing Summary | WNS=0.711  | TNS=0.000  | WHS=-0.136 | THS=-410.934|
Phase 2.5 Update Timing for Bus Skew
Phase 2.5.1 Update Timing
Phase 2.5.1 Update Timing | Checksum: 22b7efc0f
INFO: [Route 35-416] Intermediate Timing Summary | WNS=0.711  | TNS=0.000  | WHS=-0.255 | THS=-115.436|
Phase 2.5 Update Timing for Bus Skew | Checksum: 298e3c25a
[2026-04-01T02:55:49+0000] [2x2_3clz] still running...
INFO: [Timing 38-78] ReportTimingParams: -max_paths 10 -nworst 1 -delay_type max -sort_by group.
## route_design -directive $ROUTE_DIRECT -tns_cleanup
Command: route_design -directive Default -tns_cleanup
Post Restoration Checksum: NetGraph: 1ea37db5 | NumContArr: 97676875 | Constraints: 8d153282 | Timing: c2a8fa9d
Phase 2.4 Update Timing
Phase 2.4 Update Timing | Checksum: 22c92ee28
INFO: [Route 35-416] Intermediate Timing Summary | WNS=0.711  | TNS=0.000  | WHS=-0.136 | THS=-410.934|
Phase 2.5 Update Timing for Bus Skew
Phase 2.5.1 Update Timing
Phase 2.5.1 Update Timing | Checksum: 22b7efc0f
INFO: [Route 35-416] Intermediate Timing Summary | WNS=0.711  | TNS=0.000  | WHS=-0.255 | THS=-115.436|
Phase 2.5 Update Timing for Bus Skew | Checksum: 298e3c25a
[2026-04-01T02:57:49+0000] [2x2_3clz] still running...
INFO: [Timing 38-78] ReportTimingParams: -max_paths 10 -nworst 1 -delay_type max -sort_by group.
## route_design -directive $ROUTE_DIRECT -tns_cleanup
Command: route_design -directive Default -tns_cleanup
Post Restoration Checksum: NetGraph: 1ea37db5 | NumContArr: 97676875 | Constraints: 8d153282 | Timing: c2a8fa9d
Phase 2.4 Update Timing
Phase 2.4 Update Timing | Checksum: 22c92ee28
INFO: [Route 35-416] Intermediate Timing Summary | WNS=0.711  | TNS=0.000  | WHS=-0.136 | THS=-410.934|
Phase 2.5 Update Timing for Bus Skew
Phase 2.5.1 Update Timing
Phase 2.5.1 Update Timing | Checksum: 22b7efc0f
INFO: [Route 35-416] Intermediate Timing Summary | WNS=0.711  | TNS=0.000  | WHS=-0.255 | THS=-115.436|
Phase 2.5 Update Timing for Bus Skew | Checksum: 298e3c25a
[2026-04-01T02:59:49+0000] [2x2_3clz] still running...
INFO: [Timing 38-78] ReportTimingParams: -max_paths 10 -nworst 1 -delay_type max -sort_by group.
## route_design -directive $ROUTE_DIRECT -tns_cleanup
Command: route_design -directive Default -tns_cleanup
Post Restoration Checksum: NetGraph: 1ea37db5 | NumContArr: 97676875 | Constraints: 8d153282 | Timing: c2a8fa9d
Phase 2.4 Update Timing
Phase 2.4 Update Timing | Checksum: 22c92ee28
INFO: [Route 35-416] Intermediate Timing Summary | WNS=0.711  | TNS=0.000  | WHS=-0.136 | THS=-410.934|
Phase 2.5 Update Timing for Bus Skew
Phase 2.5.1 Update Timing
Phase 2.5.1 Update Timing | Checksum: 22b7efc0f
INFO: [Route 35-416] Intermediate Timing Summary | WNS=0.711  | TNS=0.000  | WHS=-0.255 | THS=-115.436|
Phase 2.5 Update Timing for Bus Skew | Checksum: 298e3c25a
[2026-04-01T03:01:49+0000] [2x2_3clz] still running...
INFO: [Timing 38-78] ReportTimingParams: -max_paths 10 -nworst 1 -delay_type max -sort_by group.
## route_design -directive $ROUTE_DIRECT -tns_cleanup
Command: route_design -directive Default -tns_cleanup
Post Restoration Checksum: NetGraph: 1ea37db5 | NumContArr: 97676875 | Constraints: 8d153282 | Timing: c2a8fa9d
Phase 2.4 Update Timing
Phase 2.4 Update Timing | Checksum: 22c92ee28
INFO: [Route 35-416] Intermediate Timing Summary | WNS=0.711  | TNS=0.000  | WHS=-0.136 | THS=-410.934|
Phase 2.5 Update Timing for Bus Skew
Phase 2.5.1 Update Timing
Phase 2.5.1 Update Timing | Checksum: 22b7efc0f
INFO: [Route 35-416] Intermediate Timing Summary | WNS=0.711  | TNS=0.000  | WHS=-0.255 | THS=-115.436|
Phase 2.5 Update Timing for Bus Skew | Checksum: 298e3c25a
[2026-04-01T03:03:49+0000] [2x2_3clz] still running...
INFO: [Timing 38-78] ReportTimingParams: -max_paths 10 -nworst 1 -delay_type max -sort_by group.
## route_design -directive $ROUTE_DIRECT -tns_cleanup
Command: route_design -directive Default -tns_cleanup
Post Restoration Checksum: NetGraph: 1ea37db5 | NumContArr: 97676875 | Constraints: 8d153282 | Timing: c2a8fa9d
Phase 2.4 Update Timing
Phase 2.4 Update Timing | Checksum: 22c92ee28
INFO: [Route 35-416] Intermediate Timing Summary | WNS=0.711  | TNS=0.000  | WHS=-0.136 | THS=-410.934|
Phase 2.5 Update Timing for Bus Skew
Phase 2.5.1 Update Timing
Phase 2.5.1 Update Timing | Checksum: 22b7efc0f
INFO: [Route 35-416] Intermediate Timing Summary | WNS=0.711  | TNS=0.000  | WHS=-0.255 | THS=-115.436|
Phase 2.5 Update Timing for Bus Skew | Checksum: 298e3c25a
[2026-04-01T03:05:49+0000] [2x2_3clz] still running...
INFO: [Timing 38-78] ReportTimingParams: -max_paths 10 -nworst 1 -delay_type max -sort_by group.
## route_design -directive $ROUTE_DIRECT -tns_cleanup
Command: route_design -directive Default -tns_cleanup
Post Restoration Checksum: NetGraph: 1ea37db5 | NumContArr: 97676875 | Constraints: 8d153282 | Timing: c2a8fa9d
Phase 2.4 Update Timing
Phase 2.4 Update Timing | Checksum: 22c92ee28
INFO: [Route 35-416] Intermediate Timing Summary | WNS=0.711  | TNS=0.000  | WHS=-0.136 | THS=-410.934|
Phase 2.5 Update Timing for Bus Skew
Phase 2.5.1 Update Timing
Phase 2.5.1 Update Timing | Checksum: 22b7efc0f
INFO: [Route 35-416] Intermediate Timing Summary | WNS=0.711  | TNS=0.000  | WHS=-0.255 | THS=-115.436|
Phase 2.5 Update Timing for Bus Skew | Checksum: 298e3c25a
[2026-04-01T03:07:49+0000] [2x2_3clz] still running...
INFO: [Timing 38-78] ReportTimingParams: -max_paths 10 -nworst 1 -delay_type max -sort_by group.
## route_design -directive $ROUTE_DIRECT -tns_cleanup
Command: route_design -directive Default -tns_cleanup
Post Restoration Checksum: NetGraph: 1ea37db5 | NumContArr: 97676875 | Constraints: 8d153282 | Timing: c2a8fa9d
Phase 2.4 Update Timing
Phase 2.4 Update Timing | Checksum: 22c92ee28
INFO: [Route 35-416] Intermediate Timing Summary | WNS=0.711  | TNS=0.000  | WHS=-0.136 | THS=-410.934|
Phase 2.5 Update Timing for Bus Skew
Phase 2.5.1 Update Timing
Phase 2.5.1 Update Timing | Checksum: 22b7efc0f
INFO: [Route 35-416] Intermediate Timing Summary | WNS=0.711  | TNS=0.000  | WHS=-0.255 | THS=-115.436|
Phase 2.5 Update Timing for Bus Skew | Checksum: 298e3c25a
[2026-04-01T03:09:49+0000] [2x2_3clz] still running...
INFO: [Timing 38-78] ReportTimingParams: -max_paths 10 -nworst 1 -delay_type max -sort_by group.
## route_design -directive $ROUTE_DIRECT -tns_cleanup
Command: route_design -directive Default -tns_cleanup
Post Restoration Checksum: NetGraph: 1ea37db5 | NumContArr: 97676875 | Constraints: 8d153282 | Timing: c2a8fa9d
Phase 2.4 Update Timing
Phase 2.4 Update Timing | Checksum: 22c92ee28
INFO: [Route 35-416] Intermediate Timing Summary | WNS=0.711  | TNS=0.000  | WHS=-0.136 | THS=-410.934|
Phase 2.5 Update Timing for Bus Skew
Phase 2.5.1 Update Timing
Phase 2.5.1 Update Timing | Checksum: 22b7efc0f
INFO: [Route 35-416] Intermediate Timing Summary | WNS=0.711  | TNS=0.000  | WHS=-0.255 | THS=-115.436|
Phase 2.5 Update Timing for Bus Skew | Checksum: 298e3c25a
[2026-04-01T03:11:49+0000] [2x2_3clz] still running...
INFO: [Timing 38-78] ReportTimingParams: -max_paths 10 -nworst 1 -delay_type max -sort_by group.
## route_design -directive $ROUTE_DIRECT -tns_cleanup
Command: route_design -directive Default -tns_cleanup
Post Restoration Checksum: NetGraph: 1ea37db5 | NumContArr: 97676875 | Constraints: 8d153282 | Timing: c2a8fa9d
Phase 2.4 Update Timing
Phase 2.4 Update Timing | Checksum: 22c92ee28
INFO: [Route 35-416] Intermediate Timing Summary | WNS=0.711  | TNS=0.000  | WHS=-0.136 | THS=-410.934|
Phase 2.5 Update Timing for Bus Skew
Phase 2.5.1 Update Timing
Phase 2.5.1 Update Timing | Checksum: 22b7efc0f
INFO: [Route 35-416] Intermediate Timing Summary | WNS=0.711  | TNS=0.000  | WHS=-0.255 | THS=-115.436|
Phase 2.5 Update Timing for Bus Skew | Checksum: 298e3c25a
[2026-04-01T03:13:49+0000] [2x2_3clz] still running...
INFO: [Timing 38-78] ReportTimingParams: -max_paths 10 -nworst 1 -delay_type max -sort_by group.
## route_design -directive $ROUTE_DIRECT -tns_cleanup
Command: route_design -directive Default -tns_cleanup
Post Restoration Checksum: NetGraph: 1ea37db5 | NumContArr: 97676875 | Constraints: 8d153282 | Timing: c2a8fa9d
Phase 2.4 Update Timing
Phase 2.4 Update Timing | Checksum: 22c92ee28
INFO: [Route 35-416] Intermediate Timing Summary | WNS=0.711  | TNS=0.000  | WHS=-0.136 | THS=-410.934|
Phase 2.5 Update Timing for Bus Skew
Phase 2.5.1 Update Timing
Phase 2.5.1 Update Timing | Checksum: 22b7efc0f
INFO: [Route 35-416] Intermediate Timing Summary | WNS=0.711  | TNS=0.000  | WHS=-0.255 | THS=-115.436|
Phase 2.5 Update Timing for Bus Skew | Checksum: 298e3c25a
[2026-04-01T03:15:49+0000] [2x2_3clz] still running...
INFO: [Timing 38-78] ReportTimingParams: -max_paths 10 -nworst 1 -delay_type max -sort_by group.
## route_design -directive $ROUTE_DIRECT -tns_cleanup
Command: route_design -directive Default -tns_cleanup
Post Restoration Checksum: NetGraph: 1ea37db5 | NumContArr: 97676875 | Constraints: 8d153282 | Timing: c2a8fa9d
Phase 2.4 Update Timing
Phase 2.4 Update Timing | Checksum: 22c92ee28
INFO: [Route 35-416] Intermediate Timing Summary | WNS=0.711  | TNS=0.000  | WHS=-0.136 | THS=-410.934|
Phase 2.5 Update Timing for Bus Skew
Phase 2.5.1 Update Timing
Phase 2.5.1 Update Timing | Checksum: 22b7efc0f
INFO: [Route 35-416] Intermediate Timing Summary | WNS=0.711  | TNS=0.000  | WHS=-0.255 | THS=-115.436|
Phase 2.5 Update Timing for Bus Skew | Checksum: 298e3c25a
[2026-04-01T03:17:49+0000] [2x2_3clz] still running...
INFO: [Timing 38-78] ReportTimingParams: -max_paths 10 -nworst 1 -delay_type max -sort_by group.
## route_design -directive $ROUTE_DIRECT -tns_cleanup
Command: route_design -directive Default -tns_cleanup
Post Restoration Checksum: NetGraph: 1ea37db5 | NumContArr: 97676875 | Constraints: 8d153282 | Timing: c2a8fa9d
Phase 2.4 Update Timing
Phase 2.4 Update Timing | Checksum: 22c92ee28
INFO: [Route 35-416] Intermediate Timing Summary | WNS=0.711  | TNS=0.000  | WHS=-0.136 | THS=-410.934|
Phase 2.5 Update Timing for Bus Skew
Phase 2.5.1 Update Timing
Phase 2.5.1 Update Timing | Checksum: 22b7efc0f
INFO: [Route 35-416] Intermediate Timing Summary | WNS=0.711  | TNS=0.000  | WHS=-0.255 | THS=-115.436|
Phase 2.5 Update Timing for Bus Skew | Checksum: 298e3c25a
[2026-04-01T03:19:49+0000] [2x2_3clz] still running...
INFO: [Timing 38-78] ReportTimingParams: -max_paths 10 -nworst 1 -delay_type max -sort_by group.
## route_design -directive $ROUTE_DIRECT -tns_cleanup
Command: route_design -directive Default -tns_cleanup
Post Restoration Checksum: NetGraph: 1ea37db5 | NumContArr: 97676875 | Constraints: 8d153282 | Timing: c2a8fa9d
Phase 2.4 Update Timing
Phase 2.4 Update Timing | Checksum: 22c92ee28
INFO: [Route 35-416] Intermediate Timing Summary | WNS=0.711  | TNS=0.000  | WHS=-0.136 | THS=-410.934|
Phase 2.5 Update Timing for Bus Skew
Phase 2.5.1 Update Timing
Phase 2.5.1 Update Timing | Checksum: 22b7efc0f
INFO: [Route 35-416] Intermediate Timing Summary | WNS=0.711  | TNS=0.000  | WHS=-0.255 | THS=-115.436|
Phase 2.5 Update Timing for Bus Skew | Checksum: 298e3c25a
[2026-04-01T03:21:49+0000] [2x2_3clz] still running...
INFO: [Timing 38-78] ReportTimingParams: -max_paths 10 -nworst 1 -delay_type max -sort_by group.
## route_design -directive $ROUTE_DIRECT -tns_cleanup
Command: route_design -directive Default -tns_cleanup
Post Restoration Checksum: NetGraph: 1ea37db5 | NumContArr: 97676875 | Constraints: 8d153282 | Timing: c2a8fa9d
Phase 2.4 Update Timing
Phase 2.4 Update Timing | Checksum: 22c92ee28
INFO: [Route 35-416] Intermediate Timing Summary | WNS=0.711  | TNS=0.000  | WHS=-0.136 | THS=-410.934|
Phase 2.5 Update Timing for Bus Skew
Phase 2.5.1 Update Timing
Phase 2.5.1 Update Timing | Checksum: 22b7efc0f
INFO: [Route 35-416] Intermediate Timing Summary | WNS=0.711  | TNS=0.000  | WHS=-0.255 | THS=-115.436|
Phase 2.5 Update Timing for Bus Skew | Checksum: 298e3c25a
[2026-04-01T03:23:49+0000] [2x2_3clz] still running...
INFO: [Timing 38-78] ReportTimingParams: -max_paths 10 -nworst 1 -delay_type max -sort_by group.
## route_design -directive $ROUTE_DIRECT -tns_cleanup
Command: route_design -directive Default -tns_cleanup
Post Restoration Checksum: NetGraph: 1ea37db5 | NumContArr: 97676875 | Constraints: 8d153282 | Timing: c2a8fa9d
Phase 2.4 Update Timing
Phase 2.4 Update Timing | Checksum: 22c92ee28
INFO: [Route 35-416] Intermediate Timing Summary | WNS=0.711  | TNS=0.000  | WHS=-0.136 | THS=-410.934|
Phase 2.5 Update Timing for Bus Skew
Phase 2.5.1 Update Timing
Phase 2.5.1 Update Timing | Checksum: 22b7efc0f
INFO: [Route 35-416] Intermediate Timing Summary | WNS=0.711  | TNS=0.000  | WHS=-0.255 | THS=-115.436|
Phase 2.5 Update Timing for Bus Skew | Checksum: 298e3c25a
[2026-04-01T03:25:49+0000] [2x2_3clz] still running...
INFO: [Timing 38-78] ReportTimingParams: -max_paths 10 -nworst 1 -delay_type max -sort_by group.
## route_design -directive $ROUTE_DIRECT -tns_cleanup
Command: route_design -directive Default -tns_cleanup
Post Restoration Checksum: NetGraph: 1ea37db5 | NumContArr: 97676875 | Constraints: 8d153282 | Timing: c2a8fa9d
Phase 2.4 Update Timing
Phase 2.4 Update Timing | Checksum: 22c92ee28
INFO: [Route 35-416] Intermediate Timing Summary | WNS=0.711  | TNS=0.000  | WHS=-0.136 | THS=-410.934|
Phase 2.5 Update Timing for Bus Skew
Phase 2.5.1 Update Timing
Phase 2.5.1 Update Timing | Checksum: 22b7efc0f
INFO: [Route 35-416] Intermediate Timing Summary | WNS=0.711  | TNS=0.000  | WHS=-0.255 | THS=-115.436|
Phase 2.5 Update Timing for Bus Skew | Checksum: 298e3c25a
[2026-04-01T03:27:49+0000] [2x2_3clz] still running...
## route_design -directive $ROUTE_DIRECT -tns_cleanup
Command: route_design -directive Default -tns_cleanup
Post Restoration Checksum: NetGraph: 1ea37db5 | NumContArr: 97676875 | Constraints: 8d153282 | Timing: c2a8fa9d
Phase 2.4 Update Timing
Phase 2.4 Update Timing | Checksum: 22c92ee28
INFO: [Route 35-416] Intermediate Timing Summary | WNS=0.711  | TNS=0.000  | WHS=-0.136 | THS=-410.934|
Phase 2.5 Update Timing for Bus Skew
Phase 2.5.1 Update Timing
Phase 2.5.1 Update Timing | Checksum: 22b7efc0f
INFO: [Route 35-416] Intermediate Timing Summary | WNS=0.711  | TNS=0.000  | WHS=-0.255 | THS=-115.436|
Phase 2.5 Update Timing for Bus Skew | Checksum: 298e3c25a
INFO: [Route 35-416] Intermediate Timing Summary | WNS=0.711  | TNS=0.000  | WHS=-0.019 | THS=-0.516 |
[2026-04-01T03:29:49+0000] [2x2_3clz] still running...
## route_design -directive $ROUTE_DIRECT -tns_cleanup
Command: route_design -directive Default -tns_cleanup
Post Restoration Checksum: NetGraph: 1ea37db5 | NumContArr: 97676875 | Constraints: 8d153282 | Timing: c2a8fa9d
Phase 2.4 Update Timing
Phase 2.4 Update Timing | Checksum: 22c92ee28
INFO: [Route 35-416] Intermediate Timing Summary | WNS=0.711  | TNS=0.000  | WHS=-0.136 | THS=-410.934|
Phase 2.5 Update Timing for Bus Skew
Phase 2.5.1 Update Timing
Phase 2.5.1 Update Timing | Checksum: 22b7efc0f
INFO: [Route 35-416] Intermediate Timing Summary | WNS=0.711  | TNS=0.000  | WHS=-0.255 | THS=-115.436|
Phase 2.5 Update Timing for Bus Skew | Checksum: 298e3c25a
INFO: [Route 35-416] Intermediate Timing Summary | WNS=0.711  | TNS=0.000  | WHS=-0.019 | THS=-0.516 |
[2026-04-01T03:31:49+0000] [2x2_3clz] still running...
Command: route_design -directive Default -tns_cleanup
Post Restoration Checksum: NetGraph: 1ea37db5 | NumContArr: 97676875 | Constraints: 8d153282 | Timing: c2a8fa9d
Phase 2.4 Update Timing
Phase 2.4 Update Timing | Checksum: 22c92ee28
INFO: [Route 35-416] Intermediate Timing Summary | WNS=0.711  | TNS=0.000  | WHS=-0.136 | THS=-410.934|
Phase 2.5 Update Timing for Bus Skew
Phase 2.5.1 Update Timing
Phase 2.5.1 Update Timing | Checksum: 22b7efc0f
INFO: [Route 35-416] Intermediate Timing Summary | WNS=0.711  | TNS=0.000  | WHS=-0.255 | THS=-115.436|
Phase 2.5 Update Timing for Bus Skew | Checksum: 298e3c25a
INFO: [Route 35-416] Intermediate Timing Summary | WNS=0.711  | TNS=0.000  | WHS=-0.019 | THS=-0.516 |
INFO: [Route 35-416] Intermediate Timing Summary | WNS=0.711  | TNS=0.000  | WHS=N/A    | THS=N/A    |
[2026-04-01T03:33:49+0000] [2x2_3clz] still running...
Command: route_design -directive Default -tns_cleanup
Post Restoration Checksum: NetGraph: 1ea37db5 | NumContArr: 97676875 | Constraints: 8d153282 | Timing: c2a8fa9d
Phase 2.4 Update Timing
Phase 2.4 Update Timing | Checksum: 22c92ee28
INFO: [Route 35-416] Intermediate Timing Summary | WNS=0.711  | TNS=0.000  | WHS=-0.136 | THS=-410.934|
Phase 2.5 Update Timing for Bus Skew
Phase 2.5.1 Update Timing
Phase 2.5.1 Update Timing | Checksum: 22b7efc0f
INFO: [Route 35-416] Intermediate Timing Summary | WNS=0.711  | TNS=0.000  | WHS=-0.255 | THS=-115.436|
Phase 2.5 Update Timing for Bus Skew | Checksum: 298e3c25a
INFO: [Route 35-416] Intermediate Timing Summary | WNS=0.711  | TNS=0.000  | WHS=-0.019 | THS=-0.516 |
INFO: [Route 35-416] Intermediate Timing Summary | WNS=0.711  | TNS=0.000  | WHS=N/A    | THS=N/A    |
[2026-04-01T03:35:49+0000] [2x2_3clz] still running...
Phase 2.4 Update Timing
Phase 2.4 Update Timing | Checksum: 22c92ee28
INFO: [Route 35-416] Intermediate Timing Summary | WNS=0.711  | TNS=0.000  | WHS=-0.136 | THS=-410.934|
Phase 2.5 Update Timing for Bus Skew
Phase 2.5.1 Update Timing
Phase 2.5.1 Update Timing | Checksum: 22b7efc0f
INFO: [Route 35-416] Intermediate Timing Summary | WNS=0.711  | TNS=0.000  | WHS=-0.255 | THS=-115.436|
Phase 2.5 Update Timing for Bus Skew | Checksum: 298e3c25a
INFO: [Route 35-416] Intermediate Timing Summary | WNS=0.711  | TNS=0.000  | WHS=-0.019 | THS=-0.516 |
INFO: [Route 35-416] Intermediate Timing Summary | WNS=0.711  | TNS=0.000  | WHS=N/A    | THS=N/A    |
INFO: [Route 35-416] Intermediate Timing Summary | WNS=0.711  | TNS=0.000  | WHS=0.010  | THS=0.000  |
INFO: [Route 35-416] Intermediate Timing Summary | WNS=0.711  | TNS=0.000  | WHS=0.010  | THS=0.000  |
[2026-04-01T03:37:49+0000] [2x2_3clz] still running...
Phase 2.4 Update Timing | Checksum: 22c92ee28
INFO: [Route 35-416] Intermediate Timing Summary | WNS=0.711  | TNS=0.000  | WHS=-0.136 | THS=-410.934|
Phase 2.5 Update Timing for Bus Skew
Phase 2.5.1 Update Timing
Phase 2.5.1 Update Timing | Checksum: 22b7efc0f
INFO: [Route 35-416] Intermediate Timing Summary | WNS=0.711  | TNS=0.000  | WHS=-0.255 | THS=-115.436|
Phase 2.5 Update Timing for Bus Skew | Checksum: 298e3c25a
INFO: [Route 35-416] Intermediate Timing Summary | WNS=0.711  | TNS=0.000  | WHS=-0.019 | THS=-0.516 |
INFO: [Route 35-416] Intermediate Timing Summary | WNS=0.711  | TNS=0.000  | WHS=N/A    | THS=N/A    |
INFO: [Route 35-416] Intermediate Timing Summary | WNS=0.711  | TNS=0.000  | WHS=0.010  | THS=0.000  |
INFO: [Route 35-416] Intermediate Timing Summary | WNS=0.711  | TNS=0.000  | WHS=0.010  | THS=0.000  |
INFO: [Route 35-416] Intermediate Timing Summary | WNS=0.711  | TNS=0.000  | WHS=0.010  | THS=0.000  |
[2026-04-01T03:39:49+0000] [2x2_3clz] still running...
Phase 2.4 Update Timing | Checksum: 22c92ee28
INFO: [Route 35-416] Intermediate Timing Summary | WNS=0.711  | TNS=0.000  | WHS=-0.136 | THS=-410.934|
Phase 2.5 Update Timing for Bus Skew
Phase 2.5.1 Update Timing
Phase 2.5.1 Update Timing | Checksum: 22b7efc0f
INFO: [Route 35-416] Intermediate Timing Summary | WNS=0.711  | TNS=0.000  | WHS=-0.255 | THS=-115.436|
Phase 2.5 Update Timing for Bus Skew | Checksum: 298e3c25a
INFO: [Route 35-416] Intermediate Timing Summary | WNS=0.711  | TNS=0.000  | WHS=-0.019 | THS=-0.516 |
INFO: [Route 35-416] Intermediate Timing Summary | WNS=0.711  | TNS=0.000  | WHS=N/A    | THS=N/A    |
INFO: [Route 35-416] Intermediate Timing Summary | WNS=0.711  | TNS=0.000  | WHS=0.010  | THS=0.000  |
INFO: [Route 35-416] Intermediate Timing Summary | WNS=0.711  | TNS=0.000  | WHS=0.010  | THS=0.000  |
INFO: [Route 35-416] Intermediate Timing Summary | WNS=0.711  | TNS=0.000  | WHS=0.010  | THS=0.000  |
[2026-04-01T03:41:49+0000] [2x2_3clz] still running...
Phase 2.4 Update Timing | Checksum: 22c92ee28
INFO: [Route 35-416] Intermediate Timing Summary | WNS=0.711  | TNS=0.000  | WHS=-0.136 | THS=-410.934|
Phase 2.5 Update Timing for Bus Skew
Phase 2.5.1 Update Timing
Phase 2.5.1 Update Timing | Checksum: 22b7efc0f
INFO: [Route 35-416] Intermediate Timing Summary | WNS=0.711  | TNS=0.000  | WHS=-0.255 | THS=-115.436|
Phase 2.5 Update Timing for Bus Skew | Checksum: 298e3c25a
INFO: [Route 35-416] Intermediate Timing Summary | WNS=0.711  | TNS=0.000  | WHS=-0.019 | THS=-0.516 |
INFO: [Route 35-416] Intermediate Timing Summary | WNS=0.711  | TNS=0.000  | WHS=N/A    | THS=N/A    |
INFO: [Route 35-416] Intermediate Timing Summary | WNS=0.711  | TNS=0.000  | WHS=0.010  | THS=0.000  |
INFO: [Route 35-416] Intermediate Timing Summary | WNS=0.711  | TNS=0.000  | WHS=0.010  | THS=0.000  |
INFO: [Route 35-416] Intermediate Timing Summary | WNS=0.711  | TNS=0.000  | WHS=0.010  | THS=0.000  |
[2026-04-01T03:43:49+0000] [2x2_3clz] still running...
INFO: [Route 35-416] Intermediate Timing Summary | WNS=0.711  | TNS=0.000  | WHS=-0.255 | THS=-115.436|
Phase 2.5 Update Timing for Bus Skew | Checksum: 298e3c25a
INFO: [Route 35-416] Intermediate Timing Summary | WNS=0.711  | TNS=0.000  | WHS=-0.019 | THS=-0.516 |
INFO: [Route 35-416] Intermediate Timing Summary | WNS=0.711  | TNS=0.000  | WHS=N/A    | THS=N/A    |
INFO: [Route 35-416] Intermediate Timing Summary | WNS=0.711  | TNS=0.000  | WHS=0.010  | THS=0.000  |
INFO: [Route 35-416] Intermediate Timing Summary | WNS=0.711  | TNS=0.000  | WHS=0.010  | THS=0.000  |
INFO: [Route 35-416] Intermediate Timing Summary | WNS=0.711  | TNS=0.000  | WHS=0.010  | THS=0.000  |
Phase 14 Post Router Timing
INFO: [Route 35-57] Estimated Timing Summary | WNS=0.711  | TNS=0.000  | WHS=0.010  | THS=0.000  |
Phase 14 Post Router Timing | Checksum: 29ffc76a4
Total Elapsed time in route_design: 4757.65 secs
INFO: [Constraints 18-12546] INFO: Running DFX DRC before completing route_design
[2026-04-01T03:45:49+0000] [2x2_3clz] still running...
INFO: [Route 35-416] Intermediate Timing Summary | WNS=0.711  | TNS=0.000  | WHS=0.010  | THS=0.000  |
INFO: [Route 35-416] Intermediate Timing Summary | WNS=0.711  | TNS=0.000  | WHS=0.010  | THS=0.000  |
INFO: [Route 35-416] Intermediate Timing Summary | WNS=0.711  | TNS=0.000  | WHS=0.010  | THS=0.000  |
Phase 14 Post Router Timing
INFO: [Route 35-57] Estimated Timing Summary | WNS=0.711  | TNS=0.000  | WHS=0.010  | THS=0.000  |
Phase 14 Post Router Timing | Checksum: 29ffc76a4
Total Elapsed time in route_design: 4757.65 secs
INFO: [Constraints 18-12546] INFO: Running DFX DRC before completing route_design
route_design completed successfully
route_design: Time (s): cpu = 01:21:07 ; elapsed = 01:21:08 . Memory (MB): peak = 13831.277 ; gain = 0.000 ; free physical = 11285 ; free virtual = 28441
## print "Writing post-route design checkpoint and report"
AWS FPGA: (03:43:55): Writing post-route design checkpoint and report
[2026-04-01T03:47:49+0000] [2x2_3clz] still running...
INFO: [Route 35-416] Intermediate Timing Summary | WNS=0.711  | TNS=0.000  | WHS=0.010  | THS=0.000  |
INFO: [Route 35-416] Intermediate Timing Summary | WNS=0.711  | TNS=0.000  | WHS=0.010  | THS=0.000  |
INFO: [Route 35-416] Intermediate Timing Summary | WNS=0.711  | TNS=0.000  | WHS=0.010  | THS=0.000  |
Phase 14 Post Router Timing
INFO: [Route 35-57] Estimated Timing Summary | WNS=0.711  | TNS=0.000  | WHS=0.010  | THS=0.000  |
Phase 14 Post Router Timing | Checksum: 29ffc76a4
Total Elapsed time in route_design: 4757.65 secs
INFO: [Constraints 18-12546] INFO: Running DFX DRC before completing route_design
route_design completed successfully
route_design: Time (s): cpu = 01:21:07 ; elapsed = 01:21:08 . Memory (MB): peak = 13831.277 ; gain = 0.000 ; free physical = 11285 ; free virtual = 28441
## print "Writing post-route design checkpoint and report"
AWS FPGA: (03:43:55): Writing post-route design checkpoint and report
[2026-04-01T03:49:50+0000] [2x2_3clz] still running...
Phase 14 Post Router Timing | Checksum: 29ffc76a4
Total Elapsed time in route_design: 4757.65 secs
INFO: [Constraints 18-12546] INFO: Running DFX DRC before completing route_design
route_design completed successfully
route_design: Time (s): cpu = 01:21:07 ; elapsed = 01:21:08 . Memory (MB): peak = 13831.277 ; gain = 0.000 ; free physical = 11285 ; free virtual = 28441
## print "Writing post-route design checkpoint and report"
AWS FPGA: (03:43:55): Writing post-route design checkpoint and report
WARNING: [Timing 38-164] This design has multiple clocks. Inter clock paths are considered valid unless explicitly excluded by timing constraints such as set_clock_groups or set_false_path.
WARNING: [Timing 38-164] This design has multiple clocks. Inter clock paths are considered valid unless explicitly excluded by timing constraints such as set_clock_groups or set_false_path.
##     write_checkpoint -force ${checkpoints_dir}/${CL}.${TAG}.post_route.VIOLATED.dcp
##     write_checkpoint -force ${checkpoints_dir}/${CL}.${TAG}.post_route.dcp
INFO: [Timing 38-480] Writing timing data to binary archive.
[2026-04-01T03:51:50+0000] [2x2_3clz] still running...
WARNING: [Timing 38-164] This design has multiple clocks. Inter clock paths are considered valid unless explicitly excluded by timing constraints such as set_clock_groups or set_false_path.
WARNING: [Timing 38-164] This design has multiple clocks. Inter clock paths are considered valid unless explicitly excluded by timing constraints such as set_clock_groups or set_false_path.
##     write_checkpoint -force ${checkpoints_dir}/${CL}.${TAG}.post_route.VIOLATED.dcp
##     write_checkpoint -force ${checkpoints_dir}/${CL}.${TAG}.post_route.dcp
INFO: [Timing 38-480] Writing timing data to binary archive.
INFO: [Common 17-1381] The checkpoint '/home/ubuntu/src/project_data/SatSwarmV2/src/aws-fpga/hdk/cl/examples/cl_satswarm/build/checkpoints/cl_satswarm.2026_04_01-004349.post_route.dcp' has been generated.
write_checkpoint: Time (s): cpu = 00:01:03 ; elapsed = 00:01:05 . Memory (MB): peak = 13831.277 ; gain = 0.000 ; free physical = 11071 ; free virtual = 28400
INFO: [Timing 38-78] ReportTimingParams: -max_paths 10 -nworst 1 -delay_type max -sort_by group.
## write_debug_probes -no_partial_ltxfile -force ${checkpoints_dir}/${TAG}.debug_probes.ltx
## print "Finished building design checkpoints for customer design ${CL}"
AWS FPGA: (03:50:36): Finished building design checkpoints for customer design cl_satswarm
efc1d40e6b4a5b16034e443b944ac38d6fba0042217488e0d933fba6acf2f20a  /home/ubuntu/src/project_data/SatSwarmV2/src/aws-fpga/hdk/cl/examples/cl_satswarm/build/checkpoints/cl_satswarm.2026_04_01-004349.post_route.dcp
Completed 1.0 MiB/173.8 MiB (14.9 MiB/s) with 1 file(s) remainingCompleted 2.0 MiB/173.8 MiB (26.0 MiB/s) with 1 file(s) remainingCompleted 3.0 MiB/173.8 MiB (37.9 MiB/s) with 1 file(s) remainingCompleted 4.0 MiB/173.8 MiB (49.6 MiB/s) with 1 file(s) remainingCompleted 5.0 MiB/173.8 MiB (61.2 MiB/s) with 1 file(s) remainingCompleted 6.0 MiB/173.8 MiB (71.9 MiB/s) with 1 file(s) remainingCompleted 7.0 MiB/173.8 MiB (82.1 MiB/s) with 1 file(s) remainingCompleted 8.0 MiB/173.8 MiB (91.6 MiB/s) with 1 file(s) remainingCompleted 9.0 MiB/173.8 MiB (78.5 MiB/s) with 1 file(s) remainingCompleted 10.0 MiB/173.8 MiB (86.0 MiB/s) with 1 file(s) remainingCompleted 11.0 MiB/173.8 MiB (94.5 MiB/s) with 1 file(s) remainingCompleted 12.0 MiB/173.8 MiB (103.1 MiB/s) with 1 file(s) remainingCompleted 13.0 MiB/173.8 MiB (107.5 MiB/s) with 1 file(s) remainingCompleted 14.0 MiB/173.8 MiB (114.3 MiB/s) with 1 file(s) remainingCompleted 15.0 MiB/173.8 MiB (122.4 MiB/s) with 1 file(s) remainingCompleted 16.0 MiB/173.8 MiB (130.5 MiB/s) with 1 file(s) remainingCompleted 17.0 MiB/173.8 MiB (117.7 MiB/s) with 1 file(s) remainingCompleted 18.0 MiB/173.8 MiB (117.7 MiB/s) with 1 file(s) remainingCompleted 19.0 MiB/173.8 MiB (122.9 MiB/s) with 1 file(s) remainingCompleted 20.0 MiB/173.8 MiB (129.3 MiB/s) with 1 file(s) remainingCompleted 21.0 MiB/173.8 MiB (134.1 MiB/s) with 1 file(s) remainingCompleted 22.0 MiB/173.8 MiB (139.4 MiB/s) with 1 file(s) remainingCompleted 23.0 MiB/173.8 MiB (144.7 MiB/s) with 1 file(s) remainingCompleted 24.0 MiB/173.8 MiB (150.8 MiB/s) with 1 file(s) remainingCompleted 25.0 MiB/173.8 MiB (156.3 MiB/s) with 1 file(s) remainingCompleted 26.0 MiB/173.8 MiB (162.5 MiB/s) with 1 file(s) remainingCompleted 27.0 MiB/173.8 MiB (166.1 MiB/s) with 1 file(s) remainingCompleted 28.0 MiB/173.8 MiB (172.1 MiB/s) with 1 file(s) remainingCompleted 29.0 MiB/173.8 MiB (176.5 MiB/s) with 1 file(s) remainingCompleted 30.0 MiB/173.8 MiB (182.4 MiB/s) with 1 file(s) remainingCompleted 31.0 MiB/173.8 MiB (188.3 MiB/s) with 1 file(s) remainingCompleted 32.0 MiB/173.8 MiB (192.6 MiB/s) with 1 file(s) remainingCompleted 33.0 MiB/173.8 MiB (198.5 MiB/s) with 1 file(s) remainingCompleted 34.0 MiB/173.8 MiB (204.5 MiB/s) with 1 file(s) remainingCompleted 35.0 MiB/173.8 MiB (208.3 MiB/s) with 1 file(s) remainingCompleted 36.0 MiB/173.8 MiB (212.5 MiB/s) with 1 file(s) remainingCompleted 37.0 MiB/173.8 MiB (218.3 MiB/s) with 1 file(s) remainingCompleted 38.0 MiB/173.8 MiB (224.1 MiB/s) with 1 file(s) remainingCompleted 39.0 MiB/173.8 MiB (227.5 MiB/s) with 1 file(s) remainingCompleted 40.0 MiB/173.8 MiB (233.0 MiB/s) with 1 file(s) remainingCompleted 41.0 MiB/173.8 MiB (238.7 MiB/s) with 1 file(s) remainingCompleted 42.0 MiB/173.8 MiB (243.6 MiB/s) with 1 file(s) remainingCompleted 43.0 MiB/173.8 MiB (249.3 MiB/s) with 1 file(s) remainingCompleted 44.0 MiB/173.8 MiB (255.0 MiB/s) with 1 file(s) remainingCompleted 45.0 MiB/173.8 MiB (257.7 MiB/s) with 1 file(s) remainingCompleted 46.0 MiB/173.8 MiB (261.5 MiB/s) with 1 file(s) remainingCompleted 47.0 MiB/173.8 MiB (266.5 MiB/s) with 1 file(s) remainingCompleted 48.0 MiB/173.8 MiB (272.0 MiB/s) with 1 file(s) remainingCompleted 49.0 MiB/173.8 MiB (276.0 MiB/s) with 1 file(s) remainingCompleted 50.0 MiB/173.8 MiB (281.1 MiB/s) with 1 file(s) remainingCompleted 51.0 MiB/173.8 MiB (285.2 MiB/s) with 1 file(s) remainingCompleted 52.0 MiB/173.8 MiB (290.5 MiB/s) with 1 file(s) remainingCompleted 53.0 MiB/173.8 MiB (295.9 MiB/s) with 1 file(s) remainingCompleted 54.0 MiB/173.8 MiB (300.6 MiB/s) with 1 file(s) remainingCompleted 55.0 MiB/173.8 MiB (303.5 MiB/s) with 1 file(s) remainingCompleted 56.0 MiB/173.8 MiB (308.1 MiB/s) with 1 file(s) remainingCompleted 57.0 MiB/173.8 MiB (312.8 MiB/s) with 1 file(s) remainingCompleted 58.0 MiB/173.8 MiB (317.2 MiB/s) with 1 file(s) remainingCompleted 59.0 MiB/173.8 MiB (322.6 MiB/s) with 1 file(s) remainingCompleted 60.0 MiB/173.8 MiB (324.6 MiB/s) with 1 file(s) remainingCompleted 61.0 MiB/173.8 MiB (329.2 MiB/s) with 1 file(s) remainingCompleted 62.0 MiB/173.8 MiB (333.1 MiB/s) with 1 file(s) remainingCompleted 63.0 MiB/173.8 MiB (338.1 MiB/s) with 1 file(s) remainingCompleted 64.0 MiB/173.8 MiB (339.2 MiB/s) with 1 file(s) remainingCompleted 65.0 MiB/173.8 MiB (344.4 MiB/s) with 1 file(s) remainingCompleted 66.0 MiB/173.8 MiB (348.8 MiB/s) with 1 file(s) remainingCompleted 67.0 MiB/173.8 MiB (351.0 MiB/s) with 1 file(s) remainingCompleted 68.0 MiB/173.8 MiB (352.9 MiB/s) with 1 file(s) remainingCompleted 69.0 MiB/173.8 MiB (357.4 MiB/s) with 1 file(s) remainingCompleted 70.0 MiB/173.8 MiB (360.3 MiB/s) with 1 file(s) remainingCompleted 71.0 MiB/173.8 MiB (359.6 MiB/s) with 1 file(s) remainingCompleted 72.0 MiB/173.8 MiB (355.9 MiB/s) with 1 file(s) remainingCompleted 73.0 MiB/173.8 MiB (351.9 MiB/s) with 1 file(s) remainingCompleted 74.0 MiB/173.8 MiB (355.3 MiB/s) with 1 file(s) remainingCompleted 75.0 MiB/173.8 MiB (354.4 MiB/s) with 1 file(s) remainingCompleted 76.0 MiB/173.8 MiB (356.4 MiB/s) with 1 file(s) remainingCompleted 77.0 MiB/173.8 MiB (356.8 MiB/s) with 1 file(s) remainingCompleted 78.0 MiB/173.8 MiB (360.7 MiB/s) with 1 file(s) remainingCompleted 79.0 MiB/173.8 MiB (361.7 MiB/s) with 1 file(s) remainingCompleted 80.0 MiB/173.8 MiB (349.2 MiB/s) with 1 file(s) remainingCompleted 81.0 MiB/173.8 MiB (351.3 MiB/s) with 1 file(s) remainingCompleted 82.0 MiB/173.8 MiB (353.9 MiB/s) with 1 file(s) remainingCompleted 83.0 MiB/173.8 MiB (356.7 MiB/s) with 1 file(s) remainingCompleted 84.0 MiB/173.8 MiB (357.1 MiB/s) with 1 file(s) remainingCompleted 85.0 MiB/173.8 MiB (356.1 MiB/s) with 1 file(s) remainingCompleted 86.0 MiB/173.8 MiB (359.1 MiB/s) with 1 file(s) remainingCompleted 87.0 MiB/173.8 MiB (356.9 MiB/s) with 1 file(s) remainingCompleted 88.0 MiB/173.8 MiB (359.9 MiB/s) with 1 file(s) remainingCompleted 89.0 MiB/173.8 MiB (360.7 MiB/s) with 1 file(s) remainingCompleted 90.0 MiB/173.8 MiB (355.0 MiB/s) with 1 file(s) remainingCompleted 91.0 MiB/173.8 MiB (356.1 MiB/s) with 1 file(s) remainingCompleted 92.0 MiB/173.8 MiB (358.1 MiB/s) with 1 file(s) remainingCompleted 93.0 MiB/173.8 MiB (360.3 MiB/s) with 1 file(s) remainingCompleted 94.0 MiB/173.8 MiB (363.2 MiB/s) with 1 file(s) remainingCompleted 95.0 MiB/173.8 MiB (365.8 MiB/s) with 1 file(s) remainingCompleted 96.0 MiB/173.8 MiB (369.0 MiB/s) with 1 file(s) remainingCompleted 97.0 MiB/173.8 MiB (372.4 MiB/s) with 1 file(s) remainingCompleted 98.0 MiB/173.8 MiB (374.4 MiB/s) with 1 file(s) remainingCompleted 99.0 MiB/173.8 MiB (376.4 MiB/s) with 1 file(s) remainingCompleted 100.0 MiB/173.8 MiB (379.5 MiB/s) with 1 file(s) remainingCompleted 101.0 MiB/173.8 MiB (381.9 MiB/s) with 1 file(s) remainingCompleted 102.0 MiB/173.8 MiB (385.0 MiB/s) with 1 file(s) remainingCompleted 103.0 MiB/173.8 MiB (387.0 MiB/s) with 1 file(s) remainingCompleted 104.0 MiB/173.8 MiB (389.3 MiB/s) with 1 file(s) remainingCompleted 105.0 MiB/173.8 MiB (391.2 MiB/s) with 1 file(s) remainingCompleted 106.0 MiB/173.8 MiB (391.6 MiB/s) with 1 file(s) remainingCompleted 107.0 MiB/173.8 MiB (390.8 MiB/s) with 1 file(s) remainingCompleted 108.0 MiB/173.8 MiB (393.4 MiB/s) with 1 file(s) remainingCompleted 109.0 MiB/173.8 MiB (394.5 MiB/s) with 1 file(s) remainingCompleted 110.0 MiB/173.8 MiB (396.2 MiB/s) with 1 file(s) remainingCompleted 111.0 MiB/173.8 MiB (398.0 MiB/s) with 1 file(s) remainingCompleted 112.0 MiB/173.8 MiB (389.0 MiB/s) with 1 file(s) remainingCompleted 113.0 MiB/173.8 MiB (388.0 MiB/s) with 1 file(s) remainingCompleted 114.0 MiB/173.8 MiB (390.5 MiB/s) with 1 file(s) remainingCompleted 115.0 MiB/173.8 MiB (388.9 MiB/s) with 1 file(s) remainingCompleted 116.0 MiB/173.8 MiB (392.2 MiB/s) with 1 file(s) remainingCompleted 117.0 MiB/173.8 MiB (394.0 MiB/s) with 1 file(s) remainingCompleted 118.0 MiB/173.8 MiB (397.2 MiB/s) with 1 file(s) remainingCompleted 119.0 MiB/173.8 MiB (397.8 MiB/s) with 1 file(s) remainingCompleted 120.0 MiB/173.8 MiB (399.6 MiB/s) with 1 file(s) remainingCompleted 121.0 MiB/173.8 MiB (402.9 MiB/s) with 1 file(s) remainingCompleted 122.0 MiB/173.8 MiB (404.7 MiB/s) with 1 file(s) remainingCompleted 123.0 MiB/173.8 MiB (405.6 MiB/s) with 1 file(s) remainingCompleted 124.0 MiB/173.8 MiB (406.6 MiB/s) with 1 file(s) remainingCompleted 125.0 MiB/173.8 MiB (408.3 MiB/s) with 1 file(s) remainingCompleted 126.0 MiB/173.8 MiB (411.1 MiB/s) with 1 file(s) remainingCompleted 127.0 MiB/173.8 MiB (413.5 MiB/s) with 1 file(s) remainingCompleted 128.0 MiB/173.8 MiB (414.1 MiB/s) with 1 file(s) remainingCompleted 129.0 MiB/173.8 MiB (416.7 MiB/s) with 1 file(s) remainingCompleted 130.0 MiB/173.8 MiB (417.0 MiB/s) with 1 file(s) remainingCompleted 131.0 MiB/173.8 MiB (419.7 MiB/s) with 1 file(s) remainingCompleted 132.0 MiB/173.8 MiB (421.2 MiB/s) with 1 file(s) remainingCompleted 133.0 MiB/173.8 MiB (421.7 MiB/s) with 1 file(s) remainingCompleted 134.0 MiB/173.8 MiB (423.9 MiB/s) with 1 file(s) remainingCompleted 135.0 MiB/173.8 MiB (426.4 MiB/s) with 1 file(s) remainingCompleted 136.0 MiB/173.8 MiB (428.6 MiB/s) with 1 file(s) remainingCompleted 137.0 MiB/173.8 MiB (431.0 MiB/s) with 1 file(s) remainingCompleted 138.0 MiB/173.8 MiB (432.6 MiB/s) with 1 file(s) remainingCompleted 139.0 MiB/173.8 MiB (435.0 MiB/s) with 1 file(s) remainingCompleted 140.0 MiB/173.8 MiB (436.5 MiB/s) with 1 file(s) remainingCompleted 141.0 MiB/173.8 MiB (437.8 MiB/s) with 1 file(s) remainingCompleted 142.0 MiB/173.8 MiB (412.3 MiB/s) with 1 file(s) remainingCompleted 143.0 MiB/173.8 MiB (398.0 MiB/s) with 1 file(s) remainingCompleted 144.0 MiB/173.8 MiB (398.5 MiB/s) with 1 file(s) remainingCompleted 145.0 MiB/173.8 MiB (399.9 MiB/s) with 1 file(s) remainingCompleted 146.0 MiB/173.8 MiB (402.0 MiB/s) with 1 file(s) remainingCompleted 147.0 MiB/173.8 MiB (403.3 MiB/s) with 1 file(s) remainingCompleted 148.0 MiB/173.8 MiB (405.5 MiB/s) with 1 file(s) remainingCompleted 149.0 MiB/173.8 MiB (404.7 MiB/s) with 1 file(s) remainingCompleted 150.0 MiB/173.8 MiB (404.8 MiB/s) with 1 file(s) remainingCompleted 151.0 MiB/173.8 MiB (405.9 MiB/s) with 1 file(s) remainingCompleted 152.0 MiB/173.8 MiB (407.1 MiB/s) with 1 file(s) remainingCompleted 153.0 MiB/173.8 MiB (405.7 MiB/s) with 1 file(s) remainingCompleted 154.0 MiB/173.8 MiB (407.3 MiB/s) with 1 file(s) remainingCompleted 155.0 MiB/173.8 MiB (408.9 MiB/s) with 1 file(s) remainingCompleted 156.0 MiB/173.8 MiB (410.5 MiB/s) with 1 file(s) remainingCompleted 157.0 MiB/173.8 MiB (405.1 MiB/s) with 1 file(s) remainingCompleted 158.0 MiB/173.8 MiB (407.3 MiB/s) with 1 file(s) remainingCompleted 159.0 MiB/173.8 MiB (409.8 MiB/s) with 1 file(s) remainingCompleted 160.0 MiB/173.8 MiB (409.1 MiB/s) with 1 file(s) remainingCompleted 161.0 MiB/173.8 MiB (410.8 MiB/s) with 1 file(s) remainingCompleted 162.0 MiB/173.8 MiB (412.7 MiB/s) with 1 file(s) remainingCompleted 163.0 MiB/173.8 MiB (414.3 MiB/s) with 1 file(s) remainingCompleted 164.0 MiB/173.8 MiB (416.5 MiB/s) with 1 file(s) remainingCompleted 165.0 MiB/173.8 MiB (418.0 MiB/s) with 1 file(s) remainingCompleted 166.0 MiB/173.8 MiB (420.4 MiB/s) with 1 file(s) remainingCompleted 167.0 MiB/173.8 MiB (421.5 MiB/s) with 1 file(s) remainingCompleted 168.0 MiB/173.8 MiB (423.3 MiB/s) with 1 file(s) remainingCompleted 169.0 MiB/173.8 MiB (422.0 MiB/s) with 1 file(s) remainingCompleted 170.0 MiB/173.8 MiB (423.3 MiB/s) with 1 file(s) remainingCompleted 171.0 MiB/173.8 MiB (423.5 MiB/s) with 1 file(s) remainingCompleted 172.0 MiB/173.8 MiB (424.5 MiB/s) with 1 file(s) remainingCompleted 173.0 MiB/173.8 MiB (425.7 MiB/s) with 1 file(s) remainingCompleted 173.8 MiB/173.8 MiB (427.1 MiB/s) with 1 file(s) remainingupload: ../src/aws-fpga/hdk/cl/examples/cl_satswarm/build/checkpoints/2026_04_01-004349.Developer_CL.tar to s3://satswarm-v2-afi-624824941978/dcp/2026_04_01-004349.Developer_CL.tar
=== [2x2_3clz] ok ===
log: /home/ubuntu/src/project_data/SatSwarmV2/deploy/logs/grid_sharing_20260331_144138/build_2x2_3clz_20260401_004349.log
latest tar: /home/ubuntu/src/project_data/SatSwarmV2/src/aws-fpga/hdk/cl/examples/cl_satswarm/build/checkpoints/2026_04_01-004349.Developer_CL.tar
afi submitted: afi-0d0c6789a8312fe2e (agfi-0a0bef585e35a4855)
afi json: /home/ubuntu/src/project_data/SatSwarmV2/deploy/logs/grid_sharing_20260331_144138/afi_create_2x2_3clz_20260401_004349.json

=== [3x3_3clz] apply params ===
--- Current parameter snapshot ---
cl_satswarm: 23:    parameter int GRID_X               = 3,
cl_satswarm: 24:    parameter int GRID_Y               = 3,
cl_satswarm: 26:    parameter int MAX_CLAUSES_PER_CORE = 2048,
cl_satswarm: 27:    parameter int MAX_LITS             = 8192
bridge: 19:    parameter int GRID_X              = 3,
bridge: 20:    parameter int GRID_Y              = 3,
bridge: 22:    parameter int MAX_CLAUSES_PER_CORE= 2048,
bridge: 23:    parameter int MAX_LITS            = 8192
satswarm_top: 3:    parameter int GRID_X = 3,
satswarm_top: 4:    parameter int GRID_Y = 3,
satswarm_top: 6:    parameter int MAX_CLAUSES_PER_CORE = 2048,
satswarm_top: 7:    parameter int MAX_LITS = 8192,
satswarm_top: 9:    parameter int CLAUSE_SHARING_MODE = 2,
satswarm_top: 10:    parameter int SHARE_MAX_LEN = 3
satswarm_top: 205:                    .CLAUSE_SHARING_MODE(CLAUSE_SHARING_MODE),
satswarm_top: 206:                    .SHARE_MAX_LEN(SHARE_MAX_LEN)
pkg: 15:  parameter int GRID_X         = 3;    // 1x1 grid
pkg: 16:  parameter int GRID_Y         = 3;
mesh: 4:    parameter int GRID_X = 3,
mesh: 5:    parameter int GRID_Y = 3
=== [3x3_3clz] launch BuildAll (speed-focused directives) ===
[3x3_3clz] pid=91862 log=/home/ubuntu/src/project_data/SatSwarmV2/deploy/logs/grid_sharing_20260331_144138/build_3x3_3clz_20260401_035153.log
[2026-04-01T03:53:53+0000] [3x3_3clz] still running...
INFO: [Timing 38-2] Deriving generated clocks
CRITICAL WARNING: [Designutils 20-1280] Could not find module 'cl_ddr4'. The XDC file /home/ubuntu/src/project_data/SatSwarmV2/src/aws-fpga/hdk/common/ip/cl_ip/cl_ip.gen/sources_1/ip/cl_ddr4/cl_ddr4_board.xdc will not be read for any cell of this module.
CRITICAL WARNING: [Designutils 20-1280] Could not find module 'clk_mmcm_a'. The XDC file /home/ubuntu/src/project_data/SatSwarmV2/src/aws-fpga/hdk/common/ip/cl_ip/cl_ip.gen/sources_1/ip/clk_mmcm_a/clk_mmcm_a_late.xdc will not be read for any cell of this module.
CRITICAL WARNING: [Designutils 20-1280] Could not find module 'clk_mmcm_b'. The XDC file /home/ubuntu/src/project_data/SatSwarmV2/src/aws-fpga/hdk/common/ip/cl_ip/cl_ip.gen/sources_1/ip/clk_mmcm_b/clk_mmcm_b_late.xdc will not be read for any cell of this module.
CRITICAL WARNING: [Designutils 20-1280] Could not find module 'clk_mmcm_c'. The XDC file /home/ubuntu/src/project_data/SatSwarmV2/src/aws-fpga/hdk/common/ip/cl_ip/cl_ip.gen/sources_1/ip/clk_mmcm_c/clk_mmcm_c_late.xdc will not be read for any cell of this module.
CRITICAL WARNING: [Designutils 20-1280] Could not find module 'clk_mmcm_hbm'. The XDC file /home/ubuntu/src/project_data/SatSwarmV2/src/aws-fpga/hdk/common/ip/cl_ip/cl_ip.gen/sources_1/ip/clk_mmcm_hbm/clk_mmcm_hbm_late.xdc will not be read for any cell of this module.
CRITICAL WARNING: [Designutils 20-1280] Could not find module 'axi_register_slice'. The XDC file /home/ubuntu/src/project_data/SatSwarmV2/src/aws-fpga/hdk/common/ip/cl_ip/cl_ip.gen/sources_1/ip/axi_register_slice/axi_register_slice_clocks.xdc will not be read for any cell of this module.
CRITICAL WARNING: [Designutils 20-1280] Could not find module 'axi_register_slice_light'. The XDC file /home/ubuntu/src/project_data/SatSwarmV2/src/aws-fpga/hdk/common/ip/cl_ip/cl_ip.gen/sources_1/ip/axi_register_slice_light/axi_register_slice_light_clocks.xdc will not be read for any cell of this module.
CRITICAL WARNING: [Designutils 20-1280] Could not find module 'cl_axi3_256b_reg_slice'. The XDC file /home/ubuntu/src/project_data/SatSwarmV2/src/aws-fpga/hdk/common/ip/cl_ip/cl_ip.gen/sources_1/ip/cl_axi3_256b_reg_slice/cl_axi3_256b_reg_slice_clocks.xdc will not be read for any cell of this module.
CRITICAL WARNING: [Designutils 20-1280] Could not find module 'cl_axi_register_slice'. The XDC file /home/ubuntu/src/project_data/SatSwarmV2/src/aws-fpga/hdk/common/ip/cl_ip/cl_ip.gen/sources_1/ip/cl_axi_register_slice/cl_axi_register_slice_clocks.xdc will not be read for any cell of this module.
Start Loading Part and Timing Information
Finished Loading Part and Timing Information : Time (s): cpu = 00:01:34 ; elapsed = 00:01:36 . Memory (MB): peak = 5385.801 ; gain = 2446.215 ; free physical = 18401 ; free virtual = 35909
[2026-04-01T03:55:53+0000] [3x3_3clz] still running...
INFO: [Timing 38-2] Deriving generated clocks
CRITICAL WARNING: [Designutils 20-1280] Could not find module 'cl_ddr4'. The XDC file /home/ubuntu/src/project_data/SatSwarmV2/src/aws-fpga/hdk/common/ip/cl_ip/cl_ip.gen/sources_1/ip/cl_ddr4/cl_ddr4_board.xdc will not be read for any cell of this module.
CRITICAL WARNING: [Designutils 20-1280] Could not find module 'clk_mmcm_a'. The XDC file /home/ubuntu/src/project_data/SatSwarmV2/src/aws-fpga/hdk/common/ip/cl_ip/cl_ip.gen/sources_1/ip/clk_mmcm_a/clk_mmcm_a_late.xdc will not be read for any cell of this module.
CRITICAL WARNING: [Designutils 20-1280] Could not find module 'clk_mmcm_b'. The XDC file /home/ubuntu/src/project_data/SatSwarmV2/src/aws-fpga/hdk/common/ip/cl_ip/cl_ip.gen/sources_1/ip/clk_mmcm_b/clk_mmcm_b_late.xdc will not be read for any cell of this module.
CRITICAL WARNING: [Designutils 20-1280] Could not find module 'clk_mmcm_c'. The XDC file /home/ubuntu/src/project_data/SatSwarmV2/src/aws-fpga/hdk/common/ip/cl_ip/cl_ip.gen/sources_1/ip/clk_mmcm_c/clk_mmcm_c_late.xdc will not be read for any cell of this module.
CRITICAL WARNING: [Designutils 20-1280] Could not find module 'clk_mmcm_hbm'. The XDC file /home/ubuntu/src/project_data/SatSwarmV2/src/aws-fpga/hdk/common/ip/cl_ip/cl_ip.gen/sources_1/ip/clk_mmcm_hbm/clk_mmcm_hbm_late.xdc will not be read for any cell of this module.
CRITICAL WARNING: [Designutils 20-1280] Could not find module 'axi_register_slice'. The XDC file /home/ubuntu/src/project_data/SatSwarmV2/src/aws-fpga/hdk/common/ip/cl_ip/cl_ip.gen/sources_1/ip/axi_register_slice/axi_register_slice_clocks.xdc will not be read for any cell of this module.
CRITICAL WARNING: [Designutils 20-1280] Could not find module 'axi_register_slice_light'. The XDC file /home/ubuntu/src/project_data/SatSwarmV2/src/aws-fpga/hdk/common/ip/cl_ip/cl_ip.gen/sources_1/ip/axi_register_slice_light/axi_register_slice_light_clocks.xdc will not be read for any cell of this module.
CRITICAL WARNING: [Designutils 20-1280] Could not find module 'cl_axi3_256b_reg_slice'. The XDC file /home/ubuntu/src/project_data/SatSwarmV2/src/aws-fpga/hdk/common/ip/cl_ip/cl_ip.gen/sources_1/ip/cl_axi3_256b_reg_slice/cl_axi3_256b_reg_slice_clocks.xdc will not be read for any cell of this module.
CRITICAL WARNING: [Designutils 20-1280] Could not find module 'cl_axi_register_slice'. The XDC file /home/ubuntu/src/project_data/SatSwarmV2/src/aws-fpga/hdk/common/ip/cl_ip/cl_ip.gen/sources_1/ip/cl_axi_register_slice/cl_axi_register_slice_clocks.xdc will not be read for any cell of this module.
Start Loading Part and Timing Information
Finished Loading Part and Timing Information : Time (s): cpu = 00:01:34 ; elapsed = 00:01:36 . Memory (MB): peak = 5385.801 ; gain = 2446.215 ; free physical = 18401 ; free virtual = 35909
[2026-04-01T03:57:53+0000] [3x3_3clz] still running...
INFO: [Timing 38-2] Deriving generated clocks
CRITICAL WARNING: [Designutils 20-1280] Could not find module 'cl_ddr4'. The XDC file /home/ubuntu/src/project_data/SatSwarmV2/src/aws-fpga/hdk/common/ip/cl_ip/cl_ip.gen/sources_1/ip/cl_ddr4/cl_ddr4_board.xdc will not be read for any cell of this module.
CRITICAL WARNING: [Designutils 20-1280] Could not find module 'clk_mmcm_a'. The XDC file /home/ubuntu/src/project_data/SatSwarmV2/src/aws-fpga/hdk/common/ip/cl_ip/cl_ip.gen/sources_1/ip/clk_mmcm_a/clk_mmcm_a_late.xdc will not be read for any cell of this module.
CRITICAL WARNING: [Designutils 20-1280] Could not find module 'clk_mmcm_b'. The XDC file /home/ubuntu/src/project_data/SatSwarmV2/src/aws-fpga/hdk/common/ip/cl_ip/cl_ip.gen/sources_1/ip/clk_mmcm_b/clk_mmcm_b_late.xdc will not be read for any cell of this module.
CRITICAL WARNING: [Designutils 20-1280] Could not find module 'clk_mmcm_c'. The XDC file /home/ubuntu/src/project_data/SatSwarmV2/src/aws-fpga/hdk/common/ip/cl_ip/cl_ip.gen/sources_1/ip/clk_mmcm_c/clk_mmcm_c_late.xdc will not be read for any cell of this module.
CRITICAL WARNING: [Designutils 20-1280] Could not find module 'clk_mmcm_hbm'. The XDC file /home/ubuntu/src/project_data/SatSwarmV2/src/aws-fpga/hdk/common/ip/cl_ip/cl_ip.gen/sources_1/ip/clk_mmcm_hbm/clk_mmcm_hbm_late.xdc will not be read for any cell of this module.
CRITICAL WARNING: [Designutils 20-1280] Could not find module 'axi_register_slice'. The XDC file /home/ubuntu/src/project_data/SatSwarmV2/src/aws-fpga/hdk/common/ip/cl_ip/cl_ip.gen/sources_1/ip/axi_register_slice/axi_register_slice_clocks.xdc will not be read for any cell of this module.
CRITICAL WARNING: [Designutils 20-1280] Could not find module 'axi_register_slice_light'. The XDC file /home/ubuntu/src/project_data/SatSwarmV2/src/aws-fpga/hdk/common/ip/cl_ip/cl_ip.gen/sources_1/ip/axi_register_slice_light/axi_register_slice_light_clocks.xdc will not be read for any cell of this module.
CRITICAL WARNING: [Designutils 20-1280] Could not find module 'cl_axi3_256b_reg_slice'. The XDC file /home/ubuntu/src/project_data/SatSwarmV2/src/aws-fpga/hdk/common/ip/cl_ip/cl_ip.gen/sources_1/ip/cl_axi3_256b_reg_slice/cl_axi3_256b_reg_slice_clocks.xdc will not be read for any cell of this module.
CRITICAL WARNING: [Designutils 20-1280] Could not find module 'cl_axi_register_slice'. The XDC file /home/ubuntu/src/project_data/SatSwarmV2/src/aws-fpga/hdk/common/ip/cl_ip/cl_ip.gen/sources_1/ip/cl_axi_register_slice/cl_axi_register_slice_clocks.xdc will not be read for any cell of this module.
Start Loading Part and Timing Information
Finished Loading Part and Timing Information : Time (s): cpu = 00:01:34 ; elapsed = 00:01:36 . Memory (MB): peak = 5385.801 ; gain = 2446.215 ; free physical = 18401 ; free virtual = 35909
[2026-04-01T03:59:53+0000] [3x3_3clz] still running...
CRITICAL WARNING: [Designutils 20-1280] Could not find module 'clk_mmcm_a'. The XDC file /home/ubuntu/src/project_data/SatSwarmV2/src/aws-fpga/hdk/common/ip/cl_ip/cl_ip.gen/sources_1/ip/clk_mmcm_a/clk_mmcm_a_late.xdc will not be read for any cell of this module.
CRITICAL WARNING: [Designutils 20-1280] Could not find module 'clk_mmcm_b'. The XDC file /home/ubuntu/src/project_data/SatSwarmV2/src/aws-fpga/hdk/common/ip/cl_ip/cl_ip.gen/sources_1/ip/clk_mmcm_b/clk_mmcm_b_late.xdc will not be read for any cell of this module.
CRITICAL WARNING: [Designutils 20-1280] Could not find module 'clk_mmcm_c'. The XDC file /home/ubuntu/src/project_data/SatSwarmV2/src/aws-fpga/hdk/common/ip/cl_ip/cl_ip.gen/sources_1/ip/clk_mmcm_c/clk_mmcm_c_late.xdc will not be read for any cell of this module.
CRITICAL WARNING: [Designutils 20-1280] Could not find module 'clk_mmcm_hbm'. The XDC file /home/ubuntu/src/project_data/SatSwarmV2/src/aws-fpga/hdk/common/ip/cl_ip/cl_ip.gen/sources_1/ip/clk_mmcm_hbm/clk_mmcm_hbm_late.xdc will not be read for any cell of this module.
CRITICAL WARNING: [Designutils 20-1280] Could not find module 'axi_register_slice'. The XDC file /home/ubuntu/src/project_data/SatSwarmV2/src/aws-fpga/hdk/common/ip/cl_ip/cl_ip.gen/sources_1/ip/axi_register_slice/axi_register_slice_clocks.xdc will not be read for any cell of this module.
CRITICAL WARNING: [Designutils 20-1280] Could not find module 'axi_register_slice_light'. The XDC file /home/ubuntu/src/project_data/SatSwarmV2/src/aws-fpga/hdk/common/ip/cl_ip/cl_ip.gen/sources_1/ip/axi_register_slice_light/axi_register_slice_light_clocks.xdc will not be read for any cell of this module.
CRITICAL WARNING: [Designutils 20-1280] Could not find module 'cl_axi3_256b_reg_slice'. The XDC file /home/ubuntu/src/project_data/SatSwarmV2/src/aws-fpga/hdk/common/ip/cl_ip/cl_ip.gen/sources_1/ip/cl_axi3_256b_reg_slice/cl_axi3_256b_reg_slice_clocks.xdc will not be read for any cell of this module.
CRITICAL WARNING: [Designutils 20-1280] Could not find module 'cl_axi_register_slice'. The XDC file /home/ubuntu/src/project_data/SatSwarmV2/src/aws-fpga/hdk/common/ip/cl_ip/cl_ip.gen/sources_1/ip/cl_axi_register_slice/cl_axi_register_slice_clocks.xdc will not be read for any cell of this module.
Start Loading Part and Timing Information
Finished Loading Part and Timing Information : Time (s): cpu = 00:01:34 ; elapsed = 00:01:36 . Memory (MB): peak = 5385.801 ; gain = 2446.215 ; free physical = 18401 ; free virtual = 35909
Start Applying XDC Timing Constraints
Finished Applying XDC Timing Constraints : Time (s): cpu = 00:05:09 ; elapsed = 00:05:43 . Memory (MB): peak = 5417.586 ; gain = 2478.000 ; free physical = 16685 ; free virtual = 34220
[2026-04-01T04:01:53+0000] [3x3_3clz] still running...
CRITICAL WARNING: [Designutils 20-1280] Could not find module 'clk_mmcm_a'. The XDC file /home/ubuntu/src/project_data/SatSwarmV2/src/aws-fpga/hdk/common/ip/cl_ip/cl_ip.gen/sources_1/ip/clk_mmcm_a/clk_mmcm_a_late.xdc will not be read for any cell of this module.
CRITICAL WARNING: [Designutils 20-1280] Could not find module 'clk_mmcm_b'. The XDC file /home/ubuntu/src/project_data/SatSwarmV2/src/aws-fpga/hdk/common/ip/cl_ip/cl_ip.gen/sources_1/ip/clk_mmcm_b/clk_mmcm_b_late.xdc will not be read for any cell of this module.
CRITICAL WARNING: [Designutils 20-1280] Could not find module 'clk_mmcm_c'. The XDC file /home/ubuntu/src/project_data/SatSwarmV2/src/aws-fpga/hdk/common/ip/cl_ip/cl_ip.gen/sources_1/ip/clk_mmcm_c/clk_mmcm_c_late.xdc will not be read for any cell of this module.
CRITICAL WARNING: [Designutils 20-1280] Could not find module 'clk_mmcm_hbm'. The XDC file /home/ubuntu/src/project_data/SatSwarmV2/src/aws-fpga/hdk/common/ip/cl_ip/cl_ip.gen/sources_1/ip/clk_mmcm_hbm/clk_mmcm_hbm_late.xdc will not be read for any cell of this module.
CRITICAL WARNING: [Designutils 20-1280] Could not find module 'axi_register_slice'. The XDC file /home/ubuntu/src/project_data/SatSwarmV2/src/aws-fpga/hdk/common/ip/cl_ip/cl_ip.gen/sources_1/ip/axi_register_slice/axi_register_slice_clocks.xdc will not be read for any cell of this module.
CRITICAL WARNING: [Designutils 20-1280] Could not find module 'axi_register_slice_light'. The XDC file /home/ubuntu/src/project_data/SatSwarmV2/src/aws-fpga/hdk/common/ip/cl_ip/cl_ip.gen/sources_1/ip/axi_register_slice_light/axi_register_slice_light_clocks.xdc will not be read for any cell of this module.
CRITICAL WARNING: [Designutils 20-1280] Could not find module 'cl_axi3_256b_reg_slice'. The XDC file /home/ubuntu/src/project_data/SatSwarmV2/src/aws-fpga/hdk/common/ip/cl_ip/cl_ip.gen/sources_1/ip/cl_axi3_256b_reg_slice/cl_axi3_256b_reg_slice_clocks.xdc will not be read for any cell of this module.
CRITICAL WARNING: [Designutils 20-1280] Could not find module 'cl_axi_register_slice'. The XDC file /home/ubuntu/src/project_data/SatSwarmV2/src/aws-fpga/hdk/common/ip/cl_ip/cl_ip.gen/sources_1/ip/cl_axi_register_slice/cl_axi_register_slice_clocks.xdc will not be read for any cell of this module.
Start Loading Part and Timing Information
Finished Loading Part and Timing Information : Time (s): cpu = 00:01:34 ; elapsed = 00:01:36 . Memory (MB): peak = 5385.801 ; gain = 2446.215 ; free physical = 18401 ; free virtual = 35909
Start Applying XDC Timing Constraints
Finished Applying XDC Timing Constraints : Time (s): cpu = 00:05:09 ; elapsed = 00:05:43 . Memory (MB): peak = 5417.586 ; gain = 2478.000 ; free physical = 16685 ; free virtual = 34220
[2026-04-01T04:03:53+0000] [3x3_3clz] still running...
CRITICAL WARNING: [Designutils 20-1280] Could not find module 'clk_mmcm_a'. The XDC file /home/ubuntu/src/project_data/SatSwarmV2/src/aws-fpga/hdk/common/ip/cl_ip/cl_ip.gen/sources_1/ip/clk_mmcm_a/clk_mmcm_a_late.xdc will not be read for any cell of this module.
CRITICAL WARNING: [Designutils 20-1280] Could not find module 'clk_mmcm_b'. The XDC file /home/ubuntu/src/project_data/SatSwarmV2/src/aws-fpga/hdk/common/ip/cl_ip/cl_ip.gen/sources_1/ip/clk_mmcm_b/clk_mmcm_b_late.xdc will not be read for any cell of this module.
CRITICAL WARNING: [Designutils 20-1280] Could not find module 'clk_mmcm_c'. The XDC file /home/ubuntu/src/project_data/SatSwarmV2/src/aws-fpga/hdk/common/ip/cl_ip/cl_ip.gen/sources_1/ip/clk_mmcm_c/clk_mmcm_c_late.xdc will not be read for any cell of this module.
CRITICAL WARNING: [Designutils 20-1280] Could not find module 'clk_mmcm_hbm'. The XDC file /home/ubuntu/src/project_data/SatSwarmV2/src/aws-fpga/hdk/common/ip/cl_ip/cl_ip.gen/sources_1/ip/clk_mmcm_hbm/clk_mmcm_hbm_late.xdc will not be read for any cell of this module.
CRITICAL WARNING: [Designutils 20-1280] Could not find module 'axi_register_slice'. The XDC file /home/ubuntu/src/project_data/SatSwarmV2/src/aws-fpga/hdk/common/ip/cl_ip/cl_ip.gen/sources_1/ip/axi_register_slice/axi_register_slice_clocks.xdc will not be read for any cell of this module.
CRITICAL WARNING: [Designutils 20-1280] Could not find module 'axi_register_slice_light'. The XDC file /home/ubuntu/src/project_data/SatSwarmV2/src/aws-fpga/hdk/common/ip/cl_ip/cl_ip.gen/sources_1/ip/axi_register_slice_light/axi_register_slice_light_clocks.xdc will not be read for any cell of this module.
CRITICAL WARNING: [Designutils 20-1280] Could not find module 'cl_axi3_256b_reg_slice'. The XDC file /home/ubuntu/src/project_data/SatSwarmV2/src/aws-fpga/hdk/common/ip/cl_ip/cl_ip.gen/sources_1/ip/cl_axi3_256b_reg_slice/cl_axi3_256b_reg_slice_clocks.xdc will not be read for any cell of this module.
CRITICAL WARNING: [Designutils 20-1280] Could not find module 'cl_axi_register_slice'. The XDC file /home/ubuntu/src/project_data/SatSwarmV2/src/aws-fpga/hdk/common/ip/cl_ip/cl_ip.gen/sources_1/ip/cl_axi_register_slice/cl_axi_register_slice_clocks.xdc will not be read for any cell of this module.
Start Loading Part and Timing Information
Finished Loading Part and Timing Information : Time (s): cpu = 00:01:34 ; elapsed = 00:01:36 . Memory (MB): peak = 5385.801 ; gain = 2446.215 ; free physical = 18401 ; free virtual = 35909
Start Applying XDC Timing Constraints
Finished Applying XDC Timing Constraints : Time (s): cpu = 00:05:09 ; elapsed = 00:05:43 . Memory (MB): peak = 5417.586 ; gain = 2478.000 ; free physical = 16685 ; free virtual = 34220
[2026-04-01T04:05:53+0000] [3x3_3clz] still running...
CRITICAL WARNING: [Designutils 20-1280] Could not find module 'clk_mmcm_a'. The XDC file /home/ubuntu/src/project_data/SatSwarmV2/src/aws-fpga/hdk/common/ip/cl_ip/cl_ip.gen/sources_1/ip/clk_mmcm_a/clk_mmcm_a_late.xdc will not be read for any cell of this module.
CRITICAL WARNING: [Designutils 20-1280] Could not find module 'clk_mmcm_b'. The XDC file /home/ubuntu/src/project_data/SatSwarmV2/src/aws-fpga/hdk/common/ip/cl_ip/cl_ip.gen/sources_1/ip/clk_mmcm_b/clk_mmcm_b_late.xdc will not be read for any cell of this module.
CRITICAL WARNING: [Designutils 20-1280] Could not find module 'clk_mmcm_c'. The XDC file /home/ubuntu/src/project_data/SatSwarmV2/src/aws-fpga/hdk/common/ip/cl_ip/cl_ip.gen/sources_1/ip/clk_mmcm_c/clk_mmcm_c_late.xdc will not be read for any cell of this module.
CRITICAL WARNING: [Designutils 20-1280] Could not find module 'clk_mmcm_hbm'. The XDC file /home/ubuntu/src/project_data/SatSwarmV2/src/aws-fpga/hdk/common/ip/cl_ip/cl_ip.gen/sources_1/ip/clk_mmcm_hbm/clk_mmcm_hbm_late.xdc will not be read for any cell of this module.
CRITICAL WARNING: [Designutils 20-1280] Could not find module 'axi_register_slice'. The XDC file /home/ubuntu/src/project_data/SatSwarmV2/src/aws-fpga/hdk/common/ip/cl_ip/cl_ip.gen/sources_1/ip/axi_register_slice/axi_register_slice_clocks.xdc will not be read for any cell of this module.
CRITICAL WARNING: [Designutils 20-1280] Could not find module 'axi_register_slice_light'. The XDC file /home/ubuntu/src/project_data/SatSwarmV2/src/aws-fpga/hdk/common/ip/cl_ip/cl_ip.gen/sources_1/ip/axi_register_slice_light/axi_register_slice_light_clocks.xdc will not be read for any cell of this module.
CRITICAL WARNING: [Designutils 20-1280] Could not find module 'cl_axi3_256b_reg_slice'. The XDC file /home/ubuntu/src/project_data/SatSwarmV2/src/aws-fpga/hdk/common/ip/cl_ip/cl_ip.gen/sources_1/ip/cl_axi3_256b_reg_slice/cl_axi3_256b_reg_slice_clocks.xdc will not be read for any cell of this module.
CRITICAL WARNING: [Designutils 20-1280] Could not find module 'cl_axi_register_slice'. The XDC file /home/ubuntu/src/project_data/SatSwarmV2/src/aws-fpga/hdk/common/ip/cl_ip/cl_ip.gen/sources_1/ip/cl_axi_register_slice/cl_axi_register_slice_clocks.xdc will not be read for any cell of this module.
Start Loading Part and Timing Information
Finished Loading Part and Timing Information : Time (s): cpu = 00:01:34 ; elapsed = 00:01:36 . Memory (MB): peak = 5385.801 ; gain = 2446.215 ; free physical = 18401 ; free virtual = 35909
Start Applying XDC Timing Constraints
Finished Applying XDC Timing Constraints : Time (s): cpu = 00:05:09 ; elapsed = 00:05:43 . Memory (MB): peak = 5417.586 ; gain = 2478.000 ; free physical = 16685 ; free virtual = 34220
[2026-04-01T04:07:53+0000] [3x3_3clz] still running...
CRITICAL WARNING: [Designutils 20-1280] Could not find module 'clk_mmcm_hbm'. The XDC file /home/ubuntu/src/project_data/SatSwarmV2/src/aws-fpga/hdk/common/ip/cl_ip/cl_ip.gen/sources_1/ip/clk_mmcm_hbm/clk_mmcm_hbm.xdc will not be read for any cell of this module.
CRITICAL WARNING: [Vivado 12-1815] Setting property 'IOSTANDARD' is not allowed for GT terminals. [/home/ubuntu/src/project_data/SatSwarmV2/src/aws-fpga/hdk/common/shell_stable/build/constraints/cl_pins.xdc:205]
CRITICAL WARNING: [Vivado 12-1815] Setting property 'IOSTANDARD' is not allowed for GT terminals. [/home/ubuntu/src/project_data/SatSwarmV2/src/aws-fpga/hdk/common/shell_stable/build/constraints/cl_pins.xdc:223]
CRITICAL WARNING: [Designutils 20-1280] Could not find module 'cl_ddr4'. The XDC file /home/ubuntu/src/project_data/SatSwarmV2/src/aws-fpga/hdk/common/ip/cl_ip/cl_ip.gen/sources_1/ip/cl_ddr4/cl_ddr4_board.xdc will not be read for any cell of this module.
CRITICAL WARNING: [Designutils 20-1280] Could not find module 'clk_mmcm_a'. The XDC file /home/ubuntu/src/project_data/SatSwarmV2/src/aws-fpga/hdk/common/ip/cl_ip/cl_ip.gen/sources_1/ip/clk_mmcm_a/clk_mmcm_a_late.xdc will not be read for any cell of this module.
CRITICAL WARNING: [Designutils 20-1280] Could not find module 'clk_mmcm_b'. The XDC file /home/ubuntu/src/project_data/SatSwarmV2/src/aws-fpga/hdk/common/ip/cl_ip/cl_ip.gen/sources_1/ip/clk_mmcm_b/clk_mmcm_b_late.xdc will not be read for any cell of this module.
CRITICAL WARNING: [Designutils 20-1280] Could not find module 'clk_mmcm_c'. The XDC file /home/ubuntu/src/project_data/SatSwarmV2/src/aws-fpga/hdk/common/ip/cl_ip/cl_ip.gen/sources_1/ip/clk_mmcm_c/clk_mmcm_c_late.xdc will not be read for any cell of this module.
CRITICAL WARNING: [Designutils 20-1280] Could not find module 'clk_mmcm_hbm'. The XDC file /home/ubuntu/src/project_data/SatSwarmV2/src/aws-fpga/hdk/common/ip/cl_ip/cl_ip.gen/sources_1/ip/clk_mmcm_hbm/clk_mmcm_hbm_late.xdc will not be read for any cell of this module.
CRITICAL WARNING: [Designutils 20-1280] Could not find module 'axi_register_slice'. The XDC file /home/ubuntu/src/project_data/SatSwarmV2/src/aws-fpga/hdk/common/ip/cl_ip/cl_ip.gen/sources_1/ip/axi_register_slice/axi_register_slice_clocks.xdc will not be read for any cell of this module.
CRITICAL WARNING: [Designutils 20-1280] Could not find module 'axi_register_slice_light'. The XDC file /home/ubuntu/src/project_data/SatSwarmV2/src/aws-fpga/hdk/common/ip/cl_ip/cl_ip.gen/sources_1/ip/axi_register_slice_light/axi_register_slice_light_clocks.xdc will not be read for any cell of this module.
CRITICAL WARNING: [Designutils 20-1280] Could not find module 'cl_axi3_256b_reg_slice'. The XDC file /home/ubuntu/src/project_data/SatSwarmV2/src/aws-fpga/hdk/common/ip/cl_ip/cl_ip.gen/sources_1/ip/cl_axi3_256b_reg_slice/cl_axi3_256b_reg_slice_clocks.xdc will not be read for any cell of this module.
CRITICAL WARNING: [Designutils 20-1280] Could not find module 'cl_axi_register_slice'. The XDC file /home/ubuntu/src/project_data/SatSwarmV2/src/aws-fpga/hdk/common/ip/cl_ip/cl_ip.gen/sources_1/ip/cl_axi_register_slice/cl_axi_register_slice_clocks.xdc will not be read for any cell of this module.
[2026-04-01T04:09:53+0000] [3x3_3clz] still running...
INFO: [Timing 38-2] Deriving generated clocks [/home/ubuntu/src/project_data/SatSwarmV2/src/aws-fpga/hdk/common/ip/cl_ip/cl_ip.gen/sources_1/ip/cl_axi_clock_converter/cl_axi_clock_converter_clocks.xdc:16]
CRITICAL WARNING: [Vivado 12-4739] set_false_path:No valid object(s) found for '-from [get_pins -of_objects [get_cells -hierarchical -filter { NAME =~ *ram_reg*}] -filter {REF_PIN_NAME == CLK}]'. [/home/ubuntu/src/project_data/SatSwarmV2/src/aws-fpga/hdk/common/shell_stable/build/constraints/cl_ddr_timing_aws.xdc:26]
CRITICAL WARNING: [Vivado 12-4739] set_clock_groups:No valid object(s) found for '-group [get_clocks -of_objects [get_pins -hierarchical -filter NAME=~*SH_DDR/genblk1.IS_DDR_PRESENT.DDR4_0/inst/u_ddr4_infrastructure/gen_mmcme4.u_mmcme_adv_inst/CLKOUT0]]'. [/home/ubuntu/src/project_data/SatSwarmV2/src/aws-fpga/hdk/common/shell_stable/build/constraints/cl_ddr_timing_aws.xdc:30]
CRITICAL WARNING: [Vivado 12-4739] set_clock_groups:No valid object(s) found for '-group '. [/home/ubuntu/src/project_data/SatSwarmV2/src/aws-fpga/hdk/common/shell_stable/build/constraints/cl_ddr_timing_aws.xdc:30]
CRITICAL WARNING: [Vivado 12-5201] set_clock_groups: cannot set the clock group when only one non-empty group remains. [/home/ubuntu/src/project_data/SatSwarmV2/src/aws-fpga/hdk/common/shell_stable/build/constraints/cl_ddr_timing_aws.xdc:30]
synth_design completed successfully
synth_design: Time (s): cpu = 00:16:52 ; elapsed = 00:17:34 . Memory (MB): peak = 11297.867 ; gain = 9622.125 ; free physical = 13545 ; free virtual = 31076
INFO: [Common 17-2834] synth_design peak Physical Memory [PSS] (MB): overall = 10973.476; main = 10561.106; forked = 4010.007
INFO: [Common 17-2834] synth_design peak Virtual Memory [VSS] (MB): overall = 13495.227; main = 11297.836; forked = 5643.578
### print "Writing post-synth design checkpoint"
AWS FPGA: (04:09:35): Writing post-synth design checkpoint
### write_checkpoint -force ${checkpoints_dir}/${CL}.${TAG}.post_synth.dcp
[2026-04-01T04:11:53+0000] [3x3_3clz] still running...
CRITICAL WARNING: [Vivado 12-4739] set_clock_groups:No valid object(s) found for '-group [get_clocks -of_objects [get_pins -hierarchical -filter NAME=~*SH_DDR/genblk1.IS_DDR_PRESENT.DDR4_0/inst/u_ddr4_infrastructure/gen_mmcme4.u_mmcme_adv_inst/CLKOUT0]]'. [/home/ubuntu/src/project_data/SatSwarmV2/src/aws-fpga/hdk/common/shell_stable/build/constraints/cl_ddr_timing_aws.xdc:30]
CRITICAL WARNING: [Vivado 12-4739] set_clock_groups:No valid object(s) found for '-group '. [/home/ubuntu/src/project_data/SatSwarmV2/src/aws-fpga/hdk/common/shell_stable/build/constraints/cl_ddr_timing_aws.xdc:30]
CRITICAL WARNING: [Vivado 12-5201] set_clock_groups: cannot set the clock group when only one non-empty group remains. [/home/ubuntu/src/project_data/SatSwarmV2/src/aws-fpga/hdk/common/shell_stable/build/constraints/cl_ddr_timing_aws.xdc:30]
synth_design completed successfully
synth_design: Time (s): cpu = 00:16:52 ; elapsed = 00:17:34 . Memory (MB): peak = 11297.867 ; gain = 9622.125 ; free physical = 13545 ; free virtual = 31076
INFO: [Common 17-2834] synth_design peak Physical Memory [PSS] (MB): overall = 10973.476; main = 10561.106; forked = 4010.007
INFO: [Common 17-2834] synth_design peak Virtual Memory [VSS] (MB): overall = 13495.227; main = 11297.836; forked = 5643.578
### print "Writing post-synth design checkpoint"
AWS FPGA: (04:09:35): Writing post-synth design checkpoint
### write_checkpoint -force ${checkpoints_dir}/${CL}.${TAG}.post_synth.dcp
INFO: [Timing 38-35] Done setting XDC timing constraints.
INFO: [Timing 38-480] Writing timing data to binary archive.
[2026-04-01T04:13:53+0000] [3x3_3clz] still running...
### print "Writing post-synth design checkpoint"
AWS FPGA: (04:09:35): Writing post-synth design checkpoint
### write_checkpoint -force ${checkpoints_dir}/${CL}.${TAG}.post_synth.dcp
INFO: [Timing 38-35] Done setting XDC timing constraints.
INFO: [Timing 38-480] Writing timing data to binary archive.
INFO: [Common 17-1381] The checkpoint '/home/ubuntu/src/project_data/SatSwarmV2/src/aws-fpga/hdk/cl/examples/cl_satswarm/build/checkpoints/cl_satswarm.2026_04_01-035153.post_synth.dcp' has been generated.
write_checkpoint: Time (s): cpu = 00:02:39 ; elapsed = 00:02:41 . Memory (MB): peak = 11297.867 ; gain = 0.000 ; free physical = 13304 ; free virtual = 31019
####       print "CRITICAL WARNING: MiG BRAM is not populated with ELF file. This results in Calibration Failure!!"
## set AWS_DCP_DIR "${HDK_SHELL_DIR}/build/checkpoints/from_aws/"
## add_files ${checkpoints_dir}/${CL}.${TAG}.post_synth.dcp
##              [get_files ${checkpoints_dir}/${CL}.${TAG}.post_synth.dcp]
INFO: [Project 1-454] Reading design checkpoint '/home/ubuntu/src/project_data/SatSwarmV2/src/aws-fpga/hdk/cl/examples/cl_satswarm/build/checkpoints/cl_satswarm.2026_04_01-035153.post_synth.dcp' for cell 'WRAPPER/CL'
[2026-04-01T04:15:53+0000] [3x3_3clz] still running...
### print "Writing post-synth design checkpoint"
AWS FPGA: (04:09:35): Writing post-synth design checkpoint
### write_checkpoint -force ${checkpoints_dir}/${CL}.${TAG}.post_synth.dcp
INFO: [Timing 38-35] Done setting XDC timing constraints.
INFO: [Timing 38-480] Writing timing data to binary archive.
INFO: [Common 17-1381] The checkpoint '/home/ubuntu/src/project_data/SatSwarmV2/src/aws-fpga/hdk/cl/examples/cl_satswarm/build/checkpoints/cl_satswarm.2026_04_01-035153.post_synth.dcp' has been generated.
write_checkpoint: Time (s): cpu = 00:02:39 ; elapsed = 00:02:41 . Memory (MB): peak = 11297.867 ; gain = 0.000 ; free physical = 13304 ; free virtual = 31019
####       print "CRITICAL WARNING: MiG BRAM is not populated with ELF file. This results in Calibration Failure!!"
## set AWS_DCP_DIR "${HDK_SHELL_DIR}/build/checkpoints/from_aws/"
## add_files ${checkpoints_dir}/${CL}.${TAG}.post_synth.dcp
##              [get_files ${checkpoints_dir}/${CL}.${TAG}.post_synth.dcp]
INFO: [Project 1-454] Reading design checkpoint '/home/ubuntu/src/project_data/SatSwarmV2/src/aws-fpga/hdk/cl/examples/cl_satswarm/build/checkpoints/cl_satswarm.2026_04_01-035153.post_synth.dcp' for cell 'WRAPPER/CL'
[2026-04-01T04:17:53+0000] [3x3_3clz] still running...
INFO: [Project 1-454] Reading design checkpoint '/home/ubuntu/src/project_data/SatSwarmV2/src/aws-fpga/hdk/cl/examples/cl_satswarm/build/checkpoints/cl_satswarm.2026_04_01-035153.post_synth.dcp' for cell 'WRAPPER/CL'
Parsing XDC File [/home/ubuntu/src/project_data/SatSwarmV2/src/aws-fpga/hdk/common/shell_stable/build/checkpoints/from_aws/cl_bb_routed.small_shell/top_board.xdc]
Finished Parsing XDC File [/home/ubuntu/src/project_data/SatSwarmV2/src/aws-fpga/hdk/common/shell_stable/build/checkpoints/from_aws/cl_bb_routed.small_shell/top_board.xdc]
Parsing XDC File [/home/ubuntu/src/project_data/SatSwarmV2/src/aws-fpga/hdk/common/shell_stable/build/checkpoints/from_aws/cl_bb_routed.small_shell/top_early.xdc]
Finished Parsing XDC File [/home/ubuntu/src/project_data/SatSwarmV2/src/aws-fpga/hdk/common/shell_stable/build/checkpoints/from_aws/cl_bb_routed.small_shell/top_early.xdc]
Parsing XDC File [/home/ubuntu/src/project_data/SatSwarmV2/src/aws-fpga/hdk/cl/examples/cl_satswarm/build/checkpoints/cl_satswarm.2026_04_01-035153.post_synth/cl_satswarm_early.xdc] for cell 'WRAPPER/CL'
Finished Parsing XDC File [/home/ubuntu/src/project_data/SatSwarmV2/src/aws-fpga/hdk/cl/examples/cl_satswarm/build/checkpoints/cl_satswarm.2026_04_01-035153.post_synth/cl_satswarm_early.xdc] for cell 'WRAPPER/CL'
Parsing XDC File [/home/ubuntu/src/project_data/SatSwarmV2/src/aws-fpga/hdk/common/shell_stable/build/checkpoints/from_aws/cl_bb_routed.small_shell/top.xdc]
Finished Parsing XDC File [/home/ubuntu/src/project_data/SatSwarmV2/src/aws-fpga/hdk/common/shell_stable/build/checkpoints/from_aws/cl_bb_routed.small_shell/top.xdc]
Parsing XDC File [/home/ubuntu/src/project_data/SatSwarmV2/src/aws-fpga/hdk/cl/examples/cl_satswarm/build/checkpoints/cl_satswarm.2026_04_01-035153.post_synth/cl_satswarm.xdc] for cell 'WRAPPER/CL'
Finished Parsing XDC File [/home/ubuntu/src/project_data/SatSwarmV2/src/aws-fpga/hdk/cl/examples/cl_satswarm/build/checkpoints/cl_satswarm.2026_04_01-035153.post_synth/cl_satswarm.xdc] for cell 'WRAPPER/CL'
Parsing XDC File [/home/ubuntu/src/project_data/SatSwarmV2/src/aws-fpga/hdk/common/shell_stable/build/checkpoints/from_aws/cl_bb_routed.small_shell/top_late.xdc]
[2026-04-01T04:19:53+0000] [3x3_3clz] still running...
Parsing XDC File [/home/ubuntu/src/project_data/SatSwarmV2/src/aws-fpga/hdk/common/shell_stable/build/checkpoints/from_aws/cl_bb_routed.small_shell/top_late.xdc]
INFO: [Timing 38-35] Done setting XDC timing constraints. [/proj/chiron/zhcz/scratch/F2_BUILD_2024_Vivado_2024-10-21-15-03-11299/build/hpr_AltSpreadLogic_low_AggressiveExplore/constraints/timing/io_timing.xdc:20]
INFO: [Timing 38-2] Deriving generated clocks [/proj/chiron/zhcz/scratch/F2_BUILD_2024_Vivado_2024-10-21-15-03-11299/build/hpr_AltSpreadLogic_low_AggressiveExplore/constraints/timing/io_timing.xdc:20]
Finished Parsing XDC File [/home/ubuntu/src/project_data/SatSwarmV2/src/aws-fpga/hdk/common/shell_stable/build/checkpoints/from_aws/cl_bb_routed.small_shell/top_late.xdc]
Parsing XDC File [/home/ubuntu/src/project_data/SatSwarmV2/src/aws-fpga/hdk/cl/examples/cl_satswarm/build/checkpoints/cl_satswarm.2026_04_01-035153.post_synth/cl_satswarm_late.xdc] for cell 'WRAPPER/CL'
Finished Parsing XDC File [/home/ubuntu/src/project_data/SatSwarmV2/src/aws-fpga/hdk/cl/examples/cl_satswarm/build/checkpoints/cl_satswarm.2026_04_01-035153.post_synth/cl_satswarm_late.xdc] for cell 'WRAPPER/CL'
CRITICAL WARNING: [Constraints 18-4866] Site IOB_X0Y207 had a top level port PCIE_RP_PERSTN on sitetype net OUTBUF_O which was overwritten!
CRITICAL WARNING: [Constraints 18-4866] Site IOB_X0Y207 had a top level port PCIE_RP_PERSTN on sitetype net PULL_PAD which was overwritten!
CRITICAL WARNING: [Constraints 18-4866] Site IOB_X0Y207 had a top level port PCIE_RP_PERSTN on sitetype net IO which was overwritten!
CRITICAL WARNING: [Constraints 18-4866] Site IOB_X0Y181 had a top level port PCIE_EP_PERSTN on sitetype net OUTBUF_O which was overwritten!
CRITICAL WARNING: [Constraints 18-4866] Site IOB_X0Y181 had a top level port PCIE_EP_PERSTN on sitetype net PULL_PAD which was overwritten!
CRITICAL WARNING: [Constraints 18-4866] Site IOB_X0Y181 had a top level port PCIE_EP_PERSTN on sitetype net IO which was overwritten!
[2026-04-01T04:21:53+0000] [3x3_3clz] still running...
## print "Writing post-link design checkpoint"
AWS FPGA: (04:20:07): Writing post-link design checkpoint
## write_checkpoint -force ${checkpoints_dir}/${CL}.${TAG}.post_link.dcp
INFO: [Timing 38-480] Writing timing data to binary archive.
INFO: [Common 17-1381] The checkpoint '/home/ubuntu/src/project_data/SatSwarmV2/src/aws-fpga/hdk/cl/examples/cl_satswarm/build/checkpoints/cl_satswarm.2026_04_01-035153.post_link.dcp' has been generated.
write_checkpoint: Time (s): cpu = 00:01:16 ; elapsed = 00:01:18 . Memory (MB): peak = 11297.867 ; gain = 0.000 ; free physical = 13112 ; free virtual = 30994
###         puts "\nCRITICAL WARNING: $mmcm_cell cell not found. Clock recipe for this MMCM not applied.\n"
CRITICAL WARNING: WRAPPER/CL/AWS_CLK_GEN/CLK_GRP_A_EN_I.CLK_MMCM_A_I/inst/CLK_CORE_DRP_I/clk_inst/mmcme4_adv_inst cell not found. Clock recipe for this MMCM not applied.
CRITICAL WARNING: WRAPPER/CL/AWS_CLK_GEN/CLK_GRP_B_EN_I.CLK_MMCM_B_I/inst/CLK_CORE_DRP_I/clk_inst/mmcme4_adv_inst cell not found. Clock recipe for this MMCM not applied.
CRITICAL WARNING: WRAPPER/CL/AWS_CLK_GEN/CLK_GRP_C_EN_I.CLK_MMCM_C_I/inst/CLK_CORE_DRP_I/clk_inst/mmcme4_adv_inst cell not found. Clock recipe for this MMCM not applied.
CRITICAL WARNING: WRAPPER/CL/AWS_CLK_GEN/CLK_HBM_EN_I.CLK_MMCM_HBM_I/inst/CLK_CORE_DRP_I/clk_inst/mmcme4_adv_inst cell not found. Clock recipe for this MMCM not applied.
CRITICAL WARNING: [Vivado 12-795] Pblock 'pblock_CL' already exists. [/home/ubuntu/src/project_data/SatSwarmV2/src/aws-fpga/hdk/common/shell_stable/build/constraints/small_shell_level_1_fp_cl.xdc:28]
[2026-04-01T04:23:53+0000] [3x3_3clz] still running...
## print "Writing post-link design checkpoint"
AWS FPGA: (04:20:07): Writing post-link design checkpoint
## write_checkpoint -force ${checkpoints_dir}/${CL}.${TAG}.post_link.dcp
INFO: [Timing 38-480] Writing timing data to binary archive.
INFO: [Common 17-1381] The checkpoint '/home/ubuntu/src/project_data/SatSwarmV2/src/aws-fpga/hdk/cl/examples/cl_satswarm/build/checkpoints/cl_satswarm.2026_04_01-035153.post_link.dcp' has been generated.
write_checkpoint: Time (s): cpu = 00:01:16 ; elapsed = 00:01:18 . Memory (MB): peak = 11297.867 ; gain = 0.000 ; free physical = 13112 ; free virtual = 30994
###         puts "\nCRITICAL WARNING: $mmcm_cell cell not found. Clock recipe for this MMCM not applied.\n"
CRITICAL WARNING: WRAPPER/CL/AWS_CLK_GEN/CLK_GRP_A_EN_I.CLK_MMCM_A_I/inst/CLK_CORE_DRP_I/clk_inst/mmcme4_adv_inst cell not found. Clock recipe for this MMCM not applied.
CRITICAL WARNING: WRAPPER/CL/AWS_CLK_GEN/CLK_GRP_B_EN_I.CLK_MMCM_B_I/inst/CLK_CORE_DRP_I/clk_inst/mmcme4_adv_inst cell not found. Clock recipe for this MMCM not applied.
CRITICAL WARNING: WRAPPER/CL/AWS_CLK_GEN/CLK_GRP_C_EN_I.CLK_MMCM_C_I/inst/CLK_CORE_DRP_I/clk_inst/mmcme4_adv_inst cell not found. Clock recipe for this MMCM not applied.
CRITICAL WARNING: WRAPPER/CL/AWS_CLK_GEN/CLK_HBM_EN_I.CLK_MMCM_HBM_I/inst/CLK_CORE_DRP_I/clk_inst/mmcme4_adv_inst cell not found. Clock recipe for this MMCM not applied.
CRITICAL WARNING: [Vivado 12-795] Pblock 'pblock_CL' already exists. [/home/ubuntu/src/project_data/SatSwarmV2/src/aws-fpga/hdk/common/shell_stable/build/constraints/small_shell_level_1_fp_cl.xdc:28]
[2026-04-01T04:25:53+0000] [3x3_3clz] still running...
INFO: [Timing 38-480] Writing timing data to binary archive.
INFO: [Common 17-1381] The checkpoint '/home/ubuntu/src/project_data/SatSwarmV2/src/aws-fpga/hdk/cl/examples/cl_satswarm/build/checkpoints/cl_satswarm.2026_04_01-035153.post_link.dcp' has been generated.
write_checkpoint: Time (s): cpu = 00:01:16 ; elapsed = 00:01:18 . Memory (MB): peak = 11297.867 ; gain = 0.000 ; free physical = 13112 ; free virtual = 30994
###         puts "\nCRITICAL WARNING: $mmcm_cell cell not found. Clock recipe for this MMCM not applied.\n"
CRITICAL WARNING: WRAPPER/CL/AWS_CLK_GEN/CLK_GRP_A_EN_I.CLK_MMCM_A_I/inst/CLK_CORE_DRP_I/clk_inst/mmcme4_adv_inst cell not found. Clock recipe for this MMCM not applied.
CRITICAL WARNING: WRAPPER/CL/AWS_CLK_GEN/CLK_GRP_B_EN_I.CLK_MMCM_B_I/inst/CLK_CORE_DRP_I/clk_inst/mmcme4_adv_inst cell not found. Clock recipe for this MMCM not applied.
CRITICAL WARNING: WRAPPER/CL/AWS_CLK_GEN/CLK_GRP_C_EN_I.CLK_MMCM_C_I/inst/CLK_CORE_DRP_I/clk_inst/mmcme4_adv_inst cell not found. Clock recipe for this MMCM not applied.
CRITICAL WARNING: WRAPPER/CL/AWS_CLK_GEN/CLK_HBM_EN_I.CLK_MMCM_HBM_I/inst/CLK_CORE_DRP_I/clk_inst/mmcme4_adv_inst cell not found. Clock recipe for this MMCM not applied.
CRITICAL WARNING: [Vivado 12-795] Pblock 'pblock_CL' already exists. [/home/ubuntu/src/project_data/SatSwarmV2/src/aws-fpga/hdk/common/shell_stable/build/constraints/small_shell_level_1_fp_cl.xdc:28]
Starting Cache Timing Information Task
Ending Cache Timing Information Task | Checksum: 18be5797c
Phase 2 Timer Update And Timing Data Collection
[2026-04-01T04:27:53+0000] [3x3_3clz] still running...
###         puts "\nCRITICAL WARNING: $mmcm_cell cell not found. Clock recipe for this MMCM not applied.\n"
CRITICAL WARNING: WRAPPER/CL/AWS_CLK_GEN/CLK_GRP_A_EN_I.CLK_MMCM_A_I/inst/CLK_CORE_DRP_I/clk_inst/mmcme4_adv_inst cell not found. Clock recipe for this MMCM not applied.
CRITICAL WARNING: WRAPPER/CL/AWS_CLK_GEN/CLK_GRP_B_EN_I.CLK_MMCM_B_I/inst/CLK_CORE_DRP_I/clk_inst/mmcme4_adv_inst cell not found. Clock recipe for this MMCM not applied.
CRITICAL WARNING: WRAPPER/CL/AWS_CLK_GEN/CLK_GRP_C_EN_I.CLK_MMCM_C_I/inst/CLK_CORE_DRP_I/clk_inst/mmcme4_adv_inst cell not found. Clock recipe for this MMCM not applied.
CRITICAL WARNING: WRAPPER/CL/AWS_CLK_GEN/CLK_HBM_EN_I.CLK_MMCM_HBM_I/inst/CLK_CORE_DRP_I/clk_inst/mmcme4_adv_inst cell not found. Clock recipe for this MMCM not applied.
CRITICAL WARNING: [Vivado 12-795] Pblock 'pblock_CL' already exists. [/home/ubuntu/src/project_data/SatSwarmV2/src/aws-fpga/hdk/common/shell_stable/build/constraints/small_shell_level_1_fp_cl.xdc:28]
Starting Cache Timing Information Task
Ending Cache Timing Information Task | Checksum: 18be5797c
Phase 2 Timer Update And Timing Data Collection
Phase 2.3 Timing Data Collection
Phase 2.3 Timing Data Collection | Checksum: 18be5797c
Phase 2 Timer Update And Timing Data Collection | Checksum: 18be5797c
[2026-04-01T04:29:53+0000] [3x3_3clz] still running...
CRITICAL WARNING: WRAPPER/CL/AWS_CLK_GEN/CLK_HBM_EN_I.CLK_MMCM_HBM_I/inst/CLK_CORE_DRP_I/clk_inst/mmcme4_adv_inst cell not found. Clock recipe for this MMCM not applied.
CRITICAL WARNING: [Vivado 12-795] Pblock 'pblock_CL' already exists. [/home/ubuntu/src/project_data/SatSwarmV2/src/aws-fpga/hdk/common/shell_stable/build/constraints/small_shell_level_1_fp_cl.xdc:28]
Starting Cache Timing Information Task
Ending Cache Timing Information Task | Checksum: 18be5797c
Phase 2 Timer Update And Timing Data Collection
Phase 2.3 Timing Data Collection
Phase 2.3 Timing Data Collection | Checksum: 18be5797c
Phase 2 Timer Update And Timing Data Collection | Checksum: 18be5797c
## print "Writing post-opt design checkpoint and report"
AWS FPGA: (04:29:00): Writing post-opt design checkpoint and report
## write_checkpoint -force ${checkpoints_dir}/${CL}.${TAG}.post_opt.dcp
INFO: [Timing 38-480] Writing timing data to binary archive.
[2026-04-01T04:31:53+0000] [3x3_3clz] still running...
Phase 2 Timer Update And Timing Data Collection
Phase 2.3 Timing Data Collection
Phase 2.3 Timing Data Collection | Checksum: 18be5797c
Phase 2 Timer Update And Timing Data Collection | Checksum: 18be5797c
## print "Writing post-opt design checkpoint and report"
AWS FPGA: (04:29:00): Writing post-opt design checkpoint and report
## write_checkpoint -force ${checkpoints_dir}/${CL}.${TAG}.post_opt.dcp
INFO: [Timing 38-480] Writing timing data to binary archive.
INFO: [Common 17-1381] The checkpoint '/home/ubuntu/src/project_data/SatSwarmV2/src/aws-fpga/hdk/cl/examples/cl_satswarm/build/checkpoints/cl_satswarm.2026_04_01-035153.post_opt.dcp' has been generated.
write_checkpoint: Time (s): cpu = 00:01:07 ; elapsed = 00:01:09 . Memory (MB): peak = 11732.844 ; gain = 0.000 ; free physical = 12541 ; free virtual = 30520
INFO: [Timing 38-91] UpdateTimingParams: Speed grade: -2, Temperature grade: E, Delay Type: max.
INFO: [Timing 38-35] Done setting XDC timing constraints.
[2026-04-01T04:33:53+0000] [3x3_3clz] still running...
Phase 2 Timer Update And Timing Data Collection
Phase 2.3 Timing Data Collection
Phase 2.3 Timing Data Collection | Checksum: 18be5797c
Phase 2 Timer Update And Timing Data Collection | Checksum: 18be5797c
## print "Writing post-opt design checkpoint and report"
AWS FPGA: (04:29:00): Writing post-opt design checkpoint and report
## write_checkpoint -force ${checkpoints_dir}/${CL}.${TAG}.post_opt.dcp
INFO: [Timing 38-480] Writing timing data to binary archive.
INFO: [Common 17-1381] The checkpoint '/home/ubuntu/src/project_data/SatSwarmV2/src/aws-fpga/hdk/cl/examples/cl_satswarm/build/checkpoints/cl_satswarm.2026_04_01-035153.post_opt.dcp' has been generated.
write_checkpoint: Time (s): cpu = 00:01:07 ; elapsed = 00:01:09 . Memory (MB): peak = 11732.844 ; gain = 0.000 ; free physical = 12541 ; free virtual = 30520
INFO: [Timing 38-91] UpdateTimingParams: Speed grade: -2, Temperature grade: E, Delay Type: max.
INFO: [Timing 38-35] Done setting XDC timing constraints.
[2026-04-01T04:35:53+0000] [3x3_3clz] still running...
Phase 2.3 Timing Data Collection
Phase 2.3 Timing Data Collection | Checksum: 18be5797c
Phase 2 Timer Update And Timing Data Collection | Checksum: 18be5797c
## print "Writing post-opt design checkpoint and report"
AWS FPGA: (04:29:00): Writing post-opt design checkpoint and report
## write_checkpoint -force ${checkpoints_dir}/${CL}.${TAG}.post_opt.dcp
INFO: [Timing 38-480] Writing timing data to binary archive.
INFO: [Common 17-1381] The checkpoint '/home/ubuntu/src/project_data/SatSwarmV2/src/aws-fpga/hdk/cl/examples/cl_satswarm/build/checkpoints/cl_satswarm.2026_04_01-035153.post_opt.dcp' has been generated.
write_checkpoint: Time (s): cpu = 00:01:07 ; elapsed = 00:01:09 . Memory (MB): peak = 11732.844 ; gain = 0.000 ; free physical = 12541 ; free virtual = 30520
INFO: [Timing 38-91] UpdateTimingParams: Speed grade: -2, Temperature grade: E, Delay Type: max.
INFO: [Timing 38-35] Done setting XDC timing constraints.
INFO: [Timing 38-78] ReportTimingParams: -max_paths 10 -nworst 1 -delay_type max -sort_by group.
[2026-04-01T04:37:53+0000] [3x3_3clz] still running...
AWS FPGA: (04:29:00): Writing post-opt design checkpoint and report
## write_checkpoint -force ${checkpoints_dir}/${CL}.${TAG}.post_opt.dcp
INFO: [Timing 38-480] Writing timing data to binary archive.
INFO: [Common 17-1381] The checkpoint '/home/ubuntu/src/project_data/SatSwarmV2/src/aws-fpga/hdk/cl/examples/cl_satswarm/build/checkpoints/cl_satswarm.2026_04_01-035153.post_opt.dcp' has been generated.
write_checkpoint: Time (s): cpu = 00:01:07 ; elapsed = 00:01:09 . Memory (MB): peak = 11732.844 ; gain = 0.000 ; free physical = 12541 ; free virtual = 30520
INFO: [Timing 38-91] UpdateTimingParams: Speed grade: -2, Temperature grade: E, Delay Type: max.
INFO: [Timing 38-35] Done setting XDC timing constraints.
INFO: [Timing 38-78] ReportTimingParams: -max_paths 10 -nworst 1 -delay_type max -sort_by group.
CRITICAL WARNING: [Vivado 12-4430] You are lowering the severity from an ERROR. This can potentially lead to board damage or other functionality issues on hardware. If this is not desired, please run 'reset_property SEVERITY [get_drc_checks REQP-123]' to undo this change.
## place_design -directive $PLACE_DIRECT -no_bufg_opt
Command: place_design -directive Default -no_bufg_opt
Running DRC as a precondition to command place_design
[2026-04-01T04:39:53+0000] [3x3_3clz] still running...
AWS FPGA: (04:29:00): Writing post-opt design checkpoint and report
## write_checkpoint -force ${checkpoints_dir}/${CL}.${TAG}.post_opt.dcp
INFO: [Timing 38-480] Writing timing data to binary archive.
INFO: [Common 17-1381] The checkpoint '/home/ubuntu/src/project_data/SatSwarmV2/src/aws-fpga/hdk/cl/examples/cl_satswarm/build/checkpoints/cl_satswarm.2026_04_01-035153.post_opt.dcp' has been generated.
write_checkpoint: Time (s): cpu = 00:01:07 ; elapsed = 00:01:09 . Memory (MB): peak = 11732.844 ; gain = 0.000 ; free physical = 12541 ; free virtual = 30520
INFO: [Timing 38-91] UpdateTimingParams: Speed grade: -2, Temperature grade: E, Delay Type: max.
INFO: [Timing 38-35] Done setting XDC timing constraints.
INFO: [Timing 38-78] ReportTimingParams: -max_paths 10 -nworst 1 -delay_type max -sort_by group.
CRITICAL WARNING: [Vivado 12-4430] You are lowering the severity from an ERROR. This can potentially lead to board damage or other functionality issues on hardware. If this is not desired, please run 'reset_property SEVERITY [get_drc_checks REQP-123]' to undo this change.
## place_design -directive $PLACE_DIRECT -no_bufg_opt
Command: place_design -directive Default -no_bufg_opt
Running DRC as a precondition to command place_design
[2026-04-01T04:41:53+0000] [3x3_3clz] still running...
AWS FPGA: (04:29:00): Writing post-opt design checkpoint and report
## write_checkpoint -force ${checkpoints_dir}/${CL}.${TAG}.post_opt.dcp
INFO: [Timing 38-480] Writing timing data to binary archive.
INFO: [Common 17-1381] The checkpoint '/home/ubuntu/src/project_data/SatSwarmV2/src/aws-fpga/hdk/cl/examples/cl_satswarm/build/checkpoints/cl_satswarm.2026_04_01-035153.post_opt.dcp' has been generated.
write_checkpoint: Time (s): cpu = 00:01:07 ; elapsed = 00:01:09 . Memory (MB): peak = 11732.844 ; gain = 0.000 ; free physical = 12541 ; free virtual = 30520
INFO: [Timing 38-91] UpdateTimingParams: Speed grade: -2, Temperature grade: E, Delay Type: max.
INFO: [Timing 38-35] Done setting XDC timing constraints.
INFO: [Timing 38-78] ReportTimingParams: -max_paths 10 -nworst 1 -delay_type max -sort_by group.
CRITICAL WARNING: [Vivado 12-4430] You are lowering the severity from an ERROR. This can potentially lead to board damage or other functionality issues on hardware. If this is not desired, please run 'reset_property SEVERITY [get_drc_checks REQP-123]' to undo this change.
## place_design -directive $PLACE_DIRECT -no_bufg_opt
Command: place_design -directive Default -no_bufg_opt
Running DRC as a precondition to command place_design
[2026-04-01T04:43:53+0000] [3x3_3clz] still running...
AWS FPGA: (04:29:00): Writing post-opt design checkpoint and report
## write_checkpoint -force ${checkpoints_dir}/${CL}.${TAG}.post_opt.dcp
INFO: [Timing 38-480] Writing timing data to binary archive.
INFO: [Common 17-1381] The checkpoint '/home/ubuntu/src/project_data/SatSwarmV2/src/aws-fpga/hdk/cl/examples/cl_satswarm/build/checkpoints/cl_satswarm.2026_04_01-035153.post_opt.dcp' has been generated.
write_checkpoint: Time (s): cpu = 00:01:07 ; elapsed = 00:01:09 . Memory (MB): peak = 11732.844 ; gain = 0.000 ; free physical = 12541 ; free virtual = 30520
INFO: [Timing 38-91] UpdateTimingParams: Speed grade: -2, Temperature grade: E, Delay Type: max.
INFO: [Timing 38-35] Done setting XDC timing constraints.
INFO: [Timing 38-78] ReportTimingParams: -max_paths 10 -nworst 1 -delay_type max -sort_by group.
CRITICAL WARNING: [Vivado 12-4430] You are lowering the severity from an ERROR. This can potentially lead to board damage or other functionality issues on hardware. If this is not desired, please run 'reset_property SEVERITY [get_drc_checks REQP-123]' to undo this change.
## place_design -directive $PLACE_DIRECT -no_bufg_opt
Command: place_design -directive Default -no_bufg_opt
Running DRC as a precondition to command place_design
[2026-04-01T04:45:53+0000] [3x3_3clz] still running...
AWS FPGA: (04:29:00): Writing post-opt design checkpoint and report
## write_checkpoint -force ${checkpoints_dir}/${CL}.${TAG}.post_opt.dcp
INFO: [Timing 38-480] Writing timing data to binary archive.
INFO: [Common 17-1381] The checkpoint '/home/ubuntu/src/project_data/SatSwarmV2/src/aws-fpga/hdk/cl/examples/cl_satswarm/build/checkpoints/cl_satswarm.2026_04_01-035153.post_opt.dcp' has been generated.
write_checkpoint: Time (s): cpu = 00:01:07 ; elapsed = 00:01:09 . Memory (MB): peak = 11732.844 ; gain = 0.000 ; free physical = 12541 ; free virtual = 30520
INFO: [Timing 38-91] UpdateTimingParams: Speed grade: -2, Temperature grade: E, Delay Type: max.
INFO: [Timing 38-35] Done setting XDC timing constraints.
INFO: [Timing 38-78] ReportTimingParams: -max_paths 10 -nworst 1 -delay_type max -sort_by group.
CRITICAL WARNING: [Vivado 12-4430] You are lowering the severity from an ERROR. This can potentially lead to board damage or other functionality issues on hardware. If this is not desired, please run 'reset_property SEVERITY [get_drc_checks REQP-123]' to undo this change.
## place_design -directive $PLACE_DIRECT -no_bufg_opt
Command: place_design -directive Default -no_bufg_opt
Running DRC as a precondition to command place_design
[2026-04-01T04:47:53+0000] [3x3_3clz] still running...
AWS FPGA: (04:29:00): Writing post-opt design checkpoint and report
## write_checkpoint -force ${checkpoints_dir}/${CL}.${TAG}.post_opt.dcp
INFO: [Timing 38-480] Writing timing data to binary archive.
INFO: [Common 17-1381] The checkpoint '/home/ubuntu/src/project_data/SatSwarmV2/src/aws-fpga/hdk/cl/examples/cl_satswarm/build/checkpoints/cl_satswarm.2026_04_01-035153.post_opt.dcp' has been generated.
write_checkpoint: Time (s): cpu = 00:01:07 ; elapsed = 00:01:09 . Memory (MB): peak = 11732.844 ; gain = 0.000 ; free physical = 12541 ; free virtual = 30520
INFO: [Timing 38-91] UpdateTimingParams: Speed grade: -2, Temperature grade: E, Delay Type: max.
INFO: [Timing 38-35] Done setting XDC timing constraints.
INFO: [Timing 38-78] ReportTimingParams: -max_paths 10 -nworst 1 -delay_type max -sort_by group.
CRITICAL WARNING: [Vivado 12-4430] You are lowering the severity from an ERROR. This can potentially lead to board damage or other functionality issues on hardware. If this is not desired, please run 'reset_property SEVERITY [get_drc_checks REQP-123]' to undo this change.
## place_design -directive $PLACE_DIRECT -no_bufg_opt
Command: place_design -directive Default -no_bufg_opt
Running DRC as a precondition to command place_design
[2026-04-01T04:49:53+0000] [3x3_3clz] still running...
AWS FPGA: (04:29:00): Writing post-opt design checkpoint and report
## write_checkpoint -force ${checkpoints_dir}/${CL}.${TAG}.post_opt.dcp
INFO: [Timing 38-480] Writing timing data to binary archive.
INFO: [Common 17-1381] The checkpoint '/home/ubuntu/src/project_data/SatSwarmV2/src/aws-fpga/hdk/cl/examples/cl_satswarm/build/checkpoints/cl_satswarm.2026_04_01-035153.post_opt.dcp' has been generated.
write_checkpoint: Time (s): cpu = 00:01:07 ; elapsed = 00:01:09 . Memory (MB): peak = 11732.844 ; gain = 0.000 ; free physical = 12541 ; free virtual = 30520
INFO: [Timing 38-91] UpdateTimingParams: Speed grade: -2, Temperature grade: E, Delay Type: max.
INFO: [Timing 38-35] Done setting XDC timing constraints.
INFO: [Timing 38-78] ReportTimingParams: -max_paths 10 -nworst 1 -delay_type max -sort_by group.
CRITICAL WARNING: [Vivado 12-4430] You are lowering the severity from an ERROR. This can potentially lead to board damage or other functionality issues on hardware. If this is not desired, please run 'reset_property SEVERITY [get_drc_checks REQP-123]' to undo this change.
## place_design -directive $PLACE_DIRECT -no_bufg_opt
Command: place_design -directive Default -no_bufg_opt
Running DRC as a precondition to command place_design
[2026-04-01T04:51:53+0000] [3x3_3clz] still running...
AWS FPGA: (04:29:00): Writing post-opt design checkpoint and report
## write_checkpoint -force ${checkpoints_dir}/${CL}.${TAG}.post_opt.dcp
INFO: [Timing 38-480] Writing timing data to binary archive.
INFO: [Common 17-1381] The checkpoint '/home/ubuntu/src/project_data/SatSwarmV2/src/aws-fpga/hdk/cl/examples/cl_satswarm/build/checkpoints/cl_satswarm.2026_04_01-035153.post_opt.dcp' has been generated.
write_checkpoint: Time (s): cpu = 00:01:07 ; elapsed = 00:01:09 . Memory (MB): peak = 11732.844 ; gain = 0.000 ; free physical = 12541 ; free virtual = 30520
INFO: [Timing 38-91] UpdateTimingParams: Speed grade: -2, Temperature grade: E, Delay Type: max.
INFO: [Timing 38-35] Done setting XDC timing constraints.
INFO: [Timing 38-78] ReportTimingParams: -max_paths 10 -nworst 1 -delay_type max -sort_by group.
CRITICAL WARNING: [Vivado 12-4430] You are lowering the severity from an ERROR. This can potentially lead to board damage or other functionality issues on hardware. If this is not desired, please run 'reset_property SEVERITY [get_drc_checks REQP-123]' to undo this change.
## place_design -directive $PLACE_DIRECT -no_bufg_opt
Command: place_design -directive Default -no_bufg_opt
Running DRC as a precondition to command place_design
[2026-04-01T04:53:53+0000] [3x3_3clz] still running...
AWS FPGA: (04:29:00): Writing post-opt design checkpoint and report
## write_checkpoint -force ${checkpoints_dir}/${CL}.${TAG}.post_opt.dcp
INFO: [Timing 38-480] Writing timing data to binary archive.
INFO: [Common 17-1381] The checkpoint '/home/ubuntu/src/project_data/SatSwarmV2/src/aws-fpga/hdk/cl/examples/cl_satswarm/build/checkpoints/cl_satswarm.2026_04_01-035153.post_opt.dcp' has been generated.
write_checkpoint: Time (s): cpu = 00:01:07 ; elapsed = 00:01:09 . Memory (MB): peak = 11732.844 ; gain = 0.000 ; free physical = 12541 ; free virtual = 30520
INFO: [Timing 38-91] UpdateTimingParams: Speed grade: -2, Temperature grade: E, Delay Type: max.
INFO: [Timing 38-35] Done setting XDC timing constraints.
INFO: [Timing 38-78] ReportTimingParams: -max_paths 10 -nworst 1 -delay_type max -sort_by group.
CRITICAL WARNING: [Vivado 12-4430] You are lowering the severity from an ERROR. This can potentially lead to board damage or other functionality issues on hardware. If this is not desired, please run 'reset_property SEVERITY [get_drc_checks REQP-123]' to undo this change.
## place_design -directive $PLACE_DIRECT -no_bufg_opt
Command: place_design -directive Default -no_bufg_opt
Running DRC as a precondition to command place_design
[2026-04-01T04:55:53+0000] [3x3_3clz] still running...
AWS FPGA: (04:29:00): Writing post-opt design checkpoint and report
## write_checkpoint -force ${checkpoints_dir}/${CL}.${TAG}.post_opt.dcp
INFO: [Timing 38-480] Writing timing data to binary archive.
INFO: [Common 17-1381] The checkpoint '/home/ubuntu/src/project_data/SatSwarmV2/src/aws-fpga/hdk/cl/examples/cl_satswarm/build/checkpoints/cl_satswarm.2026_04_01-035153.post_opt.dcp' has been generated.
write_checkpoint: Time (s): cpu = 00:01:07 ; elapsed = 00:01:09 . Memory (MB): peak = 11732.844 ; gain = 0.000 ; free physical = 12541 ; free virtual = 30520
INFO: [Timing 38-91] UpdateTimingParams: Speed grade: -2, Temperature grade: E, Delay Type: max.
INFO: [Timing 38-35] Done setting XDC timing constraints.
INFO: [Timing 38-78] ReportTimingParams: -max_paths 10 -nworst 1 -delay_type max -sort_by group.
CRITICAL WARNING: [Vivado 12-4430] You are lowering the severity from an ERROR. This can potentially lead to board damage or other functionality issues on hardware. If this is not desired, please run 'reset_property SEVERITY [get_drc_checks REQP-123]' to undo this change.
## place_design -directive $PLACE_DIRECT -no_bufg_opt
Command: place_design -directive Default -no_bufg_opt
Running DRC as a precondition to command place_design
[2026-04-01T04:57:53+0000] [3x3_3clz] still running...
AWS FPGA: (04:29:00): Writing post-opt design checkpoint and report
## write_checkpoint -force ${checkpoints_dir}/${CL}.${TAG}.post_opt.dcp
INFO: [Timing 38-480] Writing timing data to binary archive.
INFO: [Common 17-1381] The checkpoint '/home/ubuntu/src/project_data/SatSwarmV2/src/aws-fpga/hdk/cl/examples/cl_satswarm/build/checkpoints/cl_satswarm.2026_04_01-035153.post_opt.dcp' has been generated.
write_checkpoint: Time (s): cpu = 00:01:07 ; elapsed = 00:01:09 . Memory (MB): peak = 11732.844 ; gain = 0.000 ; free physical = 12541 ; free virtual = 30520
INFO: [Timing 38-91] UpdateTimingParams: Speed grade: -2, Temperature grade: E, Delay Type: max.
INFO: [Timing 38-35] Done setting XDC timing constraints.
INFO: [Timing 38-78] ReportTimingParams: -max_paths 10 -nworst 1 -delay_type max -sort_by group.
CRITICAL WARNING: [Vivado 12-4430] You are lowering the severity from an ERROR. This can potentially lead to board damage or other functionality issues on hardware. If this is not desired, please run 'reset_property SEVERITY [get_drc_checks REQP-123]' to undo this change.
## place_design -directive $PLACE_DIRECT -no_bufg_opt
Command: place_design -directive Default -no_bufg_opt
Running DRC as a precondition to command place_design
[2026-04-01T04:59:53+0000] [3x3_3clz] still running...
AWS FPGA: (04:29:00): Writing post-opt design checkpoint and report
## write_checkpoint -force ${checkpoints_dir}/${CL}.${TAG}.post_opt.dcp
INFO: [Timing 38-480] Writing timing data to binary archive.
INFO: [Common 17-1381] The checkpoint '/home/ubuntu/src/project_data/SatSwarmV2/src/aws-fpga/hdk/cl/examples/cl_satswarm/build/checkpoints/cl_satswarm.2026_04_01-035153.post_opt.dcp' has been generated.
write_checkpoint: Time (s): cpu = 00:01:07 ; elapsed = 00:01:09 . Memory (MB): peak = 11732.844 ; gain = 0.000 ; free physical = 12541 ; free virtual = 30520
INFO: [Timing 38-91] UpdateTimingParams: Speed grade: -2, Temperature grade: E, Delay Type: max.
INFO: [Timing 38-35] Done setting XDC timing constraints.
INFO: [Timing 38-78] ReportTimingParams: -max_paths 10 -nworst 1 -delay_type max -sort_by group.
CRITICAL WARNING: [Vivado 12-4430] You are lowering the severity from an ERROR. This can potentially lead to board damage or other functionality issues on hardware. If this is not desired, please run 'reset_property SEVERITY [get_drc_checks REQP-123]' to undo this change.
## place_design -directive $PLACE_DIRECT -no_bufg_opt
Command: place_design -directive Default -no_bufg_opt
Running DRC as a precondition to command place_design
[2026-04-01T05:01:53+0000] [3x3_3clz] still running...
AWS FPGA: (04:29:00): Writing post-opt design checkpoint and report
## write_checkpoint -force ${checkpoints_dir}/${CL}.${TAG}.post_opt.dcp
INFO: [Timing 38-480] Writing timing data to binary archive.
INFO: [Common 17-1381] The checkpoint '/home/ubuntu/src/project_data/SatSwarmV2/src/aws-fpga/hdk/cl/examples/cl_satswarm/build/checkpoints/cl_satswarm.2026_04_01-035153.post_opt.dcp' has been generated.
write_checkpoint: Time (s): cpu = 00:01:07 ; elapsed = 00:01:09 . Memory (MB): peak = 11732.844 ; gain = 0.000 ; free physical = 12541 ; free virtual = 30520
INFO: [Timing 38-91] UpdateTimingParams: Speed grade: -2, Temperature grade: E, Delay Type: max.
INFO: [Timing 38-35] Done setting XDC timing constraints.
INFO: [Timing 38-78] ReportTimingParams: -max_paths 10 -nworst 1 -delay_type max -sort_by group.
CRITICAL WARNING: [Vivado 12-4430] You are lowering the severity from an ERROR. This can potentially lead to board damage or other functionality issues on hardware. If this is not desired, please run 'reset_property SEVERITY [get_drc_checks REQP-123]' to undo this change.
## place_design -directive $PLACE_DIRECT -no_bufg_opt
Command: place_design -directive Default -no_bufg_opt
Running DRC as a precondition to command place_design
[2026-04-01T05:03:53+0000] [3x3_3clz] still running...
AWS FPGA: (04:29:00): Writing post-opt design checkpoint and report
## write_checkpoint -force ${checkpoints_dir}/${CL}.${TAG}.post_opt.dcp
INFO: [Timing 38-480] Writing timing data to binary archive.
INFO: [Common 17-1381] The checkpoint '/home/ubuntu/src/project_data/SatSwarmV2/src/aws-fpga/hdk/cl/examples/cl_satswarm/build/checkpoints/cl_satswarm.2026_04_01-035153.post_opt.dcp' has been generated.
write_checkpoint: Time (s): cpu = 00:01:07 ; elapsed = 00:01:09 . Memory (MB): peak = 11732.844 ; gain = 0.000 ; free physical = 12541 ; free virtual = 30520
INFO: [Timing 38-91] UpdateTimingParams: Speed grade: -2, Temperature grade: E, Delay Type: max.
INFO: [Timing 38-35] Done setting XDC timing constraints.
INFO: [Timing 38-78] ReportTimingParams: -max_paths 10 -nworst 1 -delay_type max -sort_by group.
CRITICAL WARNING: [Vivado 12-4430] You are lowering the severity from an ERROR. This can potentially lead to board damage or other functionality issues on hardware. If this is not desired, please run 'reset_property SEVERITY [get_drc_checks REQP-123]' to undo this change.
## place_design -directive $PLACE_DIRECT -no_bufg_opt
Command: place_design -directive Default -no_bufg_opt
Running DRC as a precondition to command place_design
[2026-04-01T05:05:53+0000] [3x3_3clz] still running...
AWS FPGA: (04:29:00): Writing post-opt design checkpoint and report
## write_checkpoint -force ${checkpoints_dir}/${CL}.${TAG}.post_opt.dcp
INFO: [Timing 38-480] Writing timing data to binary archive.
INFO: [Common 17-1381] The checkpoint '/home/ubuntu/src/project_data/SatSwarmV2/src/aws-fpga/hdk/cl/examples/cl_satswarm/build/checkpoints/cl_satswarm.2026_04_01-035153.post_opt.dcp' has been generated.
write_checkpoint: Time (s): cpu = 00:01:07 ; elapsed = 00:01:09 . Memory (MB): peak = 11732.844 ; gain = 0.000 ; free physical = 12541 ; free virtual = 30520
INFO: [Timing 38-91] UpdateTimingParams: Speed grade: -2, Temperature grade: E, Delay Type: max.
INFO: [Timing 38-35] Done setting XDC timing constraints.
INFO: [Timing 38-78] ReportTimingParams: -max_paths 10 -nworst 1 -delay_type max -sort_by group.
CRITICAL WARNING: [Vivado 12-4430] You are lowering the severity from an ERROR. This can potentially lead to board damage or other functionality issues on hardware. If this is not desired, please run 'reset_property SEVERITY [get_drc_checks REQP-123]' to undo this change.
## place_design -directive $PLACE_DIRECT -no_bufg_opt
Command: place_design -directive Default -no_bufg_opt
Running DRC as a precondition to command place_design
[2026-04-01T05:07:53+0000] [3x3_3clz] still running...
AWS FPGA: (04:29:00): Writing post-opt design checkpoint and report
## write_checkpoint -force ${checkpoints_dir}/${CL}.${TAG}.post_opt.dcp
INFO: [Timing 38-480] Writing timing data to binary archive.
INFO: [Common 17-1381] The checkpoint '/home/ubuntu/src/project_data/SatSwarmV2/src/aws-fpga/hdk/cl/examples/cl_satswarm/build/checkpoints/cl_satswarm.2026_04_01-035153.post_opt.dcp' has been generated.
write_checkpoint: Time (s): cpu = 00:01:07 ; elapsed = 00:01:09 . Memory (MB): peak = 11732.844 ; gain = 0.000 ; free physical = 12541 ; free virtual = 30520
INFO: [Timing 38-91] UpdateTimingParams: Speed grade: -2, Temperature grade: E, Delay Type: max.
INFO: [Timing 38-35] Done setting XDC timing constraints.
INFO: [Timing 38-78] ReportTimingParams: -max_paths 10 -nworst 1 -delay_type max -sort_by group.
CRITICAL WARNING: [Vivado 12-4430] You are lowering the severity from an ERROR. This can potentially lead to board damage or other functionality issues on hardware. If this is not desired, please run 'reset_property SEVERITY [get_drc_checks REQP-123]' to undo this change.
## place_design -directive $PLACE_DIRECT -no_bufg_opt
Command: place_design -directive Default -no_bufg_opt
Running DRC as a precondition to command place_design
[2026-04-01T05:09:53+0000] [3x3_3clz] still running...
AWS FPGA: (04:29:00): Writing post-opt design checkpoint and report
## write_checkpoint -force ${checkpoints_dir}/${CL}.${TAG}.post_opt.dcp
INFO: [Timing 38-480] Writing timing data to binary archive.
INFO: [Common 17-1381] The checkpoint '/home/ubuntu/src/project_data/SatSwarmV2/src/aws-fpga/hdk/cl/examples/cl_satswarm/build/checkpoints/cl_satswarm.2026_04_01-035153.post_opt.dcp' has been generated.
write_checkpoint: Time (s): cpu = 00:01:07 ; elapsed = 00:01:09 . Memory (MB): peak = 11732.844 ; gain = 0.000 ; free physical = 12541 ; free virtual = 30520
INFO: [Timing 38-91] UpdateTimingParams: Speed grade: -2, Temperature grade: E, Delay Type: max.
INFO: [Timing 38-35] Done setting XDC timing constraints.
INFO: [Timing 38-78] ReportTimingParams: -max_paths 10 -nworst 1 -delay_type max -sort_by group.
CRITICAL WARNING: [Vivado 12-4430] You are lowering the severity from an ERROR. This can potentially lead to board damage or other functionality issues on hardware. If this is not desired, please run 'reset_property SEVERITY [get_drc_checks REQP-123]' to undo this change.
## place_design -directive $PLACE_DIRECT -no_bufg_opt
Command: place_design -directive Default -no_bufg_opt
Running DRC as a precondition to command place_design
[2026-04-01T05:11:53+0000] [3x3_3clz] still running...
## write_checkpoint -force ${checkpoints_dir}/${CL}.${TAG}.post_opt.dcp
INFO: [Timing 38-480] Writing timing data to binary archive.
INFO: [Common 17-1381] The checkpoint '/home/ubuntu/src/project_data/SatSwarmV2/src/aws-fpga/hdk/cl/examples/cl_satswarm/build/checkpoints/cl_satswarm.2026_04_01-035153.post_opt.dcp' has been generated.
write_checkpoint: Time (s): cpu = 00:01:07 ; elapsed = 00:01:09 . Memory (MB): peak = 11732.844 ; gain = 0.000 ; free physical = 12541 ; free virtual = 30520
INFO: [Timing 38-91] UpdateTimingParams: Speed grade: -2, Temperature grade: E, Delay Type: max.
INFO: [Timing 38-35] Done setting XDC timing constraints.
INFO: [Timing 38-78] ReportTimingParams: -max_paths 10 -nworst 1 -delay_type max -sort_by group.
CRITICAL WARNING: [Vivado 12-4430] You are lowering the severity from an ERROR. This can potentially lead to board damage or other functionality issues on hardware. If this is not desired, please run 'reset_property SEVERITY [get_drc_checks REQP-123]' to undo this change.
## place_design -directive $PLACE_DIRECT -no_bufg_opt
Command: place_design -directive Default -no_bufg_opt
Running DRC as a precondition to command place_design
Phase 2.1.1.4 PBP: UpdateTiming
[2026-04-01T05:13:53+0000] [3x3_3clz] still running...
INFO: [Timing 38-480] Writing timing data to binary archive.
INFO: [Common 17-1381] The checkpoint '/home/ubuntu/src/project_data/SatSwarmV2/src/aws-fpga/hdk/cl/examples/cl_satswarm/build/checkpoints/cl_satswarm.2026_04_01-035153.post_opt.dcp' has been generated.
write_checkpoint: Time (s): cpu = 00:01:07 ; elapsed = 00:01:09 . Memory (MB): peak = 11732.844 ; gain = 0.000 ; free physical = 12541 ; free virtual = 30520
INFO: [Timing 38-91] UpdateTimingParams: Speed grade: -2, Temperature grade: E, Delay Type: max.
INFO: [Timing 38-35] Done setting XDC timing constraints.
INFO: [Timing 38-78] ReportTimingParams: -max_paths 10 -nworst 1 -delay_type max -sort_by group.
CRITICAL WARNING: [Vivado 12-4430] You are lowering the severity from an ERROR. This can potentially lead to board damage or other functionality issues on hardware. If this is not desired, please run 'reset_property SEVERITY [get_drc_checks REQP-123]' to undo this change.
## place_design -directive $PLACE_DIRECT -no_bufg_opt
Command: place_design -directive Default -no_bufg_opt
Running DRC as a precondition to command place_design
Phase 2.1.1.4 PBP: UpdateTiming
Phase 2.1.1.4 PBP: UpdateTiming | Checksum: 1dcb4edd8
[2026-04-01T05:15:53+0000] [3x3_3clz] still running...
write_checkpoint: Time (s): cpu = 00:01:07 ; elapsed = 00:01:09 . Memory (MB): peak = 11732.844 ; gain = 0.000 ; free physical = 12541 ; free virtual = 30520
INFO: [Timing 38-91] UpdateTimingParams: Speed grade: -2, Temperature grade: E, Delay Type: max.
INFO: [Timing 38-35] Done setting XDC timing constraints.
INFO: [Timing 38-78] ReportTimingParams: -max_paths 10 -nworst 1 -delay_type max -sort_by group.
CRITICAL WARNING: [Vivado 12-4430] You are lowering the severity from an ERROR. This can potentially lead to board damage or other functionality issues on hardware. If this is not desired, please run 'reset_property SEVERITY [get_drc_checks REQP-123]' to undo this change.
## place_design -directive $PLACE_DIRECT -no_bufg_opt
Command: place_design -directive Default -no_bufg_opt
Running DRC as a precondition to command place_design
Phase 2.1.1.4 PBP: UpdateTiming
Phase 2.1.1.4 PBP: UpdateTiming | Checksum: 1dcb4edd8
Phase 2.3 Update Timing before SLR Path Opt
Phase 2.3 Update Timing before SLR Path Opt | Checksum: 1553b37eb
[2026-04-01T05:17:53+0000] [3x3_3clz] still running...
write_checkpoint: Time (s): cpu = 00:01:07 ; elapsed = 00:01:09 . Memory (MB): peak = 11732.844 ; gain = 0.000 ; free physical = 12541 ; free virtual = 30520
INFO: [Timing 38-91] UpdateTimingParams: Speed grade: -2, Temperature grade: E, Delay Type: max.
INFO: [Timing 38-35] Done setting XDC timing constraints.
INFO: [Timing 38-78] ReportTimingParams: -max_paths 10 -nworst 1 -delay_type max -sort_by group.
CRITICAL WARNING: [Vivado 12-4430] You are lowering the severity from an ERROR. This can potentially lead to board damage or other functionality issues on hardware. If this is not desired, please run 'reset_property SEVERITY [get_drc_checks REQP-123]' to undo this change.
## place_design -directive $PLACE_DIRECT -no_bufg_opt
Command: place_design -directive Default -no_bufg_opt
Running DRC as a precondition to command place_design
Phase 2.1.1.4 PBP: UpdateTiming
Phase 2.1.1.4 PBP: UpdateTiming | Checksum: 1dcb4edd8
Phase 2.3 Update Timing before SLR Path Opt
Phase 2.3 Update Timing before SLR Path Opt | Checksum: 1553b37eb
[2026-04-01T05:19:53+0000] [3x3_3clz] still running...
write_checkpoint: Time (s): cpu = 00:01:07 ; elapsed = 00:01:09 . Memory (MB): peak = 11732.844 ; gain = 0.000 ; free physical = 12541 ; free virtual = 30520
INFO: [Timing 38-91] UpdateTimingParams: Speed grade: -2, Temperature grade: E, Delay Type: max.
INFO: [Timing 38-35] Done setting XDC timing constraints.
INFO: [Timing 38-78] ReportTimingParams: -max_paths 10 -nworst 1 -delay_type max -sort_by group.
CRITICAL WARNING: [Vivado 12-4430] You are lowering the severity from an ERROR. This can potentially lead to board damage or other functionality issues on hardware. If this is not desired, please run 'reset_property SEVERITY [get_drc_checks REQP-123]' to undo this change.
## place_design -directive $PLACE_DIRECT -no_bufg_opt
Command: place_design -directive Default -no_bufg_opt
Running DRC as a precondition to command place_design
Phase 2.1.1.4 PBP: UpdateTiming
Phase 2.1.1.4 PBP: UpdateTiming | Checksum: 1dcb4edd8
Phase 2.3 Update Timing before SLR Path Opt
Phase 2.3 Update Timing before SLR Path Opt | Checksum: 1553b37eb
[2026-04-01T05:21:53+0000] [3x3_3clz] still running...
write_checkpoint: Time (s): cpu = 00:01:07 ; elapsed = 00:01:09 . Memory (MB): peak = 11732.844 ; gain = 0.000 ; free physical = 12541 ; free virtual = 30520
INFO: [Timing 38-91] UpdateTimingParams: Speed grade: -2, Temperature grade: E, Delay Type: max.
INFO: [Timing 38-35] Done setting XDC timing constraints.
INFO: [Timing 38-78] ReportTimingParams: -max_paths 10 -nworst 1 -delay_type max -sort_by group.
CRITICAL WARNING: [Vivado 12-4430] You are lowering the severity from an ERROR. This can potentially lead to board damage or other functionality issues on hardware. If this is not desired, please run 'reset_property SEVERITY [get_drc_checks REQP-123]' to undo this change.
## place_design -directive $PLACE_DIRECT -no_bufg_opt
Command: place_design -directive Default -no_bufg_opt
Running DRC as a precondition to command place_design
Phase 2.1.1.4 PBP: UpdateTiming
Phase 2.1.1.4 PBP: UpdateTiming | Checksum: 1dcb4edd8
Phase 2.3 Update Timing before SLR Path Opt
Phase 2.3 Update Timing before SLR Path Opt | Checksum: 1553b37eb
[2026-04-01T05:23:53+0000] [3x3_3clz] still running...
write_checkpoint: Time (s): cpu = 00:01:07 ; elapsed = 00:01:09 . Memory (MB): peak = 11732.844 ; gain = 0.000 ; free physical = 12541 ; free virtual = 30520
INFO: [Timing 38-91] UpdateTimingParams: Speed grade: -2, Temperature grade: E, Delay Type: max.
INFO: [Timing 38-35] Done setting XDC timing constraints.
INFO: [Timing 38-78] ReportTimingParams: -max_paths 10 -nworst 1 -delay_type max -sort_by group.
CRITICAL WARNING: [Vivado 12-4430] You are lowering the severity from an ERROR. This can potentially lead to board damage or other functionality issues on hardware. If this is not desired, please run 'reset_property SEVERITY [get_drc_checks REQP-123]' to undo this change.
## place_design -directive $PLACE_DIRECT -no_bufg_opt
Command: place_design -directive Default -no_bufg_opt
Running DRC as a precondition to command place_design
Phase 2.1.1.4 PBP: UpdateTiming
Phase 2.1.1.4 PBP: UpdateTiming | Checksum: 1dcb4edd8
Phase 2.3 Update Timing before SLR Path Opt
Phase 2.3 Update Timing before SLR Path Opt | Checksum: 1553b37eb
[2026-04-01T05:25:53+0000] [3x3_3clz] still running...
write_checkpoint: Time (s): cpu = 00:01:07 ; elapsed = 00:01:09 . Memory (MB): peak = 11732.844 ; gain = 0.000 ; free physical = 12541 ; free virtual = 30520
INFO: [Timing 38-91] UpdateTimingParams: Speed grade: -2, Temperature grade: E, Delay Type: max.
INFO: [Timing 38-35] Done setting XDC timing constraints.
INFO: [Timing 38-78] ReportTimingParams: -max_paths 10 -nworst 1 -delay_type max -sort_by group.
CRITICAL WARNING: [Vivado 12-4430] You are lowering the severity from an ERROR. This can potentially lead to board damage or other functionality issues on hardware. If this is not desired, please run 'reset_property SEVERITY [get_drc_checks REQP-123]' to undo this change.
## place_design -directive $PLACE_DIRECT -no_bufg_opt
Command: place_design -directive Default -no_bufg_opt
Running DRC as a precondition to command place_design
Phase 2.1.1.4 PBP: UpdateTiming
Phase 2.1.1.4 PBP: UpdateTiming | Checksum: 1dcb4edd8
Phase 2.3 Update Timing before SLR Path Opt
Phase 2.3 Update Timing before SLR Path Opt | Checksum: 1553b37eb
[2026-04-01T05:27:53+0000] [3x3_3clz] still running...
write_checkpoint: Time (s): cpu = 00:01:07 ; elapsed = 00:01:09 . Memory (MB): peak = 11732.844 ; gain = 0.000 ; free physical = 12541 ; free virtual = 30520
INFO: [Timing 38-91] UpdateTimingParams: Speed grade: -2, Temperature grade: E, Delay Type: max.
INFO: [Timing 38-35] Done setting XDC timing constraints.
INFO: [Timing 38-78] ReportTimingParams: -max_paths 10 -nworst 1 -delay_type max -sort_by group.
CRITICAL WARNING: [Vivado 12-4430] You are lowering the severity from an ERROR. This can potentially lead to board damage or other functionality issues on hardware. If this is not desired, please run 'reset_property SEVERITY [get_drc_checks REQP-123]' to undo this change.
## place_design -directive $PLACE_DIRECT -no_bufg_opt
Command: place_design -directive Default -no_bufg_opt
Running DRC as a precondition to command place_design
Phase 2.1.1.4 PBP: UpdateTiming
Phase 2.1.1.4 PBP: UpdateTiming | Checksum: 1dcb4edd8
Phase 2.3 Update Timing before SLR Path Opt
Phase 2.3 Update Timing before SLR Path Opt | Checksum: 1553b37eb
[2026-04-01T05:29:53+0000] [3x3_3clz] still running...
write_checkpoint: Time (s): cpu = 00:01:07 ; elapsed = 00:01:09 . Memory (MB): peak = 11732.844 ; gain = 0.000 ; free physical = 12541 ; free virtual = 30520
INFO: [Timing 38-91] UpdateTimingParams: Speed grade: -2, Temperature grade: E, Delay Type: max.
INFO: [Timing 38-35] Done setting XDC timing constraints.
INFO: [Timing 38-78] ReportTimingParams: -max_paths 10 -nworst 1 -delay_type max -sort_by group.
CRITICAL WARNING: [Vivado 12-4430] You are lowering the severity from an ERROR. This can potentially lead to board damage or other functionality issues on hardware. If this is not desired, please run 'reset_property SEVERITY [get_drc_checks REQP-123]' to undo this change.
## place_design -directive $PLACE_DIRECT -no_bufg_opt
Command: place_design -directive Default -no_bufg_opt
Running DRC as a precondition to command place_design
Phase 2.1.1.4 PBP: UpdateTiming
Phase 2.1.1.4 PBP: UpdateTiming | Checksum: 1dcb4edd8
Phase 2.3 Update Timing before SLR Path Opt
Phase 2.3 Update Timing before SLR Path Opt | Checksum: 1553b37eb
[2026-04-01T05:31:53+0000] [3x3_3clz] still running...
write_checkpoint: Time (s): cpu = 00:01:07 ; elapsed = 00:01:09 . Memory (MB): peak = 11732.844 ; gain = 0.000 ; free physical = 12541 ; free virtual = 30520
INFO: [Timing 38-91] UpdateTimingParams: Speed grade: -2, Temperature grade: E, Delay Type: max.
INFO: [Timing 38-35] Done setting XDC timing constraints.
INFO: [Timing 38-78] ReportTimingParams: -max_paths 10 -nworst 1 -delay_type max -sort_by group.
CRITICAL WARNING: [Vivado 12-4430] You are lowering the severity from an ERROR. This can potentially lead to board damage or other functionality issues on hardware. If this is not desired, please run 'reset_property SEVERITY [get_drc_checks REQP-123]' to undo this change.
## place_design -directive $PLACE_DIRECT -no_bufg_opt
Command: place_design -directive Default -no_bufg_opt
Running DRC as a precondition to command place_design
Phase 2.1.1.4 PBP: UpdateTiming
Phase 2.1.1.4 PBP: UpdateTiming | Checksum: 1dcb4edd8
Phase 2.3 Update Timing before SLR Path Opt
Phase 2.3 Update Timing before SLR Path Opt | Checksum: 1553b37eb
[2026-04-01T05:33:53+0000] [3x3_3clz] still running...
write_checkpoint: Time (s): cpu = 00:01:07 ; elapsed = 00:01:09 . Memory (MB): peak = 11732.844 ; gain = 0.000 ; free physical = 12541 ; free virtual = 30520
INFO: [Timing 38-91] UpdateTimingParams: Speed grade: -2, Temperature grade: E, Delay Type: max.
INFO: [Timing 38-35] Done setting XDC timing constraints.
INFO: [Timing 38-78] ReportTimingParams: -max_paths 10 -nworst 1 -delay_type max -sort_by group.
CRITICAL WARNING: [Vivado 12-4430] You are lowering the severity from an ERROR. This can potentially lead to board damage or other functionality issues on hardware. If this is not desired, please run 'reset_property SEVERITY [get_drc_checks REQP-123]' to undo this change.
## place_design -directive $PLACE_DIRECT -no_bufg_opt
Command: place_design -directive Default -no_bufg_opt
Running DRC as a precondition to command place_design
Phase 2.1.1.4 PBP: UpdateTiming
Phase 2.1.1.4 PBP: UpdateTiming | Checksum: 1dcb4edd8
Phase 2.3 Update Timing before SLR Path Opt
Phase 2.3 Update Timing before SLR Path Opt | Checksum: 1553b37eb
[2026-04-01T05:35:53+0000] [3x3_3clz] still running...
write_checkpoint: Time (s): cpu = 00:01:07 ; elapsed = 00:01:09 . Memory (MB): peak = 11732.844 ; gain = 0.000 ; free physical = 12541 ; free virtual = 30520
INFO: [Timing 38-91] UpdateTimingParams: Speed grade: -2, Temperature grade: E, Delay Type: max.
INFO: [Timing 38-35] Done setting XDC timing constraints.
INFO: [Timing 38-78] ReportTimingParams: -max_paths 10 -nworst 1 -delay_type max -sort_by group.
CRITICAL WARNING: [Vivado 12-4430] You are lowering the severity from an ERROR. This can potentially lead to board damage or other functionality issues on hardware. If this is not desired, please run 'reset_property SEVERITY [get_drc_checks REQP-123]' to undo this change.
## place_design -directive $PLACE_DIRECT -no_bufg_opt
Command: place_design -directive Default -no_bufg_opt
Running DRC as a precondition to command place_design
Phase 2.1.1.4 PBP: UpdateTiming
Phase 2.1.1.4 PBP: UpdateTiming | Checksum: 1dcb4edd8
Phase 2.3 Update Timing before SLR Path Opt
Phase 2.3 Update Timing before SLR Path Opt | Checksum: 1553b37eb
[2026-04-01T05:37:53+0000] [3x3_3clz] still running...
INFO: [Timing 38-91] UpdateTimingParams: Speed grade: -2, Temperature grade: E, Delay Type: max.
INFO: [Timing 38-35] Done setting XDC timing constraints.
INFO: [Timing 38-78] ReportTimingParams: -max_paths 10 -nworst 1 -delay_type max -sort_by group.
CRITICAL WARNING: [Vivado 12-4430] You are lowering the severity from an ERROR. This can potentially lead to board damage or other functionality issues on hardware. If this is not desired, please run 'reset_property SEVERITY [get_drc_checks REQP-123]' to undo this change.
## place_design -directive $PLACE_DIRECT -no_bufg_opt
Command: place_design -directive Default -no_bufg_opt
Running DRC as a precondition to command place_design
Phase 2.1.1.4 PBP: UpdateTiming
Phase 2.1.1.4 PBP: UpdateTiming | Checksum: 1dcb4edd8
Phase 2.3 Update Timing before SLR Path Opt
Phase 2.3 Update Timing before SLR Path Opt | Checksum: 1553b37eb
Phase 2.6.1 UpdateTiming Before Physical Synthesis
[2026-04-01T05:39:53+0000] [3x3_3clz] still running...
INFO: [Timing 38-35] Done setting XDC timing constraints.
INFO: [Timing 38-78] ReportTimingParams: -max_paths 10 -nworst 1 -delay_type max -sort_by group.
CRITICAL WARNING: [Vivado 12-4430] You are lowering the severity from an ERROR. This can potentially lead to board damage or other functionality issues on hardware. If this is not desired, please run 'reset_property SEVERITY [get_drc_checks REQP-123]' to undo this change.
## place_design -directive $PLACE_DIRECT -no_bufg_opt
Command: place_design -directive Default -no_bufg_opt
Running DRC as a precondition to command place_design
Phase 2.1.1.4 PBP: UpdateTiming
Phase 2.1.1.4 PBP: UpdateTiming | Checksum: 1dcb4edd8
Phase 2.3 Update Timing before SLR Path Opt
Phase 2.3 Update Timing before SLR Path Opt | Checksum: 1553b37eb
Phase 2.6.1 UpdateTiming Before Physical Synthesis
Phase 2.6.1 UpdateTiming Before Physical Synthesis | Checksum: 1962b4db7
[2026-04-01T05:41:53+0000] [3x3_3clz] still running...
INFO: [Timing 38-35] Done setting XDC timing constraints.
INFO: [Timing 38-78] ReportTimingParams: -max_paths 10 -nworst 1 -delay_type max -sort_by group.
CRITICAL WARNING: [Vivado 12-4430] You are lowering the severity from an ERROR. This can potentially lead to board damage or other functionality issues on hardware. If this is not desired, please run 'reset_property SEVERITY [get_drc_checks REQP-123]' to undo this change.
## place_design -directive $PLACE_DIRECT -no_bufg_opt
Command: place_design -directive Default -no_bufg_opt
Running DRC as a precondition to command place_design
Phase 2.1.1.4 PBP: UpdateTiming
Phase 2.1.1.4 PBP: UpdateTiming | Checksum: 1dcb4edd8
Phase 2.3 Update Timing before SLR Path Opt
Phase 2.3 Update Timing before SLR Path Opt | Checksum: 1553b37eb
Phase 2.6.1 UpdateTiming Before Physical Synthesis
Phase 2.6.1 UpdateTiming Before Physical Synthesis | Checksum: 1962b4db7
[2026-04-01T05:43:53+0000] [3x3_3clz] still running...
INFO: [Timing 38-35] Done setting XDC timing constraints.
INFO: [Timing 38-78] ReportTimingParams: -max_paths 10 -nworst 1 -delay_type max -sort_by group.
CRITICAL WARNING: [Vivado 12-4430] You are lowering the severity from an ERROR. This can potentially lead to board damage or other functionality issues on hardware. If this is not desired, please run 'reset_property SEVERITY [get_drc_checks REQP-123]' to undo this change.
## place_design -directive $PLACE_DIRECT -no_bufg_opt
Command: place_design -directive Default -no_bufg_opt
Running DRC as a precondition to command place_design
Phase 2.1.1.4 PBP: UpdateTiming
Phase 2.1.1.4 PBP: UpdateTiming | Checksum: 1dcb4edd8
Phase 2.3 Update Timing before SLR Path Opt
Phase 2.3 Update Timing before SLR Path Opt | Checksum: 1553b37eb
Phase 2.6.1 UpdateTiming Before Physical Synthesis
Phase 2.6.1 UpdateTiming Before Physical Synthesis | Checksum: 1962b4db7
[2026-04-01T05:45:53+0000] [3x3_3clz] still running...
INFO: [Timing 38-35] Done setting XDC timing constraints.
INFO: [Timing 38-78] ReportTimingParams: -max_paths 10 -nworst 1 -delay_type max -sort_by group.
CRITICAL WARNING: [Vivado 12-4430] You are lowering the severity from an ERROR. This can potentially lead to board damage or other functionality issues on hardware. If this is not desired, please run 'reset_property SEVERITY [get_drc_checks REQP-123]' to undo this change.
## place_design -directive $PLACE_DIRECT -no_bufg_opt
Command: place_design -directive Default -no_bufg_opt
Running DRC as a precondition to command place_design
Phase 2.1.1.4 PBP: UpdateTiming
Phase 2.1.1.4 PBP: UpdateTiming | Checksum: 1dcb4edd8
Phase 2.3 Update Timing before SLR Path Opt
Phase 2.3 Update Timing before SLR Path Opt | Checksum: 1553b37eb
Phase 2.6.1 UpdateTiming Before Physical Synthesis
Phase 2.6.1 UpdateTiming Before Physical Synthesis | Checksum: 1962b4db7
[2026-04-01T05:47:53+0000] [3x3_3clz] still running...
INFO: [Timing 38-35] Done setting XDC timing constraints.
INFO: [Timing 38-78] ReportTimingParams: -max_paths 10 -nworst 1 -delay_type max -sort_by group.
CRITICAL WARNING: [Vivado 12-4430] You are lowering the severity from an ERROR. This can potentially lead to board damage or other functionality issues on hardware. If this is not desired, please run 'reset_property SEVERITY [get_drc_checks REQP-123]' to undo this change.
## place_design -directive $PLACE_DIRECT -no_bufg_opt
Command: place_design -directive Default -no_bufg_opt
Running DRC as a precondition to command place_design
Phase 2.1.1.4 PBP: UpdateTiming
Phase 2.1.1.4 PBP: UpdateTiming | Checksum: 1dcb4edd8
Phase 2.3 Update Timing before SLR Path Opt
Phase 2.3 Update Timing before SLR Path Opt | Checksum: 1553b37eb
Phase 2.6.1 UpdateTiming Before Physical Synthesis
Phase 2.6.1 UpdateTiming Before Physical Synthesis | Checksum: 1962b4db7
[2026-04-01T05:49:53+0000] [3x3_3clz] still running...
INFO: [Timing 38-35] Done setting XDC timing constraints.
INFO: [Timing 38-78] ReportTimingParams: -max_paths 10 -nworst 1 -delay_type max -sort_by group.
CRITICAL WARNING: [Vivado 12-4430] You are lowering the severity from an ERROR. This can potentially lead to board damage or other functionality issues on hardware. If this is not desired, please run 'reset_property SEVERITY [get_drc_checks REQP-123]' to undo this change.
## place_design -directive $PLACE_DIRECT -no_bufg_opt
Command: place_design -directive Default -no_bufg_opt
Running DRC as a precondition to command place_design
Phase 2.1.1.4 PBP: UpdateTiming
Phase 2.1.1.4 PBP: UpdateTiming | Checksum: 1dcb4edd8
Phase 2.3 Update Timing before SLR Path Opt
Phase 2.3 Update Timing before SLR Path Opt | Checksum: 1553b37eb
Phase 2.6.1 UpdateTiming Before Physical Synthesis
Phase 2.6.1 UpdateTiming Before Physical Synthesis | Checksum: 1962b4db7
[2026-04-01T05:51:53+0000] [3x3_3clz] still running...
INFO: [Timing 38-35] Done setting XDC timing constraints.
INFO: [Timing 38-78] ReportTimingParams: -max_paths 10 -nworst 1 -delay_type max -sort_by group.
CRITICAL WARNING: [Vivado 12-4430] You are lowering the severity from an ERROR. This can potentially lead to board damage or other functionality issues on hardware. If this is not desired, please run 'reset_property SEVERITY [get_drc_checks REQP-123]' to undo this change.
## place_design -directive $PLACE_DIRECT -no_bufg_opt
Command: place_design -directive Default -no_bufg_opt
Running DRC as a precondition to command place_design
Phase 2.1.1.4 PBP: UpdateTiming
Phase 2.1.1.4 PBP: UpdateTiming | Checksum: 1dcb4edd8
Phase 2.3 Update Timing before SLR Path Opt
Phase 2.3 Update Timing before SLR Path Opt | Checksum: 1553b37eb
Phase 2.6.1 UpdateTiming Before Physical Synthesis
Phase 2.6.1 UpdateTiming Before Physical Synthesis | Checksum: 1962b4db7
[2026-04-01T05:53:53+0000] [3x3_3clz] still running...
INFO: [Timing 38-35] Done setting XDC timing constraints.
INFO: [Timing 38-78] ReportTimingParams: -max_paths 10 -nworst 1 -delay_type max -sort_by group.
CRITICAL WARNING: [Vivado 12-4430] You are lowering the severity from an ERROR. This can potentially lead to board damage or other functionality issues on hardware. If this is not desired, please run 'reset_property SEVERITY [get_drc_checks REQP-123]' to undo this change.
## place_design -directive $PLACE_DIRECT -no_bufg_opt
Command: place_design -directive Default -no_bufg_opt
Running DRC as a precondition to command place_design
Phase 2.1.1.4 PBP: UpdateTiming
Phase 2.1.1.4 PBP: UpdateTiming | Checksum: 1dcb4edd8
Phase 2.3 Update Timing before SLR Path Opt
Phase 2.3 Update Timing before SLR Path Opt | Checksum: 1553b37eb
Phase 2.6.1 UpdateTiming Before Physical Synthesis
Phase 2.6.1 UpdateTiming Before Physical Synthesis | Checksum: 1962b4db7
[2026-04-01T05:55:53+0000] [3x3_3clz] still running...
INFO: [Timing 38-35] Done setting XDC timing constraints.
INFO: [Timing 38-78] ReportTimingParams: -max_paths 10 -nworst 1 -delay_type max -sort_by group.
CRITICAL WARNING: [Vivado 12-4430] You are lowering the severity from an ERROR. This can potentially lead to board damage or other functionality issues on hardware. If this is not desired, please run 'reset_property SEVERITY [get_drc_checks REQP-123]' to undo this change.
## place_design -directive $PLACE_DIRECT -no_bufg_opt
Command: place_design -directive Default -no_bufg_opt
Running DRC as a precondition to command place_design
Phase 2.1.1.4 PBP: UpdateTiming
Phase 2.1.1.4 PBP: UpdateTiming | Checksum: 1dcb4edd8
Phase 2.3 Update Timing before SLR Path Opt
Phase 2.3 Update Timing before SLR Path Opt | Checksum: 1553b37eb
Phase 2.6.1 UpdateTiming Before Physical Synthesis
Phase 2.6.1 UpdateTiming Before Physical Synthesis | Checksum: 1962b4db7
[2026-04-01T05:57:53+0000] [3x3_3clz] still running...
INFO: [Timing 38-35] Done setting XDC timing constraints.
INFO: [Timing 38-78] ReportTimingParams: -max_paths 10 -nworst 1 -delay_type max -sort_by group.
CRITICAL WARNING: [Vivado 12-4430] You are lowering the severity from an ERROR. This can potentially lead to board damage or other functionality issues on hardware. If this is not desired, please run 'reset_property SEVERITY [get_drc_checks REQP-123]' to undo this change.
## place_design -directive $PLACE_DIRECT -no_bufg_opt
Command: place_design -directive Default -no_bufg_opt
Running DRC as a precondition to command place_design
Phase 2.1.1.4 PBP: UpdateTiming
Phase 2.1.1.4 PBP: UpdateTiming | Checksum: 1dcb4edd8
Phase 2.3 Update Timing before SLR Path Opt
Phase 2.3 Update Timing before SLR Path Opt | Checksum: 1553b37eb
Phase 2.6.1 UpdateTiming Before Physical Synthesis
Phase 2.6.1 UpdateTiming Before Physical Synthesis | Checksum: 1962b4db7
[2026-04-01T05:59:53+0000] [3x3_3clz] still running...
INFO: [Timing 38-35] Done setting XDC timing constraints.
INFO: [Timing 38-78] ReportTimingParams: -max_paths 10 -nworst 1 -delay_type max -sort_by group.
CRITICAL WARNING: [Vivado 12-4430] You are lowering the severity from an ERROR. This can potentially lead to board damage or other functionality issues on hardware. If this is not desired, please run 'reset_property SEVERITY [get_drc_checks REQP-123]' to undo this change.
## place_design -directive $PLACE_DIRECT -no_bufg_opt
Command: place_design -directive Default -no_bufg_opt
Running DRC as a precondition to command place_design
Phase 2.1.1.4 PBP: UpdateTiming
Phase 2.1.1.4 PBP: UpdateTiming | Checksum: 1dcb4edd8
Phase 2.3 Update Timing before SLR Path Opt
Phase 2.3 Update Timing before SLR Path Opt | Checksum: 1553b37eb
Phase 2.6.1 UpdateTiming Before Physical Synthesis
Phase 2.6.1 UpdateTiming Before Physical Synthesis | Checksum: 1962b4db7
[2026-04-01T06:01:53+0000] [3x3_3clz] still running...
INFO: [Timing 38-35] Done setting XDC timing constraints.
INFO: [Timing 38-78] ReportTimingParams: -max_paths 10 -nworst 1 -delay_type max -sort_by group.
CRITICAL WARNING: [Vivado 12-4430] You are lowering the severity from an ERROR. This can potentially lead to board damage or other functionality issues on hardware. If this is not desired, please run 'reset_property SEVERITY [get_drc_checks REQP-123]' to undo this change.
## place_design -directive $PLACE_DIRECT -no_bufg_opt
Command: place_design -directive Default -no_bufg_opt
Running DRC as a precondition to command place_design
Phase 2.1.1.4 PBP: UpdateTiming
Phase 2.1.1.4 PBP: UpdateTiming | Checksum: 1dcb4edd8
Phase 2.3 Update Timing before SLR Path Opt
Phase 2.3 Update Timing before SLR Path Opt | Checksum: 1553b37eb
Phase 2.6.1 UpdateTiming Before Physical Synthesis
Phase 2.6.1 UpdateTiming Before Physical Synthesis | Checksum: 1962b4db7
[2026-04-01T06:03:53+0000] [3x3_3clz] still running...
INFO: [Timing 38-35] Done setting XDC timing constraints.
INFO: [Timing 38-78] ReportTimingParams: -max_paths 10 -nworst 1 -delay_type max -sort_by group.
CRITICAL WARNING: [Vivado 12-4430] You are lowering the severity from an ERROR. This can potentially lead to board damage or other functionality issues on hardware. If this is not desired, please run 'reset_property SEVERITY [get_drc_checks REQP-123]' to undo this change.
## place_design -directive $PLACE_DIRECT -no_bufg_opt
Command: place_design -directive Default -no_bufg_opt
Running DRC as a precondition to command place_design
Phase 2.1.1.4 PBP: UpdateTiming
Phase 2.1.1.4 PBP: UpdateTiming | Checksum: 1dcb4edd8
Phase 2.3 Update Timing before SLR Path Opt
Phase 2.3 Update Timing before SLR Path Opt | Checksum: 1553b37eb
Phase 2.6.1 UpdateTiming Before Physical Synthesis
Phase 2.6.1 UpdateTiming Before Physical Synthesis | Checksum: 1962b4db7
[2026-04-01T06:05:53+0000] [3x3_3clz] still running...
INFO: [Timing 38-35] Done setting XDC timing constraints.
INFO: [Timing 38-78] ReportTimingParams: -max_paths 10 -nworst 1 -delay_type max -sort_by group.
CRITICAL WARNING: [Vivado 12-4430] You are lowering the severity from an ERROR. This can potentially lead to board damage or other functionality issues on hardware. If this is not desired, please run 'reset_property SEVERITY [get_drc_checks REQP-123]' to undo this change.
## place_design -directive $PLACE_DIRECT -no_bufg_opt
Command: place_design -directive Default -no_bufg_opt
Running DRC as a precondition to command place_design
Phase 2.1.1.4 PBP: UpdateTiming
Phase 2.1.1.4 PBP: UpdateTiming | Checksum: 1dcb4edd8
Phase 2.3 Update Timing before SLR Path Opt
Phase 2.3 Update Timing before SLR Path Opt | Checksum: 1553b37eb
Phase 2.6.1 UpdateTiming Before Physical Synthesis
Phase 2.6.1 UpdateTiming Before Physical Synthesis | Checksum: 1962b4db7
[2026-04-01T06:07:53+0000] [3x3_3clz] still running...
INFO: [Timing 38-35] Done setting XDC timing constraints.
INFO: [Timing 38-78] ReportTimingParams: -max_paths 10 -nworst 1 -delay_type max -sort_by group.
CRITICAL WARNING: [Vivado 12-4430] You are lowering the severity from an ERROR. This can potentially lead to board damage or other functionality issues on hardware. If this is not desired, please run 'reset_property SEVERITY [get_drc_checks REQP-123]' to undo this change.
## place_design -directive $PLACE_DIRECT -no_bufg_opt
Command: place_design -directive Default -no_bufg_opt
Running DRC as a precondition to command place_design
Phase 2.1.1.4 PBP: UpdateTiming
Phase 2.1.1.4 PBP: UpdateTiming | Checksum: 1dcb4edd8
Phase 2.3 Update Timing before SLR Path Opt
Phase 2.3 Update Timing before SLR Path Opt | Checksum: 1553b37eb
Phase 2.6.1 UpdateTiming Before Physical Synthesis
Phase 2.6.1 UpdateTiming Before Physical Synthesis | Checksum: 1962b4db7
[2026-04-01T06:09:53+0000] [3x3_3clz] still running...
INFO: [Timing 38-35] Done setting XDC timing constraints.
INFO: [Timing 38-78] ReportTimingParams: -max_paths 10 -nworst 1 -delay_type max -sort_by group.
CRITICAL WARNING: [Vivado 12-4430] You are lowering the severity from an ERROR. This can potentially lead to board damage or other functionality issues on hardware. If this is not desired, please run 'reset_property SEVERITY [get_drc_checks REQP-123]' to undo this change.
## place_design -directive $PLACE_DIRECT -no_bufg_opt
Command: place_design -directive Default -no_bufg_opt
Running DRC as a precondition to command place_design
Phase 2.1.1.4 PBP: UpdateTiming
Phase 2.1.1.4 PBP: UpdateTiming | Checksum: 1dcb4edd8
Phase 2.3 Update Timing before SLR Path Opt
Phase 2.3 Update Timing before SLR Path Opt | Checksum: 1553b37eb
Phase 2.6.1 UpdateTiming Before Physical Synthesis
Phase 2.6.1 UpdateTiming Before Physical Synthesis | Checksum: 1962b4db7
[2026-04-01T06:11:53+0000] [3x3_3clz] still running...
INFO: [Timing 38-35] Done setting XDC timing constraints.
INFO: [Timing 38-78] ReportTimingParams: -max_paths 10 -nworst 1 -delay_type max -sort_by group.
CRITICAL WARNING: [Vivado 12-4430] You are lowering the severity from an ERROR. This can potentially lead to board damage or other functionality issues on hardware. If this is not desired, please run 'reset_property SEVERITY [get_drc_checks REQP-123]' to undo this change.
## place_design -directive $PLACE_DIRECT -no_bufg_opt
Command: place_design -directive Default -no_bufg_opt
Running DRC as a precondition to command place_design
Phase 2.1.1.4 PBP: UpdateTiming
Phase 2.1.1.4 PBP: UpdateTiming | Checksum: 1dcb4edd8
Phase 2.3 Update Timing before SLR Path Opt
Phase 2.3 Update Timing before SLR Path Opt | Checksum: 1553b37eb
Phase 2.6.1 UpdateTiming Before Physical Synthesis
Phase 2.6.1 UpdateTiming Before Physical Synthesis | Checksum: 1962b4db7
[2026-04-01T06:13:53+0000] [3x3_3clz] still running...
INFO: [Timing 38-35] Done setting XDC timing constraints.
INFO: [Timing 38-78] ReportTimingParams: -max_paths 10 -nworst 1 -delay_type max -sort_by group.
CRITICAL WARNING: [Vivado 12-4430] You are lowering the severity from an ERROR. This can potentially lead to board damage or other functionality issues on hardware. If this is not desired, please run 'reset_property SEVERITY [get_drc_checks REQP-123]' to undo this change.
## place_design -directive $PLACE_DIRECT -no_bufg_opt
Command: place_design -directive Default -no_bufg_opt
Running DRC as a precondition to command place_design
Phase 2.1.1.4 PBP: UpdateTiming
Phase 2.1.1.4 PBP: UpdateTiming | Checksum: 1dcb4edd8
Phase 2.3 Update Timing before SLR Path Opt
Phase 2.3 Update Timing before SLR Path Opt | Checksum: 1553b37eb
Phase 2.6.1 UpdateTiming Before Physical Synthesis
Phase 2.6.1 UpdateTiming Before Physical Synthesis | Checksum: 1962b4db7
[2026-04-01T06:15:53+0000] [3x3_3clz] still running...
INFO: [Timing 38-35] Done setting XDC timing constraints.
INFO: [Timing 38-78] ReportTimingParams: -max_paths 10 -nworst 1 -delay_type max -sort_by group.
CRITICAL WARNING: [Vivado 12-4430] You are lowering the severity from an ERROR. This can potentially lead to board damage or other functionality issues on hardware. If this is not desired, please run 'reset_property SEVERITY [get_drc_checks REQP-123]' to undo this change.
## place_design -directive $PLACE_DIRECT -no_bufg_opt
Command: place_design -directive Default -no_bufg_opt
Running DRC as a precondition to command place_design
Phase 2.1.1.4 PBP: UpdateTiming
Phase 2.1.1.4 PBP: UpdateTiming | Checksum: 1dcb4edd8
Phase 2.3 Update Timing before SLR Path Opt
Phase 2.3 Update Timing before SLR Path Opt | Checksum: 1553b37eb
Phase 2.6.1 UpdateTiming Before Physical Synthesis
Phase 2.6.1 UpdateTiming Before Physical Synthesis | Checksum: 1962b4db7
[2026-04-01T06:17:53+0000] [3x3_3clz] still running...
INFO: [Timing 38-35] Done setting XDC timing constraints.
INFO: [Timing 38-78] ReportTimingParams: -max_paths 10 -nworst 1 -delay_type max -sort_by group.
CRITICAL WARNING: [Vivado 12-4430] You are lowering the severity from an ERROR. This can potentially lead to board damage or other functionality issues on hardware. If this is not desired, please run 'reset_property SEVERITY [get_drc_checks REQP-123]' to undo this change.
## place_design -directive $PLACE_DIRECT -no_bufg_opt
Command: place_design -directive Default -no_bufg_opt
Running DRC as a precondition to command place_design
Phase 2.1.1.4 PBP: UpdateTiming
Phase 2.1.1.4 PBP: UpdateTiming | Checksum: 1dcb4edd8
Phase 2.3 Update Timing before SLR Path Opt
Phase 2.3 Update Timing before SLR Path Opt | Checksum: 1553b37eb
Phase 2.6.1 UpdateTiming Before Physical Synthesis
Phase 2.6.1 UpdateTiming Before Physical Synthesis | Checksum: 1962b4db7
[2026-04-01T06:19:53+0000] [3x3_3clz] still running...
INFO: [Timing 38-35] Done setting XDC timing constraints.
INFO: [Timing 38-78] ReportTimingParams: -max_paths 10 -nworst 1 -delay_type max -sort_by group.
CRITICAL WARNING: [Vivado 12-4430] You are lowering the severity from an ERROR. This can potentially lead to board damage or other functionality issues on hardware. If this is not desired, please run 'reset_property SEVERITY [get_drc_checks REQP-123]' to undo this change.
## place_design -directive $PLACE_DIRECT -no_bufg_opt
Command: place_design -directive Default -no_bufg_opt
Running DRC as a precondition to command place_design
Phase 2.1.1.4 PBP: UpdateTiming
Phase 2.1.1.4 PBP: UpdateTiming | Checksum: 1dcb4edd8
Phase 2.3 Update Timing before SLR Path Opt
Phase 2.3 Update Timing before SLR Path Opt | Checksum: 1553b37eb
Phase 2.6.1 UpdateTiming Before Physical Synthesis
Phase 2.6.1 UpdateTiming Before Physical Synthesis | Checksum: 1962b4db7
[2026-04-01T06:21:53+0000] [3x3_3clz] still running...
INFO: [Timing 38-35] Done setting XDC timing constraints.
INFO: [Timing 38-78] ReportTimingParams: -max_paths 10 -nworst 1 -delay_type max -sort_by group.
CRITICAL WARNING: [Vivado 12-4430] You are lowering the severity from an ERROR. This can potentially lead to board damage or other functionality issues on hardware. If this is not desired, please run 'reset_property SEVERITY [get_drc_checks REQP-123]' to undo this change.
## place_design -directive $PLACE_DIRECT -no_bufg_opt
Command: place_design -directive Default -no_bufg_opt
Running DRC as a precondition to command place_design
Phase 2.1.1.4 PBP: UpdateTiming
Phase 2.1.1.4 PBP: UpdateTiming | Checksum: 1dcb4edd8
Phase 2.3 Update Timing before SLR Path Opt
Phase 2.3 Update Timing before SLR Path Opt | Checksum: 1553b37eb
Phase 2.6.1 UpdateTiming Before Physical Synthesis
Phase 2.6.1 UpdateTiming Before Physical Synthesis | Checksum: 1962b4db7
[2026-04-01T06:23:53+0000] [3x3_3clz] still running...
INFO: [Timing 38-35] Done setting XDC timing constraints.
INFO: [Timing 38-78] ReportTimingParams: -max_paths 10 -nworst 1 -delay_type max -sort_by group.
CRITICAL WARNING: [Vivado 12-4430] You are lowering the severity from an ERROR. This can potentially lead to board damage or other functionality issues on hardware. If this is not desired, please run 'reset_property SEVERITY [get_drc_checks REQP-123]' to undo this change.
## place_design -directive $PLACE_DIRECT -no_bufg_opt
Command: place_design -directive Default -no_bufg_opt
Running DRC as a precondition to command place_design
Phase 2.1.1.4 PBP: UpdateTiming
Phase 2.1.1.4 PBP: UpdateTiming | Checksum: 1dcb4edd8
Phase 2.3 Update Timing before SLR Path Opt
Phase 2.3 Update Timing before SLR Path Opt | Checksum: 1553b37eb
Phase 2.6.1 UpdateTiming Before Physical Synthesis
Phase 2.6.1 UpdateTiming Before Physical Synthesis | Checksum: 1962b4db7
[2026-04-01T06:25:53+0000] [3x3_3clz] still running...
INFO: [Timing 38-35] Done setting XDC timing constraints.
INFO: [Timing 38-78] ReportTimingParams: -max_paths 10 -nworst 1 -delay_type max -sort_by group.
CRITICAL WARNING: [Vivado 12-4430] You are lowering the severity from an ERROR. This can potentially lead to board damage or other functionality issues on hardware. If this is not desired, please run 'reset_property SEVERITY [get_drc_checks REQP-123]' to undo this change.
## place_design -directive $PLACE_DIRECT -no_bufg_opt
Command: place_design -directive Default -no_bufg_opt
Running DRC as a precondition to command place_design
Phase 2.1.1.4 PBP: UpdateTiming
Phase 2.1.1.4 PBP: UpdateTiming | Checksum: 1dcb4edd8
Phase 2.3 Update Timing before SLR Path Opt
Phase 2.3 Update Timing before SLR Path Opt | Checksum: 1553b37eb
Phase 2.6.1 UpdateTiming Before Physical Synthesis
Phase 2.6.1 UpdateTiming Before Physical Synthesis | Checksum: 1962b4db7
[2026-04-01T06:27:53+0000] [3x3_3clz] still running...
INFO: [Timing 38-35] Done setting XDC timing constraints.
INFO: [Timing 38-78] ReportTimingParams: -max_paths 10 -nworst 1 -delay_type max -sort_by group.
CRITICAL WARNING: [Vivado 12-4430] You are lowering the severity from an ERROR. This can potentially lead to board damage or other functionality issues on hardware. If this is not desired, please run 'reset_property SEVERITY [get_drc_checks REQP-123]' to undo this change.
## place_design -directive $PLACE_DIRECT -no_bufg_opt
Command: place_design -directive Default -no_bufg_opt
Running DRC as a precondition to command place_design
Phase 2.1.1.4 PBP: UpdateTiming
Phase 2.1.1.4 PBP: UpdateTiming | Checksum: 1dcb4edd8
Phase 2.3 Update Timing before SLR Path Opt
Phase 2.3 Update Timing before SLR Path Opt | Checksum: 1553b37eb
Phase 2.6.1 UpdateTiming Before Physical Synthesis
Phase 2.6.1 UpdateTiming Before Physical Synthesis | Checksum: 1962b4db7
[2026-04-01T06:29:53+0000] [3x3_3clz] still running...
INFO: [Timing 38-35] Done setting XDC timing constraints.
INFO: [Timing 38-78] ReportTimingParams: -max_paths 10 -nworst 1 -delay_type max -sort_by group.
CRITICAL WARNING: [Vivado 12-4430] You are lowering the severity from an ERROR. This can potentially lead to board damage or other functionality issues on hardware. If this is not desired, please run 'reset_property SEVERITY [get_drc_checks REQP-123]' to undo this change.
## place_design -directive $PLACE_DIRECT -no_bufg_opt
Command: place_design -directive Default -no_bufg_opt
Running DRC as a precondition to command place_design
Phase 2.1.1.4 PBP: UpdateTiming
Phase 2.1.1.4 PBP: UpdateTiming | Checksum: 1dcb4edd8
Phase 2.3 Update Timing before SLR Path Opt
Phase 2.3 Update Timing before SLR Path Opt | Checksum: 1553b37eb
Phase 2.6.1 UpdateTiming Before Physical Synthesis
Phase 2.6.1 UpdateTiming Before Physical Synthesis | Checksum: 1962b4db7
[2026-04-01T06:31:53+0000] [3x3_3clz] still running...
INFO: [Timing 38-35] Done setting XDC timing constraints.
INFO: [Timing 38-78] ReportTimingParams: -max_paths 10 -nworst 1 -delay_type max -sort_by group.
CRITICAL WARNING: [Vivado 12-4430] You are lowering the severity from an ERROR. This can potentially lead to board damage or other functionality issues on hardware. If this is not desired, please run 'reset_property SEVERITY [get_drc_checks REQP-123]' to undo this change.
## place_design -directive $PLACE_DIRECT -no_bufg_opt
Command: place_design -directive Default -no_bufg_opt
Running DRC as a precondition to command place_design
Phase 2.1.1.4 PBP: UpdateTiming
Phase 2.1.1.4 PBP: UpdateTiming | Checksum: 1dcb4edd8
Phase 2.3 Update Timing before SLR Path Opt
Phase 2.3 Update Timing before SLR Path Opt | Checksum: 1553b37eb
Phase 2.6.1 UpdateTiming Before Physical Synthesis
Phase 2.6.1 UpdateTiming Before Physical Synthesis | Checksum: 1962b4db7
[2026-04-01T06:33:53+0000] [3x3_3clz] still running...
INFO: [Timing 38-78] ReportTimingParams: -max_paths 10 -nworst 1 -delay_type max -sort_by group.
CRITICAL WARNING: [Vivado 12-4430] You are lowering the severity from an ERROR. This can potentially lead to board damage or other functionality issues on hardware. If this is not desired, please run 'reset_property SEVERITY [get_drc_checks REQP-123]' to undo this change.
## place_design -directive $PLACE_DIRECT -no_bufg_opt
Command: place_design -directive Default -no_bufg_opt
Running DRC as a precondition to command place_design
Phase 2.1.1.4 PBP: UpdateTiming
Phase 2.1.1.4 PBP: UpdateTiming | Checksum: 1dcb4edd8
Phase 2.3 Update Timing before SLR Path Opt
Phase 2.3 Update Timing before SLR Path Opt | Checksum: 1553b37eb
Phase 2.6.1 UpdateTiming Before Physical Synthesis
Phase 2.6.1 UpdateTiming Before Physical Synthesis | Checksum: 1962b4db7
INFO: [Timing 38-35] Done setting XDC timing constraints.
[2026-04-01T06:35:53+0000] [3x3_3clz] still running...
INFO: [Timing 38-78] ReportTimingParams: -max_paths 10 -nworst 1 -delay_type max -sort_by group.
CRITICAL WARNING: [Vivado 12-4430] You are lowering the severity from an ERROR. This can potentially lead to board damage or other functionality issues on hardware. If this is not desired, please run 'reset_property SEVERITY [get_drc_checks REQP-123]' to undo this change.
## place_design -directive $PLACE_DIRECT -no_bufg_opt
Command: place_design -directive Default -no_bufg_opt
Running DRC as a precondition to command place_design
Phase 2.1.1.4 PBP: UpdateTiming
Phase 2.1.1.4 PBP: UpdateTiming | Checksum: 1dcb4edd8
Phase 2.3 Update Timing before SLR Path Opt
Phase 2.3 Update Timing before SLR Path Opt | Checksum: 1553b37eb
Phase 2.6.1 UpdateTiming Before Physical Synthesis
Phase 2.6.1 UpdateTiming Before Physical Synthesis | Checksum: 1962b4db7
INFO: [Timing 38-35] Done setting XDC timing constraints.
[2026-04-01T06:37:53+0000] [3x3_3clz] still running...
INFO: [Timing 38-78] ReportTimingParams: -max_paths 10 -nworst 1 -delay_type max -sort_by group.
CRITICAL WARNING: [Vivado 12-4430] You are lowering the severity from an ERROR. This can potentially lead to board damage or other functionality issues on hardware. If this is not desired, please run 'reset_property SEVERITY [get_drc_checks REQP-123]' to undo this change.
## place_design -directive $PLACE_DIRECT -no_bufg_opt
Command: place_design -directive Default -no_bufg_opt
Running DRC as a precondition to command place_design
Phase 2.1.1.4 PBP: UpdateTiming
Phase 2.1.1.4 PBP: UpdateTiming | Checksum: 1dcb4edd8
Phase 2.3 Update Timing before SLR Path Opt
Phase 2.3 Update Timing before SLR Path Opt | Checksum: 1553b37eb
Phase 2.6.1 UpdateTiming Before Physical Synthesis
Phase 2.6.1 UpdateTiming Before Physical Synthesis | Checksum: 1962b4db7
INFO: [Timing 38-35] Done setting XDC timing constraints.
[2026-04-01T06:39:53+0000] [3x3_3clz] still running...
INFO: [Timing 38-78] ReportTimingParams: -max_paths 10 -nworst 1 -delay_type max -sort_by group.
CRITICAL WARNING: [Vivado 12-4430] You are lowering the severity from an ERROR. This can potentially lead to board damage or other functionality issues on hardware. If this is not desired, please run 'reset_property SEVERITY [get_drc_checks REQP-123]' to undo this change.
## place_design -directive $PLACE_DIRECT -no_bufg_opt
Command: place_design -directive Default -no_bufg_opt
Running DRC as a precondition to command place_design
Phase 2.1.1.4 PBP: UpdateTiming
Phase 2.1.1.4 PBP: UpdateTiming | Checksum: 1dcb4edd8
Phase 2.3 Update Timing before SLR Path Opt
Phase 2.3 Update Timing before SLR Path Opt | Checksum: 1553b37eb
Phase 2.6.1 UpdateTiming Before Physical Synthesis
Phase 2.6.1 UpdateTiming Before Physical Synthesis | Checksum: 1962b4db7
INFO: [Timing 38-35] Done setting XDC timing constraints.
[2026-04-01T06:41:53+0000] [3x3_3clz] still running...
INFO: [Timing 38-78] ReportTimingParams: -max_paths 10 -nworst 1 -delay_type max -sort_by group.
CRITICAL WARNING: [Vivado 12-4430] You are lowering the severity from an ERROR. This can potentially lead to board damage or other functionality issues on hardware. If this is not desired, please run 'reset_property SEVERITY [get_drc_checks REQP-123]' to undo this change.
## place_design -directive $PLACE_DIRECT -no_bufg_opt
Command: place_design -directive Default -no_bufg_opt
Running DRC as a precondition to command place_design
Phase 2.1.1.4 PBP: UpdateTiming
Phase 2.1.1.4 PBP: UpdateTiming | Checksum: 1dcb4edd8
Phase 2.3 Update Timing before SLR Path Opt
Phase 2.3 Update Timing before SLR Path Opt | Checksum: 1553b37eb
Phase 2.6.1 UpdateTiming Before Physical Synthesis
Phase 2.6.1 UpdateTiming Before Physical Synthesis | Checksum: 1962b4db7
INFO: [Timing 38-35] Done setting XDC timing constraints.
[2026-04-01T06:43:53+0000] [3x3_3clz] still running...
INFO: [Timing 38-78] ReportTimingParams: -max_paths 10 -nworst 1 -delay_type max -sort_by group.
CRITICAL WARNING: [Vivado 12-4430] You are lowering the severity from an ERROR. This can potentially lead to board damage or other functionality issues on hardware. If this is not desired, please run 'reset_property SEVERITY [get_drc_checks REQP-123]' to undo this change.
## place_design -directive $PLACE_DIRECT -no_bufg_opt
Command: place_design -directive Default -no_bufg_opt
Running DRC as a precondition to command place_design
Phase 2.1.1.4 PBP: UpdateTiming
Phase 2.1.1.4 PBP: UpdateTiming | Checksum: 1dcb4edd8
Phase 2.3 Update Timing before SLR Path Opt
Phase 2.3 Update Timing before SLR Path Opt | Checksum: 1553b37eb
Phase 2.6.1 UpdateTiming Before Physical Synthesis
Phase 2.6.1 UpdateTiming Before Physical Synthesis | Checksum: 1962b4db7
INFO: [Timing 38-35] Done setting XDC timing constraints.
[2026-04-01T06:45:53+0000] [3x3_3clz] still running...
Phase 2.1.1.4 PBP: UpdateTiming
Phase 2.1.1.4 PBP: UpdateTiming | Checksum: 1dcb4edd8
Phase 2.3 Update Timing before SLR Path Opt
Phase 2.3 Update Timing before SLR Path Opt | Checksum: 1553b37eb
Phase 2.6.1 UpdateTiming Before Physical Synthesis
Phase 2.6.1 UpdateTiming Before Physical Synthesis | Checksum: 1962b4db7
INFO: [Timing 38-35] Done setting XDC timing constraints.
INFO: [Place 46-63] BUFG replication identified 0 candidate nets: Replicated nets: 0, Replicated BUFGs: 0, Replicated BUFG Driver: 0, moved BUFGs: 0, Skipped due to Placement / Routing Conflict: 0, Skipped due to Timing: 0, Skipped due to constraints: 0
Phase 4.1.1.2 Post Placement Timing Optimization
INFO: [Place 30-746] Post Placement Timing Summary WNS=0.711. For the most accurate timing information please run report_timing.
Phase 4.1.1.2 Post Placement Timing Optimization | Checksum: 18e3f718c
INFO: [Place 46-19] Post Replication Timing Summary WNS=0.711. For the most accurate timing information please run report_timing.
[2026-04-01T06:47:53+0000] [3x3_3clz] still running...
Phase 2.1.1.4 PBP: UpdateTiming
Phase 2.1.1.4 PBP: UpdateTiming | Checksum: 1dcb4edd8
Phase 2.3 Update Timing before SLR Path Opt
Phase 2.3 Update Timing before SLR Path Opt | Checksum: 1553b37eb
Phase 2.6.1 UpdateTiming Before Physical Synthesis
Phase 2.6.1 UpdateTiming Before Physical Synthesis | Checksum: 1962b4db7
INFO: [Timing 38-35] Done setting XDC timing constraints.
INFO: [Place 46-63] BUFG replication identified 0 candidate nets: Replicated nets: 0, Replicated BUFGs: 0, Replicated BUFG Driver: 0, moved BUFGs: 0, Skipped due to Placement / Routing Conflict: 0, Skipped due to Timing: 0, Skipped due to constraints: 0
Phase 4.1.1.2 Post Placement Timing Optimization
INFO: [Place 30-746] Post Placement Timing Summary WNS=0.711. For the most accurate timing information please run report_timing.
Phase 4.1.1.2 Post Placement Timing Optimization | Checksum: 18e3f718c
INFO: [Place 46-19] Post Replication Timing Summary WNS=0.711. For the most accurate timing information please run report_timing.
[2026-04-01T06:49:53+0000] [3x3_3clz] still running...
INFO: [Timing 38-35] Done setting XDC timing constraints.
INFO: [Place 46-63] BUFG replication identified 0 candidate nets: Replicated nets: 0, Replicated BUFGs: 0, Replicated BUFG Driver: 0, moved BUFGs: 0, Skipped due to Placement / Routing Conflict: 0, Skipped due to Timing: 0, Skipped due to constraints: 0
Phase 4.1.1.2 Post Placement Timing Optimization
INFO: [Place 30-746] Post Placement Timing Summary WNS=0.711. For the most accurate timing information please run report_timing.
Phase 4.1.1.2 Post Placement Timing Optimization | Checksum: 18e3f718c
INFO: [Place 46-19] Post Replication Timing Summary WNS=0.711. For the most accurate timing information please run report_timing.
place_design completed successfully
place_design: Time (s): cpu = 02:12:24 ; elapsed = 02:12:31 . Memory (MB): peak = 22459.664 ; gain = 8920.820 ; free physical = 809 ; free virtual = 19299
## print "Writing post-place design checkpoint and report"
AWS FPGA: (06:49:05): Writing post-place design checkpoint and report
## write_checkpoint -force ${checkpoints_dir}/${CL}.${TAG}.post_place.dcp
INFO: [Timing 38-480] Writing timing data to binary archive.
[2026-04-01T06:51:53+0000] [3x3_3clz] still running...
INFO: [Place 30-746] Post Placement Timing Summary WNS=0.711. For the most accurate timing information please run report_timing.
Phase 4.1.1.2 Post Placement Timing Optimization | Checksum: 18e3f718c
INFO: [Place 46-19] Post Replication Timing Summary WNS=0.711. For the most accurate timing information please run report_timing.
place_design completed successfully
place_design: Time (s): cpu = 02:12:24 ; elapsed = 02:12:31 . Memory (MB): peak = 22459.664 ; gain = 8920.820 ; free physical = 809 ; free virtual = 19299
## print "Writing post-place design checkpoint and report"
AWS FPGA: (06:49:05): Writing post-place design checkpoint and report
## write_checkpoint -force ${checkpoints_dir}/${CL}.${TAG}.post_place.dcp
INFO: [Timing 38-480] Writing timing data to binary archive.
INFO: [Common 17-1381] The checkpoint '/home/ubuntu/src/project_data/SatSwarmV2/src/aws-fpga/hdk/cl/examples/cl_satswarm/build/checkpoints/cl_satswarm.2026_04_01-035153.post_place.dcp' has been generated.
write_checkpoint: Time (s): cpu = 00:02:03 ; elapsed = 00:02:08 . Memory (MB): peak = 22459.664 ; gain = 0.000 ; free physical = 1833 ; free virtual = 19329
INFO: [Timing 38-91] UpdateTimingParams: Speed grade: -2, Temperature grade: E, Delay Type: max.
[2026-04-01T06:53:53+0000] [3x3_3clz] still running...
INFO: [Place 30-746] Post Placement Timing Summary WNS=0.711. For the most accurate timing information please run report_timing.
Phase 4.1.1.2 Post Placement Timing Optimization | Checksum: 18e3f718c
INFO: [Place 46-19] Post Replication Timing Summary WNS=0.711. For the most accurate timing information please run report_timing.
place_design completed successfully
place_design: Time (s): cpu = 02:12:24 ; elapsed = 02:12:31 . Memory (MB): peak = 22459.664 ; gain = 8920.820 ; free physical = 809 ; free virtual = 19299
## print "Writing post-place design checkpoint and report"
AWS FPGA: (06:49:05): Writing post-place design checkpoint and report
## write_checkpoint -force ${checkpoints_dir}/${CL}.${TAG}.post_place.dcp
INFO: [Timing 38-480] Writing timing data to binary archive.
INFO: [Common 17-1381] The checkpoint '/home/ubuntu/src/project_data/SatSwarmV2/src/aws-fpga/hdk/cl/examples/cl_satswarm/build/checkpoints/cl_satswarm.2026_04_01-035153.post_place.dcp' has been generated.
write_checkpoint: Time (s): cpu = 00:02:03 ; elapsed = 00:02:08 . Memory (MB): peak = 22459.664 ; gain = 0.000 ; free physical = 1833 ; free virtual = 19329
INFO: [Timing 38-91] UpdateTimingParams: Speed grade: -2, Temperature grade: E, Delay Type: max.
[2026-04-01T06:55:53+0000] [3x3_3clz] still running...
INFO: [Place 30-746] Post Placement Timing Summary WNS=0.711. For the most accurate timing information please run report_timing.
Phase 4.1.1.2 Post Placement Timing Optimization | Checksum: 18e3f718c
INFO: [Place 46-19] Post Replication Timing Summary WNS=0.711. For the most accurate timing information please run report_timing.
place_design completed successfully
place_design: Time (s): cpu = 02:12:24 ; elapsed = 02:12:31 . Memory (MB): peak = 22459.664 ; gain = 8920.820 ; free physical = 809 ; free virtual = 19299
## print "Writing post-place design checkpoint and report"
AWS FPGA: (06:49:05): Writing post-place design checkpoint and report
## write_checkpoint -force ${checkpoints_dir}/${CL}.${TAG}.post_place.dcp
INFO: [Timing 38-480] Writing timing data to binary archive.
INFO: [Common 17-1381] The checkpoint '/home/ubuntu/src/project_data/SatSwarmV2/src/aws-fpga/hdk/cl/examples/cl_satswarm/build/checkpoints/cl_satswarm.2026_04_01-035153.post_place.dcp' has been generated.
write_checkpoint: Time (s): cpu = 00:02:03 ; elapsed = 00:02:08 . Memory (MB): peak = 22459.664 ; gain = 0.000 ; free physical = 1833 ; free virtual = 19329
INFO: [Timing 38-91] UpdateTimingParams: Speed grade: -2, Temperature grade: E, Delay Type: max.
[2026-04-01T06:57:53+0000] [3x3_3clz] still running...
INFO: [Place 30-746] Post Placement Timing Summary WNS=0.711. For the most accurate timing information please run report_timing.
Phase 4.1.1.2 Post Placement Timing Optimization | Checksum: 18e3f718c
INFO: [Place 46-19] Post Replication Timing Summary WNS=0.711. For the most accurate timing information please run report_timing.
place_design completed successfully
place_design: Time (s): cpu = 02:12:24 ; elapsed = 02:12:31 . Memory (MB): peak = 22459.664 ; gain = 8920.820 ; free physical = 809 ; free virtual = 19299
## print "Writing post-place design checkpoint and report"
AWS FPGA: (06:49:05): Writing post-place design checkpoint and report
## write_checkpoint -force ${checkpoints_dir}/${CL}.${TAG}.post_place.dcp
INFO: [Timing 38-480] Writing timing data to binary archive.
INFO: [Common 17-1381] The checkpoint '/home/ubuntu/src/project_data/SatSwarmV2/src/aws-fpga/hdk/cl/examples/cl_satswarm/build/checkpoints/cl_satswarm.2026_04_01-035153.post_place.dcp' has been generated.
write_checkpoint: Time (s): cpu = 00:02:03 ; elapsed = 00:02:08 . Memory (MB): peak = 22459.664 ; gain = 0.000 ; free physical = 1833 ; free virtual = 19329
INFO: [Timing 38-91] UpdateTimingParams: Speed grade: -2, Temperature grade: E, Delay Type: max.
[2026-04-01T06:59:53+0000] [3x3_3clz] still running...
Phase 4.1.1.2 Post Placement Timing Optimization | Checksum: 18e3f718c
INFO: [Place 46-19] Post Replication Timing Summary WNS=0.711. For the most accurate timing information please run report_timing.
place_design completed successfully
place_design: Time (s): cpu = 02:12:24 ; elapsed = 02:12:31 . Memory (MB): peak = 22459.664 ; gain = 8920.820 ; free physical = 809 ; free virtual = 19299
## print "Writing post-place design checkpoint and report"
AWS FPGA: (06:49:05): Writing post-place design checkpoint and report
## write_checkpoint -force ${checkpoints_dir}/${CL}.${TAG}.post_place.dcp
INFO: [Timing 38-480] Writing timing data to binary archive.
INFO: [Common 17-1381] The checkpoint '/home/ubuntu/src/project_data/SatSwarmV2/src/aws-fpga/hdk/cl/examples/cl_satswarm/build/checkpoints/cl_satswarm.2026_04_01-035153.post_place.dcp' has been generated.
write_checkpoint: Time (s): cpu = 00:02:03 ; elapsed = 00:02:08 . Memory (MB): peak = 22459.664 ; gain = 0.000 ; free physical = 1833 ; free virtual = 19329
INFO: [Timing 38-91] UpdateTimingParams: Speed grade: -2, Temperature grade: E, Delay Type: max.
INFO: [Timing 38-78] ReportTimingParams: -max_paths 10 -nworst 1 -delay_type max -sort_by group.
[2026-04-01T07:01:53+0000] [3x3_3clz] still running...
Phase 4.1.1.2 Post Placement Timing Optimization | Checksum: 18e3f718c
INFO: [Place 46-19] Post Replication Timing Summary WNS=0.711. For the most accurate timing information please run report_timing.
place_design completed successfully
place_design: Time (s): cpu = 02:12:24 ; elapsed = 02:12:31 . Memory (MB): peak = 22459.664 ; gain = 8920.820 ; free physical = 809 ; free virtual = 19299
## print "Writing post-place design checkpoint and report"
AWS FPGA: (06:49:05): Writing post-place design checkpoint and report
## write_checkpoint -force ${checkpoints_dir}/${CL}.${TAG}.post_place.dcp
INFO: [Timing 38-480] Writing timing data to binary archive.
INFO: [Common 17-1381] The checkpoint '/home/ubuntu/src/project_data/SatSwarmV2/src/aws-fpga/hdk/cl/examples/cl_satswarm/build/checkpoints/cl_satswarm.2026_04_01-035153.post_place.dcp' has been generated.
write_checkpoint: Time (s): cpu = 00:02:03 ; elapsed = 00:02:08 . Memory (MB): peak = 22459.664 ; gain = 0.000 ; free physical = 1833 ; free virtual = 19329
INFO: [Timing 38-91] UpdateTimingParams: Speed grade: -2, Temperature grade: E, Delay Type: max.
INFO: [Timing 38-78] ReportTimingParams: -max_paths 10 -nworst 1 -delay_type max -sort_by group.
[2026-04-01T07:03:53+0000] [3x3_3clz] still running...
## write_checkpoint -force ${checkpoints_dir}/${CL}.${TAG}.post_place.dcp
INFO: [Timing 38-480] Writing timing data to binary archive.
INFO: [Common 17-1381] The checkpoint '/home/ubuntu/src/project_data/SatSwarmV2/src/aws-fpga/hdk/cl/examples/cl_satswarm/build/checkpoints/cl_satswarm.2026_04_01-035153.post_place.dcp' has been generated.
write_checkpoint: Time (s): cpu = 00:02:03 ; elapsed = 00:02:08 . Memory (MB): peak = 22459.664 ; gain = 0.000 ; free physical = 1833 ; free virtual = 19329
INFO: [Timing 38-91] UpdateTimingParams: Speed grade: -2, Temperature grade: E, Delay Type: max.
INFO: [Timing 38-78] ReportTimingParams: -max_paths 10 -nworst 1 -delay_type max -sort_by group.
INFO: [Vivado_Tcl 4-2279] Estimated Timing Summary | WNS= 0.711 | TNS= 0.000 | 
INFO: [Vivado_Tcl 4-383] Design worst setup slack (WNS) is greater than or equal to 0.000 ns. All physical synthesis setup optimizations will be skipped.
## print "Writing post-phy_opt design checkpoint and report"
AWS FPGA: (07:03:15): Writing post-phy_opt design checkpoint and report
## write_checkpoint -force ${checkpoints_dir}/${CL}.${TAG}.post_phys_opt.dcp
INFO: [Timing 38-480] Writing timing data to binary archive.
[2026-04-01T07:05:53+0000] [3x3_3clz] still running...
write_checkpoint: Time (s): cpu = 00:02:03 ; elapsed = 00:02:08 . Memory (MB): peak = 22459.664 ; gain = 0.000 ; free physical = 1833 ; free virtual = 19329
INFO: [Timing 38-91] UpdateTimingParams: Speed grade: -2, Temperature grade: E, Delay Type: max.
INFO: [Timing 38-78] ReportTimingParams: -max_paths 10 -nworst 1 -delay_type max -sort_by group.
INFO: [Vivado_Tcl 4-2279] Estimated Timing Summary | WNS= 0.711 | TNS= 0.000 | 
INFO: [Vivado_Tcl 4-383] Design worst setup slack (WNS) is greater than or equal to 0.000 ns. All physical synthesis setup optimizations will be skipped.
## print "Writing post-phy_opt design checkpoint and report"
AWS FPGA: (07:03:15): Writing post-phy_opt design checkpoint and report
## write_checkpoint -force ${checkpoints_dir}/${CL}.${TAG}.post_phys_opt.dcp
INFO: [Timing 38-480] Writing timing data to binary archive.
ERROR: [Common 17-141] Failed to write file content of top.sta in zip archive.
"write_checkpoint -force ${checkpoints_dir}/${CL}.${TAG}.post_phys_opt.dcp"
ERROR: Did not find the post-route DCP file from /home/ubuntu/src/project_data/SatSwarmV2/src/aws-fpga/hdk/cl/examples/cl_satswarm/build/checkpoints/
=== [3x3_3clz] failed ===
log: /home/ubuntu/src/project_data/SatSwarmV2/deploy/logs/grid_sharing_20260331_144138/build_3x3_3clz_20260401_035153.log
latest tar: /home/ubuntu/src/project_data/SatSwarmV2/src/aws-fpga/hdk/cl/examples/cl_satswarm/build/checkpoints/2026_04_01-004349.Developer_CL.tar
[3x3_3clz] last error lines:
CRITICAL WARNING: [Vivado 12-4739] set_false_path:No valid object(s) found for '-from [get_pins -of_objects [get_cells -hierarchical -filter { NAME =~ *ram_reg*}] -filter {REF_PIN_NAME == CLK}]'. [/home/ubuntu/src/project_data/SatSwarmV2/src/aws-fpga/hdk/common/shell_stable/build/constraints/cl_ddr_timing_aws.xdc:26]
CRITICAL WARNING: [Vivado 12-4739] set_clock_groups:No valid object(s) found for '-group [get_clocks -of_objects [get_pins -hierarchical -filter NAME=~*SH_DDR/genblk1.IS_DDR_PRESENT.DDR4_0/inst/u_ddr4_infrastructure/gen_mmcme4.u_mmcme_adv_inst/CLKOUT0]]'. [/home/ubuntu/src/project_data/SatSwarmV2/src/aws-fpga/hdk/common/shell_stable/build/constraints/cl_ddr_timing_aws.xdc:30]
CRITICAL WARNING: [Vivado 12-4739] set_clock_groups:No valid object(s) found for '-group '. [/home/ubuntu/src/project_data/SatSwarmV2/src/aws-fpga/hdk/common/shell_stable/build/constraints/cl_ddr_timing_aws.xdc:30]
CRITICAL WARNING: [Vivado 12-5201] set_clock_groups: cannot set the clock group when only one non-empty group remains. [/home/ubuntu/src/project_data/SatSwarmV2/src/aws-fpga/hdk/common/shell_stable/build/constraints/cl_ddr_timing_aws.xdc:30]
####       print "CRITICAL WARNING: MiG BRAM is not populated with ELF file. This results in Calibration Failure!!"
CRITICAL WARNING: [Constraints 18-4866] Site IOB_X0Y207 had a top level port PCIE_RP_PERSTN on sitetype net OUTBUF_O which was overwritten!
CRITICAL WARNING: [Constraints 18-4866] Site IOB_X0Y207 had a top level port PCIE_RP_PERSTN on sitetype net PULL_PAD which was overwritten!
CRITICAL WARNING: [Constraints 18-4866] Site IOB_X0Y207 had a top level port PCIE_RP_PERSTN on sitetype net IO which was overwritten!
CRITICAL WARNING: [Constraints 18-4866] Site IOB_X0Y181 had a top level port PCIE_EP_PERSTN on sitetype net OUTBUF_O which was overwritten!
CRITICAL WARNING: [Constraints 18-4866] Site IOB_X0Y181 had a top level port PCIE_EP_PERSTN on sitetype net PULL_PAD which was overwritten!
CRITICAL WARNING: [Constraints 18-4866] Site IOB_X0Y181 had a top level port PCIE_EP_PERSTN on sitetype net IO which was overwritten!
###         puts "\nCRITICAL WARNING: $mmcm_cell cell not found. Clock recipe for this MMCM not applied.\n"
CRITICAL WARNING: WRAPPER/CL/AWS_CLK_GEN/CLK_GRP_A_EN_I.CLK_MMCM_A_I/inst/CLK_CORE_DRP_I/clk_inst/mmcme4_adv_inst cell not found. Clock recipe for this MMCM not applied.
CRITICAL WARNING: WRAPPER/CL/AWS_CLK_GEN/CLK_GRP_B_EN_I.CLK_MMCM_B_I/inst/CLK_CORE_DRP_I/clk_inst/mmcme4_adv_inst cell not found. Clock recipe for this MMCM not applied.
CRITICAL WARNING: WRAPPER/CL/AWS_CLK_GEN/CLK_GRP_C_EN_I.CLK_MMCM_C_I/inst/CLK_CORE_DRP_I/clk_inst/mmcme4_adv_inst cell not found. Clock recipe for this MMCM not applied.
CRITICAL WARNING: WRAPPER/CL/AWS_CLK_GEN/CLK_HBM_EN_I.CLK_MMCM_HBM_I/inst/CLK_CORE_DRP_I/clk_inst/mmcme4_adv_inst cell not found. Clock recipe for this MMCM not applied.
CRITICAL WARNING: [Vivado 12-795] Pblock 'pblock_CL' already exists. [/home/ubuntu/src/project_data/SatSwarmV2/src/aws-fpga/hdk/common/shell_stable/build/constraints/small_shell_level_1_fp_cl.xdc:28]
CRITICAL WARNING: [Vivado 12-4430] You are lowering the severity from an ERROR. This can potentially lead to board damage or other functionality issues on hardware. If this is not desired, please run 'reset_property SEVERITY [get_drc_checks REQP-123]' to undo this change.
ERROR: [Common 17-141] Failed to write file content of top.sta in zip archive.
ERROR: Did not find the post-route DCP file from /home/ubuntu/src/project_data/SatSwarmV2/src/aws-fpga/hdk/cl/examples/cl_satswarm/build/checkpoints/

One or more runs failed.
Summary CSV: /home/ubuntu/src/project_data/SatSwarmV2/deploy/logs/grid_sharing_20260331_144138/summary.csv
