
=== [2x2_none] apply params ===
--- Current parameter snapshot ---
cl_satswarm: 23:    parameter int GRID_X               = 2,
cl_satswarm: 24:    parameter int GRID_Y               = 2,
cl_satswarm: 26:    parameter int MAX_CLAUSES_PER_CORE = 2048,
cl_satswarm: 27:    parameter int MAX_LITS             = 8192
bridge: 19:    parameter int GRID_X              = 2,
bridge: 20:    parameter int GRID_Y              = 2,
bridge: 22:    parameter int MAX_CLAUSES_PER_CORE= 2048,
bridge: 23:    parameter int MAX_LITS            = 8192
satswarm_top: 3:    parameter int GRID_X = 2,
satswarm_top: 4:    parameter int GRID_Y = 2,
satswarm_top: 6:    parameter int MAX_CLAUSES_PER_CORE = 2048,
satswarm_top: 7:    parameter int MAX_LITS = 8192,
satswarm_top: 9:    parameter int CLAUSE_SHARING_MODE = 0,
satswarm_top: 10:    parameter int SHARE_MAX_LEN = 2
satswarm_top: 205:                    .CLAUSE_SHARING_MODE(CLAUSE_SHARING_MODE),
satswarm_top: 206:                    .SHARE_MAX_LEN(SHARE_MAX_LEN)
pkg: 15:  parameter int GRID_X         = 2;    // 1x1 grid
pkg: 16:  parameter int GRID_Y         = 2;
mesh: 4:    parameter int GRID_X = 2,
mesh: 5:    parameter int GRID_Y = 2
=== [2x2_none] launch BuildAll (speed-focused directives) ===
[2x2_none] pid=189587 log=/home/ubuntu/src/project_data/SatSwarmV2/deploy/logs/grid_sharing_20260401_132542/build_2x2_none_20260401_132542.log
[2026-04-01T13:27:42+0000] [2x2_none] still running...
INFO: [Timing 38-2] Deriving generated clocks
CRITICAL WARNING: [Designutils 20-1280] Could not find module 'cl_ddr4'. The XDC file /home/ubuntu/src/project_data/SatSwarmV2/src/aws-fpga/hdk/common/ip/cl_ip/cl_ip.gen/sources_1/ip/cl_ddr4/cl_ddr4_board.xdc will not be read for any cell of this module.
CRITICAL WARNING: [Designutils 20-1280] Could not find module 'clk_mmcm_a'. The XDC file /home/ubuntu/src/project_data/SatSwarmV2/src/aws-fpga/hdk/common/ip/cl_ip/cl_ip.gen/sources_1/ip/clk_mmcm_a/clk_mmcm_a_late.xdc will not be read for any cell of this module.
CRITICAL WARNING: [Designutils 20-1280] Could not find module 'clk_mmcm_b'. The XDC file /home/ubuntu/src/project_data/SatSwarmV2/src/aws-fpga/hdk/common/ip/cl_ip/cl_ip.gen/sources_1/ip/clk_mmcm_b/clk_mmcm_b_late.xdc will not be read for any cell of this module.
CRITICAL WARNING: [Designutils 20-1280] Could not find module 'clk_mmcm_c'. The XDC file /home/ubuntu/src/project_data/SatSwarmV2/src/aws-fpga/hdk/common/ip/cl_ip/cl_ip.gen/sources_1/ip/clk_mmcm_c/clk_mmcm_c_late.xdc will not be read for any cell of this module.
CRITICAL WARNING: [Designutils 20-1280] Could not find module 'clk_mmcm_hbm'. The XDC file /home/ubuntu/src/project_data/SatSwarmV2/src/aws-fpga/hdk/common/ip/cl_ip/cl_ip.gen/sources_1/ip/clk_mmcm_hbm/clk_mmcm_hbm_late.xdc will not be read for any cell of this module.
CRITICAL WARNING: [Designutils 20-1280] Could not find module 'axi_register_slice'. The XDC file /home/ubuntu/src/project_data/SatSwarmV2/src/aws-fpga/hdk/common/ip/cl_ip/cl_ip.gen/sources_1/ip/axi_register_slice/axi_register_slice_clocks.xdc will not be read for any cell of this module.
CRITICAL WARNING: [Designutils 20-1280] Could not find module 'axi_register_slice_light'. The XDC file /home/ubuntu/src/project_data/SatSwarmV2/src/aws-fpga/hdk/common/ip/cl_ip/cl_ip.gen/sources_1/ip/axi_register_slice_light/axi_register_slice_light_clocks.xdc will not be read for any cell of this module.
CRITICAL WARNING: [Designutils 20-1280] Could not find module 'cl_axi3_256b_reg_slice'. The XDC file /home/ubuntu/src/project_data/SatSwarmV2/src/aws-fpga/hdk/common/ip/cl_ip/cl_ip.gen/sources_1/ip/cl_axi3_256b_reg_slice/cl_axi3_256b_reg_slice_clocks.xdc will not be read for any cell of this module.
CRITICAL WARNING: [Designutils 20-1280] Could not find module 'cl_axi_register_slice'. The XDC file /home/ubuntu/src/project_data/SatSwarmV2/src/aws-fpga/hdk/common/ip/cl_ip/cl_ip.gen/sources_1/ip/cl_axi_register_slice/cl_axi_register_slice_clocks.xdc will not be read for any cell of this module.
Start Loading Part and Timing Information
Finished Loading Part and Timing Information : Time (s): cpu = 00:01:06 ; elapsed = 00:01:08 . Memory (MB): peak = 4567.316 ; gain = 1628.098 ; free physical = 17830 ; free virtual = 35853
[2026-04-01T13:29:42+0000] [2x2_none] still running...
INFO: [Timing 38-2] Deriving generated clocks
CRITICAL WARNING: [Designutils 20-1280] Could not find module 'cl_ddr4'. The XDC file /home/ubuntu/src/project_data/SatSwarmV2/src/aws-fpga/hdk/common/ip/cl_ip/cl_ip.gen/sources_1/ip/cl_ddr4/cl_ddr4_board.xdc will not be read for any cell of this module.
CRITICAL WARNING: [Designutils 20-1280] Could not find module 'clk_mmcm_a'. The XDC file /home/ubuntu/src/project_data/SatSwarmV2/src/aws-fpga/hdk/common/ip/cl_ip/cl_ip.gen/sources_1/ip/clk_mmcm_a/clk_mmcm_a_late.xdc will not be read for any cell of this module.
CRITICAL WARNING: [Designutils 20-1280] Could not find module 'clk_mmcm_b'. The XDC file /home/ubuntu/src/project_data/SatSwarmV2/src/aws-fpga/hdk/common/ip/cl_ip/cl_ip.gen/sources_1/ip/clk_mmcm_b/clk_mmcm_b_late.xdc will not be read for any cell of this module.
CRITICAL WARNING: [Designutils 20-1280] Could not find module 'clk_mmcm_c'. The XDC file /home/ubuntu/src/project_data/SatSwarmV2/src/aws-fpga/hdk/common/ip/cl_ip/cl_ip.gen/sources_1/ip/clk_mmcm_c/clk_mmcm_c_late.xdc will not be read for any cell of this module.
CRITICAL WARNING: [Designutils 20-1280] Could not find module 'clk_mmcm_hbm'. The XDC file /home/ubuntu/src/project_data/SatSwarmV2/src/aws-fpga/hdk/common/ip/cl_ip/cl_ip.gen/sources_1/ip/clk_mmcm_hbm/clk_mmcm_hbm_late.xdc will not be read for any cell of this module.
CRITICAL WARNING: [Designutils 20-1280] Could not find module 'axi_register_slice'. The XDC file /home/ubuntu/src/project_data/SatSwarmV2/src/aws-fpga/hdk/common/ip/cl_ip/cl_ip.gen/sources_1/ip/axi_register_slice/axi_register_slice_clocks.xdc will not be read for any cell of this module.
CRITICAL WARNING: [Designutils 20-1280] Could not find module 'axi_register_slice_light'. The XDC file /home/ubuntu/src/project_data/SatSwarmV2/src/aws-fpga/hdk/common/ip/cl_ip/cl_ip.gen/sources_1/ip/axi_register_slice_light/axi_register_slice_light_clocks.xdc will not be read for any cell of this module.
CRITICAL WARNING: [Designutils 20-1280] Could not find module 'cl_axi3_256b_reg_slice'. The XDC file /home/ubuntu/src/project_data/SatSwarmV2/src/aws-fpga/hdk/common/ip/cl_ip/cl_ip.gen/sources_1/ip/cl_axi3_256b_reg_slice/cl_axi3_256b_reg_slice_clocks.xdc will not be read for any cell of this module.
CRITICAL WARNING: [Designutils 20-1280] Could not find module 'cl_axi_register_slice'. The XDC file /home/ubuntu/src/project_data/SatSwarmV2/src/aws-fpga/hdk/common/ip/cl_ip/cl_ip.gen/sources_1/ip/cl_axi_register_slice/cl_axi_register_slice_clocks.xdc will not be read for any cell of this module.
Start Loading Part and Timing Information
Finished Loading Part and Timing Information : Time (s): cpu = 00:01:06 ; elapsed = 00:01:08 . Memory (MB): peak = 4567.316 ; gain = 1628.098 ; free physical = 17830 ; free virtual = 35853
[2026-04-01T13:31:42+0000] [2x2_none] still running...
CRITICAL WARNING: [Designutils 20-1280] Could not find module 'clk_mmcm_a'. The XDC file /home/ubuntu/src/project_data/SatSwarmV2/src/aws-fpga/hdk/common/ip/cl_ip/cl_ip.gen/sources_1/ip/clk_mmcm_a/clk_mmcm_a_late.xdc will not be read for any cell of this module.
CRITICAL WARNING: [Designutils 20-1280] Could not find module 'clk_mmcm_b'. The XDC file /home/ubuntu/src/project_data/SatSwarmV2/src/aws-fpga/hdk/common/ip/cl_ip/cl_ip.gen/sources_1/ip/clk_mmcm_b/clk_mmcm_b_late.xdc will not be read for any cell of this module.
CRITICAL WARNING: [Designutils 20-1280] Could not find module 'clk_mmcm_c'. The XDC file /home/ubuntu/src/project_data/SatSwarmV2/src/aws-fpga/hdk/common/ip/cl_ip/cl_ip.gen/sources_1/ip/clk_mmcm_c/clk_mmcm_c_late.xdc will not be read for any cell of this module.
CRITICAL WARNING: [Designutils 20-1280] Could not find module 'clk_mmcm_hbm'. The XDC file /home/ubuntu/src/project_data/SatSwarmV2/src/aws-fpga/hdk/common/ip/cl_ip/cl_ip.gen/sources_1/ip/clk_mmcm_hbm/clk_mmcm_hbm_late.xdc will not be read for any cell of this module.
CRITICAL WARNING: [Designutils 20-1280] Could not find module 'axi_register_slice'. The XDC file /home/ubuntu/src/project_data/SatSwarmV2/src/aws-fpga/hdk/common/ip/cl_ip/cl_ip.gen/sources_1/ip/axi_register_slice/axi_register_slice_clocks.xdc will not be read for any cell of this module.
CRITICAL WARNING: [Designutils 20-1280] Could not find module 'axi_register_slice_light'. The XDC file /home/ubuntu/src/project_data/SatSwarmV2/src/aws-fpga/hdk/common/ip/cl_ip/cl_ip.gen/sources_1/ip/axi_register_slice_light/axi_register_slice_light_clocks.xdc will not be read for any cell of this module.
CRITICAL WARNING: [Designutils 20-1280] Could not find module 'cl_axi3_256b_reg_slice'. The XDC file /home/ubuntu/src/project_data/SatSwarmV2/src/aws-fpga/hdk/common/ip/cl_ip/cl_ip.gen/sources_1/ip/cl_axi3_256b_reg_slice/cl_axi3_256b_reg_slice_clocks.xdc will not be read for any cell of this module.
CRITICAL WARNING: [Designutils 20-1280] Could not find module 'cl_axi_register_slice'. The XDC file /home/ubuntu/src/project_data/SatSwarmV2/src/aws-fpga/hdk/common/ip/cl_ip/cl_ip.gen/sources_1/ip/cl_axi_register_slice/cl_axi_register_slice_clocks.xdc will not be read for any cell of this module.
Start Loading Part and Timing Information
Finished Loading Part and Timing Information : Time (s): cpu = 00:01:06 ; elapsed = 00:01:08 . Memory (MB): peak = 4567.316 ; gain = 1628.098 ; free physical = 17830 ; free virtual = 35853
Start Applying XDC Timing Constraints
Finished Applying XDC Timing Constraints : Time (s): cpu = 00:03:53 ; elapsed = 00:04:29 . Memory (MB): peak = 4599.102 ; gain = 1659.883 ; free physical = 16130 ; free virtual = 34170
[2026-04-01T13:33:42+0000] [2x2_none] still running...
CRITICAL WARNING: [Designutils 20-1280] Could not find module 'clk_mmcm_a'. The XDC file /home/ubuntu/src/project_data/SatSwarmV2/src/aws-fpga/hdk/common/ip/cl_ip/cl_ip.gen/sources_1/ip/clk_mmcm_a/clk_mmcm_a_late.xdc will not be read for any cell of this module.
CRITICAL WARNING: [Designutils 20-1280] Could not find module 'clk_mmcm_b'. The XDC file /home/ubuntu/src/project_data/SatSwarmV2/src/aws-fpga/hdk/common/ip/cl_ip/cl_ip.gen/sources_1/ip/clk_mmcm_b/clk_mmcm_b_late.xdc will not be read for any cell of this module.
CRITICAL WARNING: [Designutils 20-1280] Could not find module 'clk_mmcm_c'. The XDC file /home/ubuntu/src/project_data/SatSwarmV2/src/aws-fpga/hdk/common/ip/cl_ip/cl_ip.gen/sources_1/ip/clk_mmcm_c/clk_mmcm_c_late.xdc will not be read for any cell of this module.
CRITICAL WARNING: [Designutils 20-1280] Could not find module 'clk_mmcm_hbm'. The XDC file /home/ubuntu/src/project_data/SatSwarmV2/src/aws-fpga/hdk/common/ip/cl_ip/cl_ip.gen/sources_1/ip/clk_mmcm_hbm/clk_mmcm_hbm_late.xdc will not be read for any cell of this module.
CRITICAL WARNING: [Designutils 20-1280] Could not find module 'axi_register_slice'. The XDC file /home/ubuntu/src/project_data/SatSwarmV2/src/aws-fpga/hdk/common/ip/cl_ip/cl_ip.gen/sources_1/ip/axi_register_slice/axi_register_slice_clocks.xdc will not be read for any cell of this module.
CRITICAL WARNING: [Designutils 20-1280] Could not find module 'axi_register_slice_light'. The XDC file /home/ubuntu/src/project_data/SatSwarmV2/src/aws-fpga/hdk/common/ip/cl_ip/cl_ip.gen/sources_1/ip/axi_register_slice_light/axi_register_slice_light_clocks.xdc will not be read for any cell of this module.
CRITICAL WARNING: [Designutils 20-1280] Could not find module 'cl_axi3_256b_reg_slice'. The XDC file /home/ubuntu/src/project_data/SatSwarmV2/src/aws-fpga/hdk/common/ip/cl_ip/cl_ip.gen/sources_1/ip/cl_axi3_256b_reg_slice/cl_axi3_256b_reg_slice_clocks.xdc will not be read for any cell of this module.
CRITICAL WARNING: [Designutils 20-1280] Could not find module 'cl_axi_register_slice'. The XDC file /home/ubuntu/src/project_data/SatSwarmV2/src/aws-fpga/hdk/common/ip/cl_ip/cl_ip.gen/sources_1/ip/cl_axi_register_slice/cl_axi_register_slice_clocks.xdc will not be read for any cell of this module.
Start Loading Part and Timing Information
Finished Loading Part and Timing Information : Time (s): cpu = 00:01:06 ; elapsed = 00:01:08 . Memory (MB): peak = 4567.316 ; gain = 1628.098 ; free physical = 17830 ; free virtual = 35853
Start Applying XDC Timing Constraints
Finished Applying XDC Timing Constraints : Time (s): cpu = 00:03:53 ; elapsed = 00:04:29 . Memory (MB): peak = 4599.102 ; gain = 1659.883 ; free physical = 16130 ; free virtual = 34170
[2026-04-01T13:35:42+0000] [2x2_none] still running...
CRITICAL WARNING: [Designutils 20-1280] Could not find module 'clk_mmcm_hbm'. The XDC file /home/ubuntu/src/project_data/SatSwarmV2/src/aws-fpga/hdk/common/ip/cl_ip/cl_ip.gen/sources_1/ip/clk_mmcm_hbm/clk_mmcm_hbm.xdc will not be read for any cell of this module.
CRITICAL WARNING: [Vivado 12-1815] Setting property 'IOSTANDARD' is not allowed for GT terminals. [/home/ubuntu/src/project_data/SatSwarmV2/src/aws-fpga/hdk/common/shell_stable/build/constraints/cl_pins.xdc:205]
CRITICAL WARNING: [Vivado 12-1815] Setting property 'IOSTANDARD' is not allowed for GT terminals. [/home/ubuntu/src/project_data/SatSwarmV2/src/aws-fpga/hdk/common/shell_stable/build/constraints/cl_pins.xdc:223]
CRITICAL WARNING: [Designutils 20-1280] Could not find module 'cl_ddr4'. The XDC file /home/ubuntu/src/project_data/SatSwarmV2/src/aws-fpga/hdk/common/ip/cl_ip/cl_ip.gen/sources_1/ip/cl_ddr4/cl_ddr4_board.xdc will not be read for any cell of this module.
CRITICAL WARNING: [Designutils 20-1280] Could not find module 'clk_mmcm_a'. The XDC file /home/ubuntu/src/project_data/SatSwarmV2/src/aws-fpga/hdk/common/ip/cl_ip/cl_ip.gen/sources_1/ip/clk_mmcm_a/clk_mmcm_a_late.xdc will not be read for any cell of this module.
CRITICAL WARNING: [Designutils 20-1280] Could not find module 'clk_mmcm_b'. The XDC file /home/ubuntu/src/project_data/SatSwarmV2/src/aws-fpga/hdk/common/ip/cl_ip/cl_ip.gen/sources_1/ip/clk_mmcm_b/clk_mmcm_b_late.xdc will not be read for any cell of this module.
CRITICAL WARNING: [Designutils 20-1280] Could not find module 'clk_mmcm_c'. The XDC file /home/ubuntu/src/project_data/SatSwarmV2/src/aws-fpga/hdk/common/ip/cl_ip/cl_ip.gen/sources_1/ip/clk_mmcm_c/clk_mmcm_c_late.xdc will not be read for any cell of this module.
CRITICAL WARNING: [Designutils 20-1280] Could not find module 'clk_mmcm_hbm'. The XDC file /home/ubuntu/src/project_data/SatSwarmV2/src/aws-fpga/hdk/common/ip/cl_ip/cl_ip.gen/sources_1/ip/clk_mmcm_hbm/clk_mmcm_hbm_late.xdc will not be read for any cell of this module.
CRITICAL WARNING: [Designutils 20-1280] Could not find module 'axi_register_slice'. The XDC file /home/ubuntu/src/project_data/SatSwarmV2/src/aws-fpga/hdk/common/ip/cl_ip/cl_ip.gen/sources_1/ip/axi_register_slice/axi_register_slice_clocks.xdc will not be read for any cell of this module.
CRITICAL WARNING: [Designutils 20-1280] Could not find module 'axi_register_slice_light'. The XDC file /home/ubuntu/src/project_data/SatSwarmV2/src/aws-fpga/hdk/common/ip/cl_ip/cl_ip.gen/sources_1/ip/axi_register_slice_light/axi_register_slice_light_clocks.xdc will not be read for any cell of this module.
CRITICAL WARNING: [Designutils 20-1280] Could not find module 'cl_axi3_256b_reg_slice'. The XDC file /home/ubuntu/src/project_data/SatSwarmV2/src/aws-fpga/hdk/common/ip/cl_ip/cl_ip.gen/sources_1/ip/cl_axi3_256b_reg_slice/cl_axi3_256b_reg_slice_clocks.xdc will not be read for any cell of this module.
CRITICAL WARNING: [Designutils 20-1280] Could not find module 'cl_axi_register_slice'. The XDC file /home/ubuntu/src/project_data/SatSwarmV2/src/aws-fpga/hdk/common/ip/cl_ip/cl_ip.gen/sources_1/ip/cl_axi_register_slice/cl_axi_register_slice_clocks.xdc will not be read for any cell of this module.
[2026-04-01T13:37:42+0000] [2x2_none] still running...
CRITICAL WARNING: [Vivado 12-4739] set_clock_groups:No valid object(s) found for '-group [get_clocks -of_objects [get_pins -hierarchical -filter NAME=~*SH_DDR/genblk1.IS_DDR_PRESENT.DDR4_0/inst/u_ddr4_infrastructure/gen_mmcme4.u_mmcme_adv_inst/CLKOUT0]]'. [/home/ubuntu/src/project_data/SatSwarmV2/src/aws-fpga/hdk/common/shell_stable/build/constraints/cl_ddr_timing_aws.xdc:30]
CRITICAL WARNING: [Vivado 12-4739] set_clock_groups:No valid object(s) found for '-group '. [/home/ubuntu/src/project_data/SatSwarmV2/src/aws-fpga/hdk/common/shell_stable/build/constraints/cl_ddr_timing_aws.xdc:30]
CRITICAL WARNING: [Vivado 12-5201] set_clock_groups: cannot set the clock group when only one non-empty group remains. [/home/ubuntu/src/project_data/SatSwarmV2/src/aws-fpga/hdk/common/shell_stable/build/constraints/cl_ddr_timing_aws.xdc:30]
synth_design completed successfully
synth_design: Time (s): cpu = 00:10:02 ; elapsed = 00:10:52 . Memory (MB): peak = 7439.359 ; gain = 5766.586 ; free physical = 15899 ; free virtual = 33936
INFO: [Common 17-2834] synth_design peak Physical Memory [PSS] (MB): overall = 8765.563; main = 6833.716; forked = 3887.963
INFO: [Common 17-2834] synth_design peak Virtual Memory [VSS] (MB): overall = 11292.414; main = 7439.328; forked = 5529.062
### print "Writing post-synth design checkpoint"
AWS FPGA: (13:36:43): Writing post-synth design checkpoint
### write_checkpoint -force ${checkpoints_dir}/${CL}.${TAG}.post_synth.dcp
INFO: [Timing 38-35] Done setting XDC timing constraints.
INFO: [Timing 38-480] Writing timing data to binary archive.
[2026-04-01T13:39:42+0000] [2x2_none] still running...
### print "Writing post-synth design checkpoint"
AWS FPGA: (13:36:43): Writing post-synth design checkpoint
### write_checkpoint -force ${checkpoints_dir}/${CL}.${TAG}.post_synth.dcp
INFO: [Timing 38-35] Done setting XDC timing constraints.
INFO: [Timing 38-480] Writing timing data to binary archive.
INFO: [Common 17-1381] The checkpoint '/home/ubuntu/src/project_data/SatSwarmV2/src/aws-fpga/hdk/cl/examples/cl_satswarm/build/checkpoints/cl_satswarm.2026_04_01-132542.post_synth.dcp' has been generated.
write_checkpoint: Time (s): cpu = 00:01:15 ; elapsed = 00:01:17 . Memory (MB): peak = 7439.359 ; gain = 0.000 ; free physical = 15701 ; free virtual = 33823
####       print "CRITICAL WARNING: MiG BRAM is not populated with ELF file. This results in Calibration Failure!!"
## set AWS_DCP_DIR "${HDK_SHELL_DIR}/build/checkpoints/from_aws/"
## add_files ${checkpoints_dir}/${CL}.${TAG}.post_synth.dcp
##              [get_files ${checkpoints_dir}/${CL}.${TAG}.post_synth.dcp]
INFO: [Project 1-454] Reading design checkpoint '/home/ubuntu/src/project_data/SatSwarmV2/src/aws-fpga/hdk/cl/examples/cl_satswarm/build/checkpoints/cl_satswarm.2026_04_01-132542.post_synth.dcp' for cell 'WRAPPER/CL'
[2026-04-01T13:41:42+0000] [2x2_none] still running...
Parsing XDC File [/home/ubuntu/src/project_data/SatSwarmV2/src/aws-fpga/hdk/common/shell_stable/build/checkpoints/from_aws/cl_bb_routed.small_shell/top_board.xdc]
Finished Parsing XDC File [/home/ubuntu/src/project_data/SatSwarmV2/src/aws-fpga/hdk/common/shell_stable/build/checkpoints/from_aws/cl_bb_routed.small_shell/top_board.xdc]
Parsing XDC File [/home/ubuntu/src/project_data/SatSwarmV2/src/aws-fpga/hdk/common/shell_stable/build/checkpoints/from_aws/cl_bb_routed.small_shell/top_early.xdc]
Finished Parsing XDC File [/home/ubuntu/src/project_data/SatSwarmV2/src/aws-fpga/hdk/common/shell_stable/build/checkpoints/from_aws/cl_bb_routed.small_shell/top_early.xdc]
Parsing XDC File [/home/ubuntu/src/project_data/SatSwarmV2/src/aws-fpga/hdk/cl/examples/cl_satswarm/build/checkpoints/cl_satswarm.2026_04_01-132542.post_synth/cl_satswarm_early.xdc] for cell 'WRAPPER/CL'
Finished Parsing XDC File [/home/ubuntu/src/project_data/SatSwarmV2/src/aws-fpga/hdk/cl/examples/cl_satswarm/build/checkpoints/cl_satswarm.2026_04_01-132542.post_synth/cl_satswarm_early.xdc] for cell 'WRAPPER/CL'
Parsing XDC File [/home/ubuntu/src/project_data/SatSwarmV2/src/aws-fpga/hdk/common/shell_stable/build/checkpoints/from_aws/cl_bb_routed.small_shell/top.xdc]
Finished Parsing XDC File [/home/ubuntu/src/project_data/SatSwarmV2/src/aws-fpga/hdk/common/shell_stable/build/checkpoints/from_aws/cl_bb_routed.small_shell/top.xdc]
Parsing XDC File [/home/ubuntu/src/project_data/SatSwarmV2/src/aws-fpga/hdk/cl/examples/cl_satswarm/build/checkpoints/cl_satswarm.2026_04_01-132542.post_synth/cl_satswarm.xdc] for cell 'WRAPPER/CL'
Finished Parsing XDC File [/home/ubuntu/src/project_data/SatSwarmV2/src/aws-fpga/hdk/cl/examples/cl_satswarm/build/checkpoints/cl_satswarm.2026_04_01-132542.post_synth/cl_satswarm.xdc] for cell 'WRAPPER/CL'
Parsing XDC File [/home/ubuntu/src/project_data/SatSwarmV2/src/aws-fpga/hdk/common/shell_stable/build/checkpoints/from_aws/cl_bb_routed.small_shell/top_late.xdc]
INFO: [Timing 38-35] Done setting XDC timing constraints. [/proj/chiron/zhcz/scratch/F2_BUILD_2024_Vivado_2024-10-21-15-03-11299/build/hpr_AltSpreadLogic_low_AggressiveExplore/constraints/timing/io_timing.xdc:20]
[2026-04-01T13:43:42+0000] [2x2_none] still running...
## print "Writing post-link design checkpoint"
AWS FPGA: (13:42:13): Writing post-link design checkpoint
## write_checkpoint -force ${checkpoints_dir}/${CL}.${TAG}.post_link.dcp
INFO: [Timing 38-480] Writing timing data to binary archive.
INFO: [Common 17-1381] The checkpoint '/home/ubuntu/src/project_data/SatSwarmV2/src/aws-fpga/hdk/cl/examples/cl_satswarm/build/checkpoints/cl_satswarm.2026_04_01-132542.post_link.dcp' has been generated.
write_checkpoint: Time (s): cpu = 00:00:39 ; elapsed = 00:00:40 . Memory (MB): peak = 7439.359 ; gain = 0.000 ; free physical = 15665 ; free virtual = 33866
###         puts "\nCRITICAL WARNING: $mmcm_cell cell not found. Clock recipe for this MMCM not applied.\n"
CRITICAL WARNING: WRAPPER/CL/AWS_CLK_GEN/CLK_GRP_A_EN_I.CLK_MMCM_A_I/inst/CLK_CORE_DRP_I/clk_inst/mmcme4_adv_inst cell not found. Clock recipe for this MMCM not applied.
CRITICAL WARNING: WRAPPER/CL/AWS_CLK_GEN/CLK_GRP_B_EN_I.CLK_MMCM_B_I/inst/CLK_CORE_DRP_I/clk_inst/mmcme4_adv_inst cell not found. Clock recipe for this MMCM not applied.
CRITICAL WARNING: WRAPPER/CL/AWS_CLK_GEN/CLK_GRP_C_EN_I.CLK_MMCM_C_I/inst/CLK_CORE_DRP_I/clk_inst/mmcme4_adv_inst cell not found. Clock recipe for this MMCM not applied.
CRITICAL WARNING: WRAPPER/CL/AWS_CLK_GEN/CLK_HBM_EN_I.CLK_MMCM_HBM_I/inst/CLK_CORE_DRP_I/clk_inst/mmcme4_adv_inst cell not found. Clock recipe for this MMCM not applied.
CRITICAL WARNING: [Vivado 12-795] Pblock 'pblock_CL' already exists. [/home/ubuntu/src/project_data/SatSwarmV2/src/aws-fpga/hdk/common/shell_stable/build/constraints/small_shell_level_1_fp_cl.xdc:28]
[2026-04-01T13:45:42+0000] [2x2_none] still running...
## print "Writing post-link design checkpoint"
AWS FPGA: (13:42:13): Writing post-link design checkpoint
## write_checkpoint -force ${checkpoints_dir}/${CL}.${TAG}.post_link.dcp
INFO: [Timing 38-480] Writing timing data to binary archive.
INFO: [Common 17-1381] The checkpoint '/home/ubuntu/src/project_data/SatSwarmV2/src/aws-fpga/hdk/cl/examples/cl_satswarm/build/checkpoints/cl_satswarm.2026_04_01-132542.post_link.dcp' has been generated.
write_checkpoint: Time (s): cpu = 00:00:39 ; elapsed = 00:00:40 . Memory (MB): peak = 7439.359 ; gain = 0.000 ; free physical = 15665 ; free virtual = 33866
###         puts "\nCRITICAL WARNING: $mmcm_cell cell not found. Clock recipe for this MMCM not applied.\n"
CRITICAL WARNING: WRAPPER/CL/AWS_CLK_GEN/CLK_GRP_A_EN_I.CLK_MMCM_A_I/inst/CLK_CORE_DRP_I/clk_inst/mmcme4_adv_inst cell not found. Clock recipe for this MMCM not applied.
CRITICAL WARNING: WRAPPER/CL/AWS_CLK_GEN/CLK_GRP_B_EN_I.CLK_MMCM_B_I/inst/CLK_CORE_DRP_I/clk_inst/mmcme4_adv_inst cell not found. Clock recipe for this MMCM not applied.
CRITICAL WARNING: WRAPPER/CL/AWS_CLK_GEN/CLK_GRP_C_EN_I.CLK_MMCM_C_I/inst/CLK_CORE_DRP_I/clk_inst/mmcme4_adv_inst cell not found. Clock recipe for this MMCM not applied.
CRITICAL WARNING: WRAPPER/CL/AWS_CLK_GEN/CLK_HBM_EN_I.CLK_MMCM_HBM_I/inst/CLK_CORE_DRP_I/clk_inst/mmcme4_adv_inst cell not found. Clock recipe for this MMCM not applied.
CRITICAL WARNING: [Vivado 12-795] Pblock 'pblock_CL' already exists. [/home/ubuntu/src/project_data/SatSwarmV2/src/aws-fpga/hdk/common/shell_stable/build/constraints/small_shell_level_1_fp_cl.xdc:28]
[2026-04-01T13:47:42+0000] [2x2_none] still running...
###         puts "\nCRITICAL WARNING: $mmcm_cell cell not found. Clock recipe for this MMCM not applied.\n"
CRITICAL WARNING: WRAPPER/CL/AWS_CLK_GEN/CLK_GRP_A_EN_I.CLK_MMCM_A_I/inst/CLK_CORE_DRP_I/clk_inst/mmcme4_adv_inst cell not found. Clock recipe for this MMCM not applied.
CRITICAL WARNING: WRAPPER/CL/AWS_CLK_GEN/CLK_GRP_B_EN_I.CLK_MMCM_B_I/inst/CLK_CORE_DRP_I/clk_inst/mmcme4_adv_inst cell not found. Clock recipe for this MMCM not applied.
CRITICAL WARNING: WRAPPER/CL/AWS_CLK_GEN/CLK_GRP_C_EN_I.CLK_MMCM_C_I/inst/CLK_CORE_DRP_I/clk_inst/mmcme4_adv_inst cell not found. Clock recipe for this MMCM not applied.
CRITICAL WARNING: WRAPPER/CL/AWS_CLK_GEN/CLK_HBM_EN_I.CLK_MMCM_HBM_I/inst/CLK_CORE_DRP_I/clk_inst/mmcme4_adv_inst cell not found. Clock recipe for this MMCM not applied.
CRITICAL WARNING: [Vivado 12-795] Pblock 'pblock_CL' already exists. [/home/ubuntu/src/project_data/SatSwarmV2/src/aws-fpga/hdk/common/shell_stable/build/constraints/small_shell_level_1_fp_cl.xdc:28]
Starting Cache Timing Information Task
Ending Cache Timing Information Task | Checksum: 1eef8728a
Phase 2 Timer Update And Timing Data Collection
Phase 2.3 Timing Data Collection
Phase 2.3 Timing Data Collection | Checksum: 1eef8728a
Phase 2 Timer Update And Timing Data Collection | Checksum: 1eef8728a
[2026-04-01T13:49:42+0000] [2x2_none] still running...
Phase 2 Timer Update And Timing Data Collection
Phase 2.3 Timing Data Collection
Phase 2.3 Timing Data Collection | Checksum: 1eef8728a
Phase 2 Timer Update And Timing Data Collection | Checksum: 1eef8728a
## print "Writing post-opt design checkpoint and report"
AWS FPGA: (13:48:17): Writing post-opt design checkpoint and report
## write_checkpoint -force ${checkpoints_dir}/${CL}.${TAG}.post_opt.dcp
INFO: [Timing 38-480] Writing timing data to binary archive.
INFO: [Common 17-1381] The checkpoint '/home/ubuntu/src/project_data/SatSwarmV2/src/aws-fpga/hdk/cl/examples/cl_satswarm/build/checkpoints/cl_satswarm.2026_04_01-132542.post_opt.dcp' has been generated.
write_checkpoint: Time (s): cpu = 00:00:34 ; elapsed = 00:00:35 . Memory (MB): peak = 7847.336 ; gain = 0.000 ; free physical = 15455 ; free virtual = 33705
INFO: [Timing 38-91] UpdateTimingParams: Speed grade: -2, Temperature grade: E, Delay Type: max.
INFO: [Timing 38-35] Done setting XDC timing constraints.
[2026-04-01T13:51:42+0000] [2x2_none] still running...
Phase 2.3 Timing Data Collection
Phase 2.3 Timing Data Collection | Checksum: 1eef8728a
Phase 2 Timer Update And Timing Data Collection | Checksum: 1eef8728a
## print "Writing post-opt design checkpoint and report"
AWS FPGA: (13:48:17): Writing post-opt design checkpoint and report
## write_checkpoint -force ${checkpoints_dir}/${CL}.${TAG}.post_opt.dcp
INFO: [Timing 38-480] Writing timing data to binary archive.
INFO: [Common 17-1381] The checkpoint '/home/ubuntu/src/project_data/SatSwarmV2/src/aws-fpga/hdk/cl/examples/cl_satswarm/build/checkpoints/cl_satswarm.2026_04_01-132542.post_opt.dcp' has been generated.
write_checkpoint: Time (s): cpu = 00:00:34 ; elapsed = 00:00:35 . Memory (MB): peak = 7847.336 ; gain = 0.000 ; free physical = 15455 ; free virtual = 33705
INFO: [Timing 38-91] UpdateTimingParams: Speed grade: -2, Temperature grade: E, Delay Type: max.
INFO: [Timing 38-35] Done setting XDC timing constraints.
INFO: [Timing 38-78] ReportTimingParams: -max_paths 10 -nworst 1 -delay_type max -sort_by group.
[2026-04-01T13:53:42+0000] [2x2_none] still running...
AWS FPGA: (13:48:17): Writing post-opt design checkpoint and report
## write_checkpoint -force ${checkpoints_dir}/${CL}.${TAG}.post_opt.dcp
INFO: [Timing 38-480] Writing timing data to binary archive.
INFO: [Common 17-1381] The checkpoint '/home/ubuntu/src/project_data/SatSwarmV2/src/aws-fpga/hdk/cl/examples/cl_satswarm/build/checkpoints/cl_satswarm.2026_04_01-132542.post_opt.dcp' has been generated.
write_checkpoint: Time (s): cpu = 00:00:34 ; elapsed = 00:00:35 . Memory (MB): peak = 7847.336 ; gain = 0.000 ; free physical = 15455 ; free virtual = 33705
INFO: [Timing 38-91] UpdateTimingParams: Speed grade: -2, Temperature grade: E, Delay Type: max.
INFO: [Timing 38-35] Done setting XDC timing constraints.
INFO: [Timing 38-78] ReportTimingParams: -max_paths 10 -nworst 1 -delay_type max -sort_by group.
CRITICAL WARNING: [Vivado 12-4430] You are lowering the severity from an ERROR. This can potentially lead to board damage or other functionality issues on hardware. If this is not desired, please run 'reset_property SEVERITY [get_drc_checks REQP-123]' to undo this change.
## place_design -directive $PLACE_DIRECT -no_bufg_opt
Command: place_design -directive Default -no_bufg_opt
Running DRC as a precondition to command place_design
[2026-04-01T13:55:42+0000] [2x2_none] still running...
AWS FPGA: (13:48:17): Writing post-opt design checkpoint and report
## write_checkpoint -force ${checkpoints_dir}/${CL}.${TAG}.post_opt.dcp
INFO: [Timing 38-480] Writing timing data to binary archive.
INFO: [Common 17-1381] The checkpoint '/home/ubuntu/src/project_data/SatSwarmV2/src/aws-fpga/hdk/cl/examples/cl_satswarm/build/checkpoints/cl_satswarm.2026_04_01-132542.post_opt.dcp' has been generated.
write_checkpoint: Time (s): cpu = 00:00:34 ; elapsed = 00:00:35 . Memory (MB): peak = 7847.336 ; gain = 0.000 ; free physical = 15455 ; free virtual = 33705
INFO: [Timing 38-91] UpdateTimingParams: Speed grade: -2, Temperature grade: E, Delay Type: max.
INFO: [Timing 38-35] Done setting XDC timing constraints.
INFO: [Timing 38-78] ReportTimingParams: -max_paths 10 -nworst 1 -delay_type max -sort_by group.
CRITICAL WARNING: [Vivado 12-4430] You are lowering the severity from an ERROR. This can potentially lead to board damage or other functionality issues on hardware. If this is not desired, please run 'reset_property SEVERITY [get_drc_checks REQP-123]' to undo this change.
## place_design -directive $PLACE_DIRECT -no_bufg_opt
Command: place_design -directive Default -no_bufg_opt
Running DRC as a precondition to command place_design
[2026-04-01T13:57:42+0000] [2x2_none] still running...
AWS FPGA: (13:48:17): Writing post-opt design checkpoint and report
## write_checkpoint -force ${checkpoints_dir}/${CL}.${TAG}.post_opt.dcp
INFO: [Timing 38-480] Writing timing data to binary archive.
INFO: [Common 17-1381] The checkpoint '/home/ubuntu/src/project_data/SatSwarmV2/src/aws-fpga/hdk/cl/examples/cl_satswarm/build/checkpoints/cl_satswarm.2026_04_01-132542.post_opt.dcp' has been generated.
write_checkpoint: Time (s): cpu = 00:00:34 ; elapsed = 00:00:35 . Memory (MB): peak = 7847.336 ; gain = 0.000 ; free physical = 15455 ; free virtual = 33705
INFO: [Timing 38-91] UpdateTimingParams: Speed grade: -2, Temperature grade: E, Delay Type: max.
INFO: [Timing 38-35] Done setting XDC timing constraints.
INFO: [Timing 38-78] ReportTimingParams: -max_paths 10 -nworst 1 -delay_type max -sort_by group.
CRITICAL WARNING: [Vivado 12-4430] You are lowering the severity from an ERROR. This can potentially lead to board damage or other functionality issues on hardware. If this is not desired, please run 'reset_property SEVERITY [get_drc_checks REQP-123]' to undo this change.
## place_design -directive $PLACE_DIRECT -no_bufg_opt
Command: place_design -directive Default -no_bufg_opt
Running DRC as a precondition to command place_design
[2026-04-01T13:59:42+0000] [2x2_none] still running...
AWS FPGA: (13:48:17): Writing post-opt design checkpoint and report
## write_checkpoint -force ${checkpoints_dir}/${CL}.${TAG}.post_opt.dcp
INFO: [Timing 38-480] Writing timing data to binary archive.
INFO: [Common 17-1381] The checkpoint '/home/ubuntu/src/project_data/SatSwarmV2/src/aws-fpga/hdk/cl/examples/cl_satswarm/build/checkpoints/cl_satswarm.2026_04_01-132542.post_opt.dcp' has been generated.
write_checkpoint: Time (s): cpu = 00:00:34 ; elapsed = 00:00:35 . Memory (MB): peak = 7847.336 ; gain = 0.000 ; free physical = 15455 ; free virtual = 33705
INFO: [Timing 38-91] UpdateTimingParams: Speed grade: -2, Temperature grade: E, Delay Type: max.
INFO: [Timing 38-35] Done setting XDC timing constraints.
INFO: [Timing 38-78] ReportTimingParams: -max_paths 10 -nworst 1 -delay_type max -sort_by group.
CRITICAL WARNING: [Vivado 12-4430] You are lowering the severity from an ERROR. This can potentially lead to board damage or other functionality issues on hardware. If this is not desired, please run 'reset_property SEVERITY [get_drc_checks REQP-123]' to undo this change.
## place_design -directive $PLACE_DIRECT -no_bufg_opt
Command: place_design -directive Default -no_bufg_opt
Running DRC as a precondition to command place_design
[2026-04-01T14:01:42+0000] [2x2_none] still running...
AWS FPGA: (13:48:17): Writing post-opt design checkpoint and report
## write_checkpoint -force ${checkpoints_dir}/${CL}.${TAG}.post_opt.dcp
INFO: [Timing 38-480] Writing timing data to binary archive.
INFO: [Common 17-1381] The checkpoint '/home/ubuntu/src/project_data/SatSwarmV2/src/aws-fpga/hdk/cl/examples/cl_satswarm/build/checkpoints/cl_satswarm.2026_04_01-132542.post_opt.dcp' has been generated.
write_checkpoint: Time (s): cpu = 00:00:34 ; elapsed = 00:00:35 . Memory (MB): peak = 7847.336 ; gain = 0.000 ; free physical = 15455 ; free virtual = 33705
INFO: [Timing 38-91] UpdateTimingParams: Speed grade: -2, Temperature grade: E, Delay Type: max.
INFO: [Timing 38-35] Done setting XDC timing constraints.
INFO: [Timing 38-78] ReportTimingParams: -max_paths 10 -nworst 1 -delay_type max -sort_by group.
CRITICAL WARNING: [Vivado 12-4430] You are lowering the severity from an ERROR. This can potentially lead to board damage or other functionality issues on hardware. If this is not desired, please run 'reset_property SEVERITY [get_drc_checks REQP-123]' to undo this change.
## place_design -directive $PLACE_DIRECT -no_bufg_opt
Command: place_design -directive Default -no_bufg_opt
Running DRC as a precondition to command place_design
[2026-04-01T14:03:42+0000] [2x2_none] still running...
AWS FPGA: (13:48:17): Writing post-opt design checkpoint and report
## write_checkpoint -force ${checkpoints_dir}/${CL}.${TAG}.post_opt.dcp
INFO: [Timing 38-480] Writing timing data to binary archive.
INFO: [Common 17-1381] The checkpoint '/home/ubuntu/src/project_data/SatSwarmV2/src/aws-fpga/hdk/cl/examples/cl_satswarm/build/checkpoints/cl_satswarm.2026_04_01-132542.post_opt.dcp' has been generated.
write_checkpoint: Time (s): cpu = 00:00:34 ; elapsed = 00:00:35 . Memory (MB): peak = 7847.336 ; gain = 0.000 ; free physical = 15455 ; free virtual = 33705
INFO: [Timing 38-91] UpdateTimingParams: Speed grade: -2, Temperature grade: E, Delay Type: max.
INFO: [Timing 38-35] Done setting XDC timing constraints.
INFO: [Timing 38-78] ReportTimingParams: -max_paths 10 -nworst 1 -delay_type max -sort_by group.
CRITICAL WARNING: [Vivado 12-4430] You are lowering the severity from an ERROR. This can potentially lead to board damage or other functionality issues on hardware. If this is not desired, please run 'reset_property SEVERITY [get_drc_checks REQP-123]' to undo this change.
## place_design -directive $PLACE_DIRECT -no_bufg_opt
Command: place_design -directive Default -no_bufg_opt
Running DRC as a precondition to command place_design
[2026-04-01T14:05:42+0000] [2x2_none] still running...
AWS FPGA: (13:48:17): Writing post-opt design checkpoint and report
## write_checkpoint -force ${checkpoints_dir}/${CL}.${TAG}.post_opt.dcp
INFO: [Timing 38-480] Writing timing data to binary archive.
INFO: [Common 17-1381] The checkpoint '/home/ubuntu/src/project_data/SatSwarmV2/src/aws-fpga/hdk/cl/examples/cl_satswarm/build/checkpoints/cl_satswarm.2026_04_01-132542.post_opt.dcp' has been generated.
write_checkpoint: Time (s): cpu = 00:00:34 ; elapsed = 00:00:35 . Memory (MB): peak = 7847.336 ; gain = 0.000 ; free physical = 15455 ; free virtual = 33705
INFO: [Timing 38-91] UpdateTimingParams: Speed grade: -2, Temperature grade: E, Delay Type: max.
INFO: [Timing 38-35] Done setting XDC timing constraints.
INFO: [Timing 38-78] ReportTimingParams: -max_paths 10 -nworst 1 -delay_type max -sort_by group.
CRITICAL WARNING: [Vivado 12-4430] You are lowering the severity from an ERROR. This can potentially lead to board damage or other functionality issues on hardware. If this is not desired, please run 'reset_property SEVERITY [get_drc_checks REQP-123]' to undo this change.
## place_design -directive $PLACE_DIRECT -no_bufg_opt
Command: place_design -directive Default -no_bufg_opt
Running DRC as a precondition to command place_design
[2026-04-01T14:07:42+0000] [2x2_none] still running...
AWS FPGA: (13:48:17): Writing post-opt design checkpoint and report
## write_checkpoint -force ${checkpoints_dir}/${CL}.${TAG}.post_opt.dcp
INFO: [Timing 38-480] Writing timing data to binary archive.
INFO: [Common 17-1381] The checkpoint '/home/ubuntu/src/project_data/SatSwarmV2/src/aws-fpga/hdk/cl/examples/cl_satswarm/build/checkpoints/cl_satswarm.2026_04_01-132542.post_opt.dcp' has been generated.
write_checkpoint: Time (s): cpu = 00:00:34 ; elapsed = 00:00:35 . Memory (MB): peak = 7847.336 ; gain = 0.000 ; free physical = 15455 ; free virtual = 33705
INFO: [Timing 38-91] UpdateTimingParams: Speed grade: -2, Temperature grade: E, Delay Type: max.
INFO: [Timing 38-35] Done setting XDC timing constraints.
INFO: [Timing 38-78] ReportTimingParams: -max_paths 10 -nworst 1 -delay_type max -sort_by group.
CRITICAL WARNING: [Vivado 12-4430] You are lowering the severity from an ERROR. This can potentially lead to board damage or other functionality issues on hardware. If this is not desired, please run 'reset_property SEVERITY [get_drc_checks REQP-123]' to undo this change.
## place_design -directive $PLACE_DIRECT -no_bufg_opt
Command: place_design -directive Default -no_bufg_opt
Running DRC as a precondition to command place_design
[2026-04-01T14:09:42+0000] [2x2_none] still running...
## write_checkpoint -force ${checkpoints_dir}/${CL}.${TAG}.post_opt.dcp
INFO: [Timing 38-480] Writing timing data to binary archive.
INFO: [Common 17-1381] The checkpoint '/home/ubuntu/src/project_data/SatSwarmV2/src/aws-fpga/hdk/cl/examples/cl_satswarm/build/checkpoints/cl_satswarm.2026_04_01-132542.post_opt.dcp' has been generated.
write_checkpoint: Time (s): cpu = 00:00:34 ; elapsed = 00:00:35 . Memory (MB): peak = 7847.336 ; gain = 0.000 ; free physical = 15455 ; free virtual = 33705
INFO: [Timing 38-91] UpdateTimingParams: Speed grade: -2, Temperature grade: E, Delay Type: max.
INFO: [Timing 38-35] Done setting XDC timing constraints.
INFO: [Timing 38-78] ReportTimingParams: -max_paths 10 -nworst 1 -delay_type max -sort_by group.
CRITICAL WARNING: [Vivado 12-4430] You are lowering the severity from an ERROR. This can potentially lead to board damage or other functionality issues on hardware. If this is not desired, please run 'reset_property SEVERITY [get_drc_checks REQP-123]' to undo this change.
## place_design -directive $PLACE_DIRECT -no_bufg_opt
Command: place_design -directive Default -no_bufg_opt
Running DRC as a precondition to command place_design
Phase 2.1.1.4 PBP: UpdateTiming
[2026-04-01T14:11:42+0000] [2x2_none] still running...
INFO: [Timing 38-480] Writing timing data to binary archive.
INFO: [Common 17-1381] The checkpoint '/home/ubuntu/src/project_data/SatSwarmV2/src/aws-fpga/hdk/cl/examples/cl_satswarm/build/checkpoints/cl_satswarm.2026_04_01-132542.post_opt.dcp' has been generated.
write_checkpoint: Time (s): cpu = 00:00:34 ; elapsed = 00:00:35 . Memory (MB): peak = 7847.336 ; gain = 0.000 ; free physical = 15455 ; free virtual = 33705
INFO: [Timing 38-91] UpdateTimingParams: Speed grade: -2, Temperature grade: E, Delay Type: max.
INFO: [Timing 38-35] Done setting XDC timing constraints.
INFO: [Timing 38-78] ReportTimingParams: -max_paths 10 -nworst 1 -delay_type max -sort_by group.
CRITICAL WARNING: [Vivado 12-4430] You are lowering the severity from an ERROR. This can potentially lead to board damage or other functionality issues on hardware. If this is not desired, please run 'reset_property SEVERITY [get_drc_checks REQP-123]' to undo this change.
## place_design -directive $PLACE_DIRECT -no_bufg_opt
Command: place_design -directive Default -no_bufg_opt
Running DRC as a precondition to command place_design
Phase 2.1.1.4 PBP: UpdateTiming
Phase 2.1.1.4 PBP: UpdateTiming | Checksum: 1aaee7628
[2026-04-01T14:13:42+0000] [2x2_none] still running...
write_checkpoint: Time (s): cpu = 00:00:34 ; elapsed = 00:00:35 . Memory (MB): peak = 7847.336 ; gain = 0.000 ; free physical = 15455 ; free virtual = 33705
INFO: [Timing 38-91] UpdateTimingParams: Speed grade: -2, Temperature grade: E, Delay Type: max.
INFO: [Timing 38-35] Done setting XDC timing constraints.
INFO: [Timing 38-78] ReportTimingParams: -max_paths 10 -nworst 1 -delay_type max -sort_by group.
CRITICAL WARNING: [Vivado 12-4430] You are lowering the severity from an ERROR. This can potentially lead to board damage or other functionality issues on hardware. If this is not desired, please run 'reset_property SEVERITY [get_drc_checks REQP-123]' to undo this change.
## place_design -directive $PLACE_DIRECT -no_bufg_opt
Command: place_design -directive Default -no_bufg_opt
Running DRC as a precondition to command place_design
Phase 2.1.1.4 PBP: UpdateTiming
Phase 2.1.1.4 PBP: UpdateTiming | Checksum: 1aaee7628
Phase 2.3 Update Timing before SLR Path Opt
Phase 2.3 Update Timing before SLR Path Opt | Checksum: 205bce904
[2026-04-01T14:15:42+0000] [2x2_none] still running...
write_checkpoint: Time (s): cpu = 00:00:34 ; elapsed = 00:00:35 . Memory (MB): peak = 7847.336 ; gain = 0.000 ; free physical = 15455 ; free virtual = 33705
INFO: [Timing 38-91] UpdateTimingParams: Speed grade: -2, Temperature grade: E, Delay Type: max.
INFO: [Timing 38-35] Done setting XDC timing constraints.
INFO: [Timing 38-78] ReportTimingParams: -max_paths 10 -nworst 1 -delay_type max -sort_by group.
CRITICAL WARNING: [Vivado 12-4430] You are lowering the severity from an ERROR. This can potentially lead to board damage or other functionality issues on hardware. If this is not desired, please run 'reset_property SEVERITY [get_drc_checks REQP-123]' to undo this change.
## place_design -directive $PLACE_DIRECT -no_bufg_opt
Command: place_design -directive Default -no_bufg_opt
Running DRC as a precondition to command place_design
Phase 2.1.1.4 PBP: UpdateTiming
Phase 2.1.1.4 PBP: UpdateTiming | Checksum: 1aaee7628
Phase 2.3 Update Timing before SLR Path Opt
Phase 2.3 Update Timing before SLR Path Opt | Checksum: 205bce904
[2026-04-01T14:17:42+0000] [2x2_none] still running...
write_checkpoint: Time (s): cpu = 00:00:34 ; elapsed = 00:00:35 . Memory (MB): peak = 7847.336 ; gain = 0.000 ; free physical = 15455 ; free virtual = 33705
INFO: [Timing 38-91] UpdateTimingParams: Speed grade: -2, Temperature grade: E, Delay Type: max.
INFO: [Timing 38-35] Done setting XDC timing constraints.
INFO: [Timing 38-78] ReportTimingParams: -max_paths 10 -nworst 1 -delay_type max -sort_by group.
CRITICAL WARNING: [Vivado 12-4430] You are lowering the severity from an ERROR. This can potentially lead to board damage or other functionality issues on hardware. If this is not desired, please run 'reset_property SEVERITY [get_drc_checks REQP-123]' to undo this change.
## place_design -directive $PLACE_DIRECT -no_bufg_opt
Command: place_design -directive Default -no_bufg_opt
Running DRC as a precondition to command place_design
Phase 2.1.1.4 PBP: UpdateTiming
Phase 2.1.1.4 PBP: UpdateTiming | Checksum: 1aaee7628
Phase 2.3 Update Timing before SLR Path Opt
Phase 2.3 Update Timing before SLR Path Opt | Checksum: 205bce904
[2026-04-01T14:19:42+0000] [2x2_none] still running...
write_checkpoint: Time (s): cpu = 00:00:34 ; elapsed = 00:00:35 . Memory (MB): peak = 7847.336 ; gain = 0.000 ; free physical = 15455 ; free virtual = 33705
INFO: [Timing 38-91] UpdateTimingParams: Speed grade: -2, Temperature grade: E, Delay Type: max.
INFO: [Timing 38-35] Done setting XDC timing constraints.
INFO: [Timing 38-78] ReportTimingParams: -max_paths 10 -nworst 1 -delay_type max -sort_by group.
CRITICAL WARNING: [Vivado 12-4430] You are lowering the severity from an ERROR. This can potentially lead to board damage or other functionality issues on hardware. If this is not desired, please run 'reset_property SEVERITY [get_drc_checks REQP-123]' to undo this change.
## place_design -directive $PLACE_DIRECT -no_bufg_opt
Command: place_design -directive Default -no_bufg_opt
Running DRC as a precondition to command place_design
Phase 2.1.1.4 PBP: UpdateTiming
Phase 2.1.1.4 PBP: UpdateTiming | Checksum: 1aaee7628
Phase 2.3 Update Timing before SLR Path Opt
Phase 2.3 Update Timing before SLR Path Opt | Checksum: 205bce904
[2026-04-01T14:21:42+0000] [2x2_none] still running...
write_checkpoint: Time (s): cpu = 00:00:34 ; elapsed = 00:00:35 . Memory (MB): peak = 7847.336 ; gain = 0.000 ; free physical = 15455 ; free virtual = 33705
INFO: [Timing 38-91] UpdateTimingParams: Speed grade: -2, Temperature grade: E, Delay Type: max.
INFO: [Timing 38-35] Done setting XDC timing constraints.
INFO: [Timing 38-78] ReportTimingParams: -max_paths 10 -nworst 1 -delay_type max -sort_by group.
CRITICAL WARNING: [Vivado 12-4430] You are lowering the severity from an ERROR. This can potentially lead to board damage or other functionality issues on hardware. If this is not desired, please run 'reset_property SEVERITY [get_drc_checks REQP-123]' to undo this change.
## place_design -directive $PLACE_DIRECT -no_bufg_opt
Command: place_design -directive Default -no_bufg_opt
Running DRC as a precondition to command place_design
Phase 2.1.1.4 PBP: UpdateTiming
Phase 2.1.1.4 PBP: UpdateTiming | Checksum: 1aaee7628
Phase 2.3 Update Timing before SLR Path Opt
Phase 2.3 Update Timing before SLR Path Opt | Checksum: 205bce904
[2026-04-01T14:23:42+0000] [2x2_none] still running...
write_checkpoint: Time (s): cpu = 00:00:34 ; elapsed = 00:00:35 . Memory (MB): peak = 7847.336 ; gain = 0.000 ; free physical = 15455 ; free virtual = 33705
INFO: [Timing 38-91] UpdateTimingParams: Speed grade: -2, Temperature grade: E, Delay Type: max.
INFO: [Timing 38-35] Done setting XDC timing constraints.
INFO: [Timing 38-78] ReportTimingParams: -max_paths 10 -nworst 1 -delay_type max -sort_by group.
CRITICAL WARNING: [Vivado 12-4430] You are lowering the severity from an ERROR. This can potentially lead to board damage or other functionality issues on hardware. If this is not desired, please run 'reset_property SEVERITY [get_drc_checks REQP-123]' to undo this change.
## place_design -directive $PLACE_DIRECT -no_bufg_opt
Command: place_design -directive Default -no_bufg_opt
Running DRC as a precondition to command place_design
Phase 2.1.1.4 PBP: UpdateTiming
Phase 2.1.1.4 PBP: UpdateTiming | Checksum: 1aaee7628
Phase 2.3 Update Timing before SLR Path Opt
Phase 2.3 Update Timing before SLR Path Opt | Checksum: 205bce904
[2026-04-01T14:25:42+0000] [2x2_none] still running...
INFO: [Timing 38-35] Done setting XDC timing constraints.
INFO: [Timing 38-78] ReportTimingParams: -max_paths 10 -nworst 1 -delay_type max -sort_by group.
CRITICAL WARNING: [Vivado 12-4430] You are lowering the severity from an ERROR. This can potentially lead to board damage or other functionality issues on hardware. If this is not desired, please run 'reset_property SEVERITY [get_drc_checks REQP-123]' to undo this change.
## place_design -directive $PLACE_DIRECT -no_bufg_opt
Command: place_design -directive Default -no_bufg_opt
Running DRC as a precondition to command place_design
Phase 2.1.1.4 PBP: UpdateTiming
Phase 2.1.1.4 PBP: UpdateTiming | Checksum: 1aaee7628
Phase 2.3 Update Timing before SLR Path Opt
Phase 2.3 Update Timing before SLR Path Opt | Checksum: 205bce904
Phase 2.6.1 UpdateTiming Before Physical Synthesis
Phase 2.6.1 UpdateTiming Before Physical Synthesis | Checksum: 17243bce2
[2026-04-01T14:27:42+0000] [2x2_none] still running...
INFO: [Timing 38-35] Done setting XDC timing constraints.
INFO: [Timing 38-78] ReportTimingParams: -max_paths 10 -nworst 1 -delay_type max -sort_by group.
CRITICAL WARNING: [Vivado 12-4430] You are lowering the severity from an ERROR. This can potentially lead to board damage or other functionality issues on hardware. If this is not desired, please run 'reset_property SEVERITY [get_drc_checks REQP-123]' to undo this change.
## place_design -directive $PLACE_DIRECT -no_bufg_opt
Command: place_design -directive Default -no_bufg_opt
Running DRC as a precondition to command place_design
Phase 2.1.1.4 PBP: UpdateTiming
Phase 2.1.1.4 PBP: UpdateTiming | Checksum: 1aaee7628
Phase 2.3 Update Timing before SLR Path Opt
Phase 2.3 Update Timing before SLR Path Opt | Checksum: 205bce904
Phase 2.6.1 UpdateTiming Before Physical Synthesis
Phase 2.6.1 UpdateTiming Before Physical Synthesis | Checksum: 17243bce2
[2026-04-01T14:29:42+0000] [2x2_none] still running...
INFO: [Timing 38-35] Done setting XDC timing constraints.
INFO: [Timing 38-78] ReportTimingParams: -max_paths 10 -nworst 1 -delay_type max -sort_by group.
CRITICAL WARNING: [Vivado 12-4430] You are lowering the severity from an ERROR. This can potentially lead to board damage or other functionality issues on hardware. If this is not desired, please run 'reset_property SEVERITY [get_drc_checks REQP-123]' to undo this change.
## place_design -directive $PLACE_DIRECT -no_bufg_opt
Command: place_design -directive Default -no_bufg_opt
Running DRC as a precondition to command place_design
Phase 2.1.1.4 PBP: UpdateTiming
Phase 2.1.1.4 PBP: UpdateTiming | Checksum: 1aaee7628
Phase 2.3 Update Timing before SLR Path Opt
Phase 2.3 Update Timing before SLR Path Opt | Checksum: 205bce904
Phase 2.6.1 UpdateTiming Before Physical Synthesis
Phase 2.6.1 UpdateTiming Before Physical Synthesis | Checksum: 17243bce2
[2026-04-01T14:31:42+0000] [2x2_none] still running...
INFO: [Timing 38-35] Done setting XDC timing constraints.
INFO: [Timing 38-78] ReportTimingParams: -max_paths 10 -nworst 1 -delay_type max -sort_by group.
CRITICAL WARNING: [Vivado 12-4430] You are lowering the severity from an ERROR. This can potentially lead to board damage or other functionality issues on hardware. If this is not desired, please run 'reset_property SEVERITY [get_drc_checks REQP-123]' to undo this change.
## place_design -directive $PLACE_DIRECT -no_bufg_opt
Command: place_design -directive Default -no_bufg_opt
Running DRC as a precondition to command place_design
Phase 2.1.1.4 PBP: UpdateTiming
Phase 2.1.1.4 PBP: UpdateTiming | Checksum: 1aaee7628
Phase 2.3 Update Timing before SLR Path Opt
Phase 2.3 Update Timing before SLR Path Opt | Checksum: 205bce904
Phase 2.6.1 UpdateTiming Before Physical Synthesis
Phase 2.6.1 UpdateTiming Before Physical Synthesis | Checksum: 17243bce2
[2026-04-01T14:33:42+0000] [2x2_none] still running...
INFO: [Timing 38-35] Done setting XDC timing constraints.
INFO: [Timing 38-78] ReportTimingParams: -max_paths 10 -nworst 1 -delay_type max -sort_by group.
CRITICAL WARNING: [Vivado 12-4430] You are lowering the severity from an ERROR. This can potentially lead to board damage or other functionality issues on hardware. If this is not desired, please run 'reset_property SEVERITY [get_drc_checks REQP-123]' to undo this change.
## place_design -directive $PLACE_DIRECT -no_bufg_opt
Command: place_design -directive Default -no_bufg_opt
Running DRC as a precondition to command place_design
Phase 2.1.1.4 PBP: UpdateTiming
Phase 2.1.1.4 PBP: UpdateTiming | Checksum: 1aaee7628
Phase 2.3 Update Timing before SLR Path Opt
Phase 2.3 Update Timing before SLR Path Opt | Checksum: 205bce904
Phase 2.6.1 UpdateTiming Before Physical Synthesis
Phase 2.6.1 UpdateTiming Before Physical Synthesis | Checksum: 17243bce2
[2026-04-01T14:35:42+0000] [2x2_none] still running...
INFO: [Timing 38-35] Done setting XDC timing constraints.
INFO: [Timing 38-78] ReportTimingParams: -max_paths 10 -nworst 1 -delay_type max -sort_by group.
CRITICAL WARNING: [Vivado 12-4430] You are lowering the severity from an ERROR. This can potentially lead to board damage or other functionality issues on hardware. If this is not desired, please run 'reset_property SEVERITY [get_drc_checks REQP-123]' to undo this change.
## place_design -directive $PLACE_DIRECT -no_bufg_opt
Command: place_design -directive Default -no_bufg_opt
Running DRC as a precondition to command place_design
Phase 2.1.1.4 PBP: UpdateTiming
Phase 2.1.1.4 PBP: UpdateTiming | Checksum: 1aaee7628
Phase 2.3 Update Timing before SLR Path Opt
Phase 2.3 Update Timing before SLR Path Opt | Checksum: 205bce904
Phase 2.6.1 UpdateTiming Before Physical Synthesis
Phase 2.6.1 UpdateTiming Before Physical Synthesis | Checksum: 17243bce2
[2026-04-01T14:37:42+0000] [2x2_none] still running...
INFO: [Timing 38-35] Done setting XDC timing constraints.
INFO: [Timing 38-78] ReportTimingParams: -max_paths 10 -nworst 1 -delay_type max -sort_by group.
CRITICAL WARNING: [Vivado 12-4430] You are lowering the severity from an ERROR. This can potentially lead to board damage or other functionality issues on hardware. If this is not desired, please run 'reset_property SEVERITY [get_drc_checks REQP-123]' to undo this change.
## place_design -directive $PLACE_DIRECT -no_bufg_opt
Command: place_design -directive Default -no_bufg_opt
Running DRC as a precondition to command place_design
Phase 2.1.1.4 PBP: UpdateTiming
Phase 2.1.1.4 PBP: UpdateTiming | Checksum: 1aaee7628
Phase 2.3 Update Timing before SLR Path Opt
Phase 2.3 Update Timing before SLR Path Opt | Checksum: 205bce904
Phase 2.6.1 UpdateTiming Before Physical Synthesis
Phase 2.6.1 UpdateTiming Before Physical Synthesis | Checksum: 17243bce2
[2026-04-01T14:39:42+0000] [2x2_none] still running...
INFO: [Timing 38-35] Done setting XDC timing constraints.
INFO: [Timing 38-78] ReportTimingParams: -max_paths 10 -nworst 1 -delay_type max -sort_by group.
CRITICAL WARNING: [Vivado 12-4430] You are lowering the severity from an ERROR. This can potentially lead to board damage or other functionality issues on hardware. If this is not desired, please run 'reset_property SEVERITY [get_drc_checks REQP-123]' to undo this change.
## place_design -directive $PLACE_DIRECT -no_bufg_opt
Command: place_design -directive Default -no_bufg_opt
Running DRC as a precondition to command place_design
Phase 2.1.1.4 PBP: UpdateTiming
Phase 2.1.1.4 PBP: UpdateTiming | Checksum: 1aaee7628
Phase 2.3 Update Timing before SLR Path Opt
Phase 2.3 Update Timing before SLR Path Opt | Checksum: 205bce904
Phase 2.6.1 UpdateTiming Before Physical Synthesis
Phase 2.6.1 UpdateTiming Before Physical Synthesis | Checksum: 17243bce2
[2026-04-01T14:41:42+0000] [2x2_none] still running...
INFO: [Timing 38-35] Done setting XDC timing constraints.
INFO: [Timing 38-78] ReportTimingParams: -max_paths 10 -nworst 1 -delay_type max -sort_by group.
CRITICAL WARNING: [Vivado 12-4430] You are lowering the severity from an ERROR. This can potentially lead to board damage or other functionality issues on hardware. If this is not desired, please run 'reset_property SEVERITY [get_drc_checks REQP-123]' to undo this change.
## place_design -directive $PLACE_DIRECT -no_bufg_opt
Command: place_design -directive Default -no_bufg_opt
Running DRC as a precondition to command place_design
Phase 2.1.1.4 PBP: UpdateTiming
Phase 2.1.1.4 PBP: UpdateTiming | Checksum: 1aaee7628
Phase 2.3 Update Timing before SLR Path Opt
Phase 2.3 Update Timing before SLR Path Opt | Checksum: 205bce904
Phase 2.6.1 UpdateTiming Before Physical Synthesis
Phase 2.6.1 UpdateTiming Before Physical Synthesis | Checksum: 17243bce2
[2026-04-01T14:43:42+0000] [2x2_none] still running...
INFO: [Timing 38-35] Done setting XDC timing constraints.
INFO: [Timing 38-78] ReportTimingParams: -max_paths 10 -nworst 1 -delay_type max -sort_by group.
CRITICAL WARNING: [Vivado 12-4430] You are lowering the severity from an ERROR. This can potentially lead to board damage or other functionality issues on hardware. If this is not desired, please run 'reset_property SEVERITY [get_drc_checks REQP-123]' to undo this change.
## place_design -directive $PLACE_DIRECT -no_bufg_opt
Command: place_design -directive Default -no_bufg_opt
Running DRC as a precondition to command place_design
Phase 2.1.1.4 PBP: UpdateTiming
Phase 2.1.1.4 PBP: UpdateTiming | Checksum: 1aaee7628
Phase 2.3 Update Timing before SLR Path Opt
Phase 2.3 Update Timing before SLR Path Opt | Checksum: 205bce904
Phase 2.6.1 UpdateTiming Before Physical Synthesis
Phase 2.6.1 UpdateTiming Before Physical Synthesis | Checksum: 17243bce2
[2026-04-01T14:45:42+0000] [2x2_none] still running...
INFO: [Timing 38-35] Done setting XDC timing constraints.
INFO: [Timing 38-78] ReportTimingParams: -max_paths 10 -nworst 1 -delay_type max -sort_by group.
CRITICAL WARNING: [Vivado 12-4430] You are lowering the severity from an ERROR. This can potentially lead to board damage or other functionality issues on hardware. If this is not desired, please run 'reset_property SEVERITY [get_drc_checks REQP-123]' to undo this change.
## place_design -directive $PLACE_DIRECT -no_bufg_opt
Command: place_design -directive Default -no_bufg_opt
Running DRC as a precondition to command place_design
Phase 2.1.1.4 PBP: UpdateTiming
Phase 2.1.1.4 PBP: UpdateTiming | Checksum: 1aaee7628
Phase 2.3 Update Timing before SLR Path Opt
Phase 2.3 Update Timing before SLR Path Opt | Checksum: 205bce904
Phase 2.6.1 UpdateTiming Before Physical Synthesis
Phase 2.6.1 UpdateTiming Before Physical Synthesis | Checksum: 17243bce2
[2026-04-01T14:47:42+0000] [2x2_none] still running...
INFO: [Timing 38-35] Done setting XDC timing constraints.
INFO: [Timing 38-78] ReportTimingParams: -max_paths 10 -nworst 1 -delay_type max -sort_by group.
CRITICAL WARNING: [Vivado 12-4430] You are lowering the severity from an ERROR. This can potentially lead to board damage or other functionality issues on hardware. If this is not desired, please run 'reset_property SEVERITY [get_drc_checks REQP-123]' to undo this change.
## place_design -directive $PLACE_DIRECT -no_bufg_opt
Command: place_design -directive Default -no_bufg_opt
Running DRC as a precondition to command place_design
Phase 2.1.1.4 PBP: UpdateTiming
Phase 2.1.1.4 PBP: UpdateTiming | Checksum: 1aaee7628
Phase 2.3 Update Timing before SLR Path Opt
Phase 2.3 Update Timing before SLR Path Opt | Checksum: 205bce904
Phase 2.6.1 UpdateTiming Before Physical Synthesis
Phase 2.6.1 UpdateTiming Before Physical Synthesis | Checksum: 17243bce2
[2026-04-01T14:49:42+0000] [2x2_none] still running...
INFO: [Timing 38-35] Done setting XDC timing constraints.
INFO: [Timing 38-78] ReportTimingParams: -max_paths 10 -nworst 1 -delay_type max -sort_by group.
CRITICAL WARNING: [Vivado 12-4430] You are lowering the severity from an ERROR. This can potentially lead to board damage or other functionality issues on hardware. If this is not desired, please run 'reset_property SEVERITY [get_drc_checks REQP-123]' to undo this change.
## place_design -directive $PLACE_DIRECT -no_bufg_opt
Command: place_design -directive Default -no_bufg_opt
Running DRC as a precondition to command place_design
Phase 2.1.1.4 PBP: UpdateTiming
Phase 2.1.1.4 PBP: UpdateTiming | Checksum: 1aaee7628
Phase 2.3 Update Timing before SLR Path Opt
Phase 2.3 Update Timing before SLR Path Opt | Checksum: 205bce904
Phase 2.6.1 UpdateTiming Before Physical Synthesis
Phase 2.6.1 UpdateTiming Before Physical Synthesis | Checksum: 17243bce2
[2026-04-01T14:51:42+0000] [2x2_none] still running...
INFO: [Timing 38-35] Done setting XDC timing constraints.
INFO: [Timing 38-78] ReportTimingParams: -max_paths 10 -nworst 1 -delay_type max -sort_by group.
CRITICAL WARNING: [Vivado 12-4430] You are lowering the severity from an ERROR. This can potentially lead to board damage or other functionality issues on hardware. If this is not desired, please run 'reset_property SEVERITY [get_drc_checks REQP-123]' to undo this change.
## place_design -directive $PLACE_DIRECT -no_bufg_opt
Command: place_design -directive Default -no_bufg_opt
Running DRC as a precondition to command place_design
Phase 2.1.1.4 PBP: UpdateTiming
Phase 2.1.1.4 PBP: UpdateTiming | Checksum: 1aaee7628
Phase 2.3 Update Timing before SLR Path Opt
Phase 2.3 Update Timing before SLR Path Opt | Checksum: 205bce904
Phase 2.6.1 UpdateTiming Before Physical Synthesis
Phase 2.6.1 UpdateTiming Before Physical Synthesis | Checksum: 17243bce2
[2026-04-01T14:53:42+0000] [2x2_none] still running...
INFO: [Timing 38-35] Done setting XDC timing constraints.
INFO: [Timing 38-78] ReportTimingParams: -max_paths 10 -nworst 1 -delay_type max -sort_by group.
CRITICAL WARNING: [Vivado 12-4430] You are lowering the severity from an ERROR. This can potentially lead to board damage or other functionality issues on hardware. If this is not desired, please run 'reset_property SEVERITY [get_drc_checks REQP-123]' to undo this change.
## place_design -directive $PLACE_DIRECT -no_bufg_opt
Command: place_design -directive Default -no_bufg_opt
Running DRC as a precondition to command place_design
Phase 2.1.1.4 PBP: UpdateTiming
Phase 2.1.1.4 PBP: UpdateTiming | Checksum: 1aaee7628
Phase 2.3 Update Timing before SLR Path Opt
Phase 2.3 Update Timing before SLR Path Opt | Checksum: 205bce904
Phase 2.6.1 UpdateTiming Before Physical Synthesis
Phase 2.6.1 UpdateTiming Before Physical Synthesis | Checksum: 17243bce2
[2026-04-01T14:55:42+0000] [2x2_none] still running...
INFO: [Timing 38-78] ReportTimingParams: -max_paths 10 -nworst 1 -delay_type max -sort_by group.
CRITICAL WARNING: [Vivado 12-4430] You are lowering the severity from an ERROR. This can potentially lead to board damage or other functionality issues on hardware. If this is not desired, please run 'reset_property SEVERITY [get_drc_checks REQP-123]' to undo this change.
## place_design -directive $PLACE_DIRECT -no_bufg_opt
Command: place_design -directive Default -no_bufg_opt
Running DRC as a precondition to command place_design
Phase 2.1.1.4 PBP: UpdateTiming
Phase 2.1.1.4 PBP: UpdateTiming | Checksum: 1aaee7628
Phase 2.3 Update Timing before SLR Path Opt
Phase 2.3 Update Timing before SLR Path Opt | Checksum: 205bce904
Phase 2.6.1 UpdateTiming Before Physical Synthesis
Phase 2.6.1 UpdateTiming Before Physical Synthesis | Checksum: 17243bce2
INFO: [Timing 38-35] Done setting XDC timing constraints.
[2026-04-01T14:57:42+0000] [2x2_none] still running...
INFO: [Timing 38-78] ReportTimingParams: -max_paths 10 -nworst 1 -delay_type max -sort_by group.
CRITICAL WARNING: [Vivado 12-4430] You are lowering the severity from an ERROR. This can potentially lead to board damage or other functionality issues on hardware. If this is not desired, please run 'reset_property SEVERITY [get_drc_checks REQP-123]' to undo this change.
## place_design -directive $PLACE_DIRECT -no_bufg_opt
Command: place_design -directive Default -no_bufg_opt
Running DRC as a precondition to command place_design
Phase 2.1.1.4 PBP: UpdateTiming
Phase 2.1.1.4 PBP: UpdateTiming | Checksum: 1aaee7628
Phase 2.3 Update Timing before SLR Path Opt
Phase 2.3 Update Timing before SLR Path Opt | Checksum: 205bce904
Phase 2.6.1 UpdateTiming Before Physical Synthesis
Phase 2.6.1 UpdateTiming Before Physical Synthesis | Checksum: 17243bce2
INFO: [Timing 38-35] Done setting XDC timing constraints.
[2026-04-01T14:59:42+0000] [2x2_none] still running...
Command: place_design -directive Default -no_bufg_opt
Running DRC as a precondition to command place_design
Phase 2.1.1.4 PBP: UpdateTiming
Phase 2.1.1.4 PBP: UpdateTiming | Checksum: 1aaee7628
Phase 2.3 Update Timing before SLR Path Opt
Phase 2.3 Update Timing before SLR Path Opt | Checksum: 205bce904
Phase 2.6.1 UpdateTiming Before Physical Synthesis
Phase 2.6.1 UpdateTiming Before Physical Synthesis | Checksum: 17243bce2
INFO: [Timing 38-35] Done setting XDC timing constraints.
INFO: [Place 46-63] BUFG replication identified 0 candidate nets: Replicated nets: 0, Replicated BUFGs: 0, Replicated BUFG Driver: 0, moved BUFGs: 0, Skipped due to Placement / Routing Conflict: 0, Skipped due to Timing: 0, Skipped due to constraints: 0
Phase 4.1.1.2 Post Placement Timing Optimization
INFO: [Place 30-746] Post Placement Timing Summary WNS=0.711. For the most accurate timing information please run report_timing.
[2026-04-01T15:01:42+0000] [2x2_none] still running...
Phase 2.1.1.4 PBP: UpdateTiming
Phase 2.1.1.4 PBP: UpdateTiming | Checksum: 1aaee7628
Phase 2.3 Update Timing before SLR Path Opt
Phase 2.3 Update Timing before SLR Path Opt | Checksum: 205bce904
Phase 2.6.1 UpdateTiming Before Physical Synthesis
Phase 2.6.1 UpdateTiming Before Physical Synthesis | Checksum: 17243bce2
INFO: [Timing 38-35] Done setting XDC timing constraints.
INFO: [Place 46-63] BUFG replication identified 0 candidate nets: Replicated nets: 0, Replicated BUFGs: 0, Replicated BUFG Driver: 0, moved BUFGs: 0, Skipped due to Placement / Routing Conflict: 0, Skipped due to Timing: 0, Skipped due to constraints: 0
Phase 4.1.1.2 Post Placement Timing Optimization
INFO: [Place 30-746] Post Placement Timing Summary WNS=0.711. For the most accurate timing information please run report_timing.
Phase 4.1.1.2 Post Placement Timing Optimization | Checksum: 1dec64f01
INFO: [Place 46-19] Post Replication Timing Summary WNS=0.711. For the most accurate timing information please run report_timing.
[2026-04-01T15:03:42+0000] [2x2_none] still running...
INFO: [Place 30-746] Post Placement Timing Summary WNS=0.711. For the most accurate timing information please run report_timing.
Phase 4.1.1.2 Post Placement Timing Optimization | Checksum: 1dec64f01
INFO: [Place 46-19] Post Replication Timing Summary WNS=0.711. For the most accurate timing information please run report_timing.
place_design completed successfully
place_design: Time (s): cpu = 01:10:31 ; elapsed = 01:10:35 . Memory (MB): peak = 13810.352 ; gain = 5129.016 ; free physical = 9512 ; free virtual = 27777
## print "Writing post-place design checkpoint and report"
AWS FPGA: (15:02:36): Writing post-place design checkpoint and report
## write_checkpoint -force ${checkpoints_dir}/${CL}.${TAG}.post_place.dcp
INFO: [Timing 38-480] Writing timing data to binary archive.
INFO: [Common 17-1381] The checkpoint '/home/ubuntu/src/project_data/SatSwarmV2/src/aws-fpga/hdk/cl/examples/cl_satswarm/build/checkpoints/cl_satswarm.2026_04_01-132542.post_place.dcp' has been generated.
write_checkpoint: Time (s): cpu = 00:01:01 ; elapsed = 00:01:03 . Memory (MB): peak = 13810.352 ; gain = 0.000 ; free physical = 9380 ; free virtual = 27766
INFO: [Timing 38-91] UpdateTimingParams: Speed grade: -2, Temperature grade: E, Delay Type: max.
[2026-04-01T15:05:42+0000] [2x2_none] still running...
INFO: [Place 30-746] Post Placement Timing Summary WNS=0.711. For the most accurate timing information please run report_timing.
Phase 4.1.1.2 Post Placement Timing Optimization | Checksum: 1dec64f01
INFO: [Place 46-19] Post Replication Timing Summary WNS=0.711. For the most accurate timing information please run report_timing.
place_design completed successfully
place_design: Time (s): cpu = 01:10:31 ; elapsed = 01:10:35 . Memory (MB): peak = 13810.352 ; gain = 5129.016 ; free physical = 9512 ; free virtual = 27777
## print "Writing post-place design checkpoint and report"
AWS FPGA: (15:02:36): Writing post-place design checkpoint and report
## write_checkpoint -force ${checkpoints_dir}/${CL}.${TAG}.post_place.dcp
INFO: [Timing 38-480] Writing timing data to binary archive.
INFO: [Common 17-1381] The checkpoint '/home/ubuntu/src/project_data/SatSwarmV2/src/aws-fpga/hdk/cl/examples/cl_satswarm/build/checkpoints/cl_satswarm.2026_04_01-132542.post_place.dcp' has been generated.
write_checkpoint: Time (s): cpu = 00:01:01 ; elapsed = 00:01:03 . Memory (MB): peak = 13810.352 ; gain = 0.000 ; free physical = 9380 ; free virtual = 27766
INFO: [Timing 38-91] UpdateTimingParams: Speed grade: -2, Temperature grade: E, Delay Type: max.
[2026-04-01T15:07:42+0000] [2x2_none] still running...
Phase 4.1.1.2 Post Placement Timing Optimization | Checksum: 1dec64f01
INFO: [Place 46-19] Post Replication Timing Summary WNS=0.711. For the most accurate timing information please run report_timing.
place_design completed successfully
place_design: Time (s): cpu = 01:10:31 ; elapsed = 01:10:35 . Memory (MB): peak = 13810.352 ; gain = 5129.016 ; free physical = 9512 ; free virtual = 27777
## print "Writing post-place design checkpoint and report"
AWS FPGA: (15:02:36): Writing post-place design checkpoint and report
## write_checkpoint -force ${checkpoints_dir}/${CL}.${TAG}.post_place.dcp
INFO: [Timing 38-480] Writing timing data to binary archive.
INFO: [Common 17-1381] The checkpoint '/home/ubuntu/src/project_data/SatSwarmV2/src/aws-fpga/hdk/cl/examples/cl_satswarm/build/checkpoints/cl_satswarm.2026_04_01-132542.post_place.dcp' has been generated.
write_checkpoint: Time (s): cpu = 00:01:01 ; elapsed = 00:01:03 . Memory (MB): peak = 13810.352 ; gain = 0.000 ; free physical = 9380 ; free virtual = 27766
INFO: [Timing 38-91] UpdateTimingParams: Speed grade: -2, Temperature grade: E, Delay Type: max.
INFO: [Timing 38-78] ReportTimingParams: -max_paths 10 -nworst 1 -delay_type max -sort_by group.
[2026-04-01T15:09:42+0000] [2x2_none] still running...
## write_checkpoint -force ${checkpoints_dir}/${CL}.${TAG}.post_place.dcp
INFO: [Timing 38-480] Writing timing data to binary archive.
INFO: [Common 17-1381] The checkpoint '/home/ubuntu/src/project_data/SatSwarmV2/src/aws-fpga/hdk/cl/examples/cl_satswarm/build/checkpoints/cl_satswarm.2026_04_01-132542.post_place.dcp' has been generated.
write_checkpoint: Time (s): cpu = 00:01:01 ; elapsed = 00:01:03 . Memory (MB): peak = 13810.352 ; gain = 0.000 ; free physical = 9380 ; free virtual = 27766
INFO: [Timing 38-91] UpdateTimingParams: Speed grade: -2, Temperature grade: E, Delay Type: max.
INFO: [Timing 38-78] ReportTimingParams: -max_paths 10 -nworst 1 -delay_type max -sort_by group.
INFO: [Vivado_Tcl 4-2279] Estimated Timing Summary | WNS= 0.711 | TNS= 0.000 | 
INFO: [Vivado_Tcl 4-383] Design worst setup slack (WNS) is greater than or equal to 0.000 ns. All physical synthesis setup optimizations will be skipped.
## print "Writing post-phy_opt design checkpoint and report"
AWS FPGA: (15:08:58): Writing post-phy_opt design checkpoint and report
## write_checkpoint -force ${checkpoints_dir}/${CL}.${TAG}.post_phys_opt.dcp
INFO: [Timing 38-480] Writing timing data to binary archive.
[2026-04-01T15:11:42+0000] [2x2_none] still running...
INFO: [Vivado_Tcl 4-2279] Estimated Timing Summary | WNS= 0.711 | TNS= 0.000 | 
INFO: [Vivado_Tcl 4-383] Design worst setup slack (WNS) is greater than or equal to 0.000 ns. All physical synthesis setup optimizations will be skipped.
## print "Writing post-phy_opt design checkpoint and report"
AWS FPGA: (15:08:58): Writing post-phy_opt design checkpoint and report
## write_checkpoint -force ${checkpoints_dir}/${CL}.${TAG}.post_phys_opt.dcp
INFO: [Timing 38-480] Writing timing data to binary archive.
INFO: [Common 17-1381] The checkpoint '/home/ubuntu/src/project_data/SatSwarmV2/src/aws-fpga/hdk/cl/examples/cl_satswarm/build/checkpoints/cl_satswarm.2026_04_01-132542.post_phys_opt.dcp' has been generated.
write_checkpoint: Time (s): cpu = 00:01:00 ; elapsed = 00:01:02 . Memory (MB): peak = 13810.352 ; gain = 0.000 ; free physical = 9280 ; free virtual = 27787
INFO: [Timing 38-91] UpdateTimingParams: Speed grade: -2, Temperature grade: E, Delay Type: max.
INFO: [Timing 38-78] ReportTimingParams: -max_paths 10 -nworst 1 -delay_type max -sort_by group.
## route_design -directive $ROUTE_DIRECT -tns_cleanup
Command: route_design -directive Default -tns_cleanup
[2026-04-01T15:13:42+0000] [2x2_none] still running...
INFO: [Vivado_Tcl 4-2279] Estimated Timing Summary | WNS= 0.711 | TNS= 0.000 | 
INFO: [Vivado_Tcl 4-383] Design worst setup slack (WNS) is greater than or equal to 0.000 ns. All physical synthesis setup optimizations will be skipped.
## print "Writing post-phy_opt design checkpoint and report"
AWS FPGA: (15:08:58): Writing post-phy_opt design checkpoint and report
## write_checkpoint -force ${checkpoints_dir}/${CL}.${TAG}.post_phys_opt.dcp
INFO: [Timing 38-480] Writing timing data to binary archive.
INFO: [Common 17-1381] The checkpoint '/home/ubuntu/src/project_data/SatSwarmV2/src/aws-fpga/hdk/cl/examples/cl_satswarm/build/checkpoints/cl_satswarm.2026_04_01-132542.post_phys_opt.dcp' has been generated.
write_checkpoint: Time (s): cpu = 00:01:00 ; elapsed = 00:01:02 . Memory (MB): peak = 13810.352 ; gain = 0.000 ; free physical = 9280 ; free virtual = 27787
INFO: [Timing 38-91] UpdateTimingParams: Speed grade: -2, Temperature grade: E, Delay Type: max.
INFO: [Timing 38-78] ReportTimingParams: -max_paths 10 -nworst 1 -delay_type max -sort_by group.
## route_design -directive $ROUTE_DIRECT -tns_cleanup
Command: route_design -directive Default -tns_cleanup
[2026-04-01T15:15:42+0000] [2x2_none] still running...
INFO: [Vivado_Tcl 4-2279] Estimated Timing Summary | WNS= 0.711 | TNS= 0.000 | 
INFO: [Vivado_Tcl 4-383] Design worst setup slack (WNS) is greater than or equal to 0.000 ns. All physical synthesis setup optimizations will be skipped.
## print "Writing post-phy_opt design checkpoint and report"
AWS FPGA: (15:08:58): Writing post-phy_opt design checkpoint and report
## write_checkpoint -force ${checkpoints_dir}/${CL}.${TAG}.post_phys_opt.dcp
INFO: [Timing 38-480] Writing timing data to binary archive.
INFO: [Common 17-1381] The checkpoint '/home/ubuntu/src/project_data/SatSwarmV2/src/aws-fpga/hdk/cl/examples/cl_satswarm/build/checkpoints/cl_satswarm.2026_04_01-132542.post_phys_opt.dcp' has been generated.
write_checkpoint: Time (s): cpu = 00:01:00 ; elapsed = 00:01:02 . Memory (MB): peak = 13810.352 ; gain = 0.000 ; free physical = 9280 ; free virtual = 27787
INFO: [Timing 38-91] UpdateTimingParams: Speed grade: -2, Temperature grade: E, Delay Type: max.
INFO: [Timing 38-78] ReportTimingParams: -max_paths 10 -nworst 1 -delay_type max -sort_by group.
## route_design -directive $ROUTE_DIRECT -tns_cleanup
Command: route_design -directive Default -tns_cleanup
[2026-04-01T15:17:42+0000] [2x2_none] still running...
INFO: [Vivado_Tcl 4-383] Design worst setup slack (WNS) is greater than or equal to 0.000 ns. All physical synthesis setup optimizations will be skipped.
## print "Writing post-phy_opt design checkpoint and report"
AWS FPGA: (15:08:58): Writing post-phy_opt design checkpoint and report
## write_checkpoint -force ${checkpoints_dir}/${CL}.${TAG}.post_phys_opt.dcp
INFO: [Timing 38-480] Writing timing data to binary archive.
INFO: [Common 17-1381] The checkpoint '/home/ubuntu/src/project_data/SatSwarmV2/src/aws-fpga/hdk/cl/examples/cl_satswarm/build/checkpoints/cl_satswarm.2026_04_01-132542.post_phys_opt.dcp' has been generated.
write_checkpoint: Time (s): cpu = 00:01:00 ; elapsed = 00:01:02 . Memory (MB): peak = 13810.352 ; gain = 0.000 ; free physical = 9280 ; free virtual = 27787
INFO: [Timing 38-91] UpdateTimingParams: Speed grade: -2, Temperature grade: E, Delay Type: max.
INFO: [Timing 38-78] ReportTimingParams: -max_paths 10 -nworst 1 -delay_type max -sort_by group.
## route_design -directive $ROUTE_DIRECT -tns_cleanup
Command: route_design -directive Default -tns_cleanup
Post Restoration Checksum: NetGraph: 6358c4db | NumContArr: ff973fa2 | Constraints: 16617ce1 | Timing: c2a8fa9d
[2026-04-01T15:19:42+0000] [2x2_none] still running...
## print "Writing post-phy_opt design checkpoint and report"
AWS FPGA: (15:08:58): Writing post-phy_opt design checkpoint and report
## write_checkpoint -force ${checkpoints_dir}/${CL}.${TAG}.post_phys_opt.dcp
INFO: [Timing 38-480] Writing timing data to binary archive.
INFO: [Common 17-1381] The checkpoint '/home/ubuntu/src/project_data/SatSwarmV2/src/aws-fpga/hdk/cl/examples/cl_satswarm/build/checkpoints/cl_satswarm.2026_04_01-132542.post_phys_opt.dcp' has been generated.
write_checkpoint: Time (s): cpu = 00:01:00 ; elapsed = 00:01:02 . Memory (MB): peak = 13810.352 ; gain = 0.000 ; free physical = 9280 ; free virtual = 27787
INFO: [Timing 38-91] UpdateTimingParams: Speed grade: -2, Temperature grade: E, Delay Type: max.
INFO: [Timing 38-78] ReportTimingParams: -max_paths 10 -nworst 1 -delay_type max -sort_by group.
## route_design -directive $ROUTE_DIRECT -tns_cleanup
Command: route_design -directive Default -tns_cleanup
Post Restoration Checksum: NetGraph: 6358c4db | NumContArr: ff973fa2 | Constraints: 16617ce1 | Timing: c2a8fa9d
Phase 2.4 Update Timing
[2026-04-01T15:21:42+0000] [2x2_none] still running...
## print "Writing post-phy_opt design checkpoint and report"
AWS FPGA: (15:08:58): Writing post-phy_opt design checkpoint and report
## write_checkpoint -force ${checkpoints_dir}/${CL}.${TAG}.post_phys_opt.dcp
INFO: [Timing 38-480] Writing timing data to binary archive.
INFO: [Common 17-1381] The checkpoint '/home/ubuntu/src/project_data/SatSwarmV2/src/aws-fpga/hdk/cl/examples/cl_satswarm/build/checkpoints/cl_satswarm.2026_04_01-132542.post_phys_opt.dcp' has been generated.
write_checkpoint: Time (s): cpu = 00:01:00 ; elapsed = 00:01:02 . Memory (MB): peak = 13810.352 ; gain = 0.000 ; free physical = 9280 ; free virtual = 27787
INFO: [Timing 38-91] UpdateTimingParams: Speed grade: -2, Temperature grade: E, Delay Type: max.
INFO: [Timing 38-78] ReportTimingParams: -max_paths 10 -nworst 1 -delay_type max -sort_by group.
## route_design -directive $ROUTE_DIRECT -tns_cleanup
Command: route_design -directive Default -tns_cleanup
Post Restoration Checksum: NetGraph: 6358c4db | NumContArr: ff973fa2 | Constraints: 16617ce1 | Timing: c2a8fa9d
Phase 2.4 Update Timing
[2026-04-01T15:23:42+0000] [2x2_none] still running...
## write_checkpoint -force ${checkpoints_dir}/${CL}.${TAG}.post_phys_opt.dcp
INFO: [Timing 38-480] Writing timing data to binary archive.
INFO: [Common 17-1381] The checkpoint '/home/ubuntu/src/project_data/SatSwarmV2/src/aws-fpga/hdk/cl/examples/cl_satswarm/build/checkpoints/cl_satswarm.2026_04_01-132542.post_phys_opt.dcp' has been generated.
write_checkpoint: Time (s): cpu = 00:01:00 ; elapsed = 00:01:02 . Memory (MB): peak = 13810.352 ; gain = 0.000 ; free physical = 9280 ; free virtual = 27787
INFO: [Timing 38-91] UpdateTimingParams: Speed grade: -2, Temperature grade: E, Delay Type: max.
INFO: [Timing 38-78] ReportTimingParams: -max_paths 10 -nworst 1 -delay_type max -sort_by group.
## route_design -directive $ROUTE_DIRECT -tns_cleanup
Command: route_design -directive Default -tns_cleanup
Post Restoration Checksum: NetGraph: 6358c4db | NumContArr: ff973fa2 | Constraints: 16617ce1 | Timing: c2a8fa9d
Phase 2.4 Update Timing
Phase 2.4 Update Timing | Checksum: 1f467b390
INFO: [Route 35-416] Intermediate Timing Summary | WNS=0.711  | TNS=0.000  | WHS=-0.097 | THS=-47.392|
[2026-04-01T15:25:42+0000] [2x2_none] still running...
## write_checkpoint -force ${checkpoints_dir}/${CL}.${TAG}.post_phys_opt.dcp
INFO: [Timing 38-480] Writing timing data to binary archive.
INFO: [Common 17-1381] The checkpoint '/home/ubuntu/src/project_data/SatSwarmV2/src/aws-fpga/hdk/cl/examples/cl_satswarm/build/checkpoints/cl_satswarm.2026_04_01-132542.post_phys_opt.dcp' has been generated.
write_checkpoint: Time (s): cpu = 00:01:00 ; elapsed = 00:01:02 . Memory (MB): peak = 13810.352 ; gain = 0.000 ; free physical = 9280 ; free virtual = 27787
INFO: [Timing 38-91] UpdateTimingParams: Speed grade: -2, Temperature grade: E, Delay Type: max.
INFO: [Timing 38-78] ReportTimingParams: -max_paths 10 -nworst 1 -delay_type max -sort_by group.
## route_design -directive $ROUTE_DIRECT -tns_cleanup
Command: route_design -directive Default -tns_cleanup
Post Restoration Checksum: NetGraph: 6358c4db | NumContArr: ff973fa2 | Constraints: 16617ce1 | Timing: c2a8fa9d
Phase 2.4 Update Timing
Phase 2.4 Update Timing | Checksum: 1f467b390
INFO: [Route 35-416] Intermediate Timing Summary | WNS=0.711  | TNS=0.000  | WHS=-0.097 | THS=-47.392|
[2026-04-01T15:27:42+0000] [2x2_none] still running...
INFO: [Common 17-1381] The checkpoint '/home/ubuntu/src/project_data/SatSwarmV2/src/aws-fpga/hdk/cl/examples/cl_satswarm/build/checkpoints/cl_satswarm.2026_04_01-132542.post_phys_opt.dcp' has been generated.
write_checkpoint: Time (s): cpu = 00:01:00 ; elapsed = 00:01:02 . Memory (MB): peak = 13810.352 ; gain = 0.000 ; free physical = 9280 ; free virtual = 27787
INFO: [Timing 38-91] UpdateTimingParams: Speed grade: -2, Temperature grade: E, Delay Type: max.
INFO: [Timing 38-78] ReportTimingParams: -max_paths 10 -nworst 1 -delay_type max -sort_by group.
## route_design -directive $ROUTE_DIRECT -tns_cleanup
Command: route_design -directive Default -tns_cleanup
Post Restoration Checksum: NetGraph: 6358c4db | NumContArr: ff973fa2 | Constraints: 16617ce1 | Timing: c2a8fa9d
Phase 2.4 Update Timing
Phase 2.4 Update Timing | Checksum: 1f467b390
INFO: [Route 35-416] Intermediate Timing Summary | WNS=0.711  | TNS=0.000  | WHS=-0.097 | THS=-47.392|
Phase 2.5 Update Timing for Bus Skew
Phase 2.5.1 Update Timing
[2026-04-01T15:29:42+0000] [2x2_none] still running...
INFO: [Common 17-1381] The checkpoint '/home/ubuntu/src/project_data/SatSwarmV2/src/aws-fpga/hdk/cl/examples/cl_satswarm/build/checkpoints/cl_satswarm.2026_04_01-132542.post_phys_opt.dcp' has been generated.
write_checkpoint: Time (s): cpu = 00:01:00 ; elapsed = 00:01:02 . Memory (MB): peak = 13810.352 ; gain = 0.000 ; free physical = 9280 ; free virtual = 27787
INFO: [Timing 38-91] UpdateTimingParams: Speed grade: -2, Temperature grade: E, Delay Type: max.
INFO: [Timing 38-78] ReportTimingParams: -max_paths 10 -nworst 1 -delay_type max -sort_by group.
## route_design -directive $ROUTE_DIRECT -tns_cleanup
Command: route_design -directive Default -tns_cleanup
Post Restoration Checksum: NetGraph: 6358c4db | NumContArr: ff973fa2 | Constraints: 16617ce1 | Timing: c2a8fa9d
Phase 2.4 Update Timing
Phase 2.4 Update Timing | Checksum: 1f467b390
INFO: [Route 35-416] Intermediate Timing Summary | WNS=0.711  | TNS=0.000  | WHS=-0.097 | THS=-47.392|
Phase 2.5 Update Timing for Bus Skew
Phase 2.5.1 Update Timing
[2026-04-01T15:31:42+0000] [2x2_none] still running...
INFO: [Timing 38-78] ReportTimingParams: -max_paths 10 -nworst 1 -delay_type max -sort_by group.
## route_design -directive $ROUTE_DIRECT -tns_cleanup
Command: route_design -directive Default -tns_cleanup
Post Restoration Checksum: NetGraph: 6358c4db | NumContArr: ff973fa2 | Constraints: 16617ce1 | Timing: c2a8fa9d
Phase 2.4 Update Timing
Phase 2.4 Update Timing | Checksum: 1f467b390
INFO: [Route 35-416] Intermediate Timing Summary | WNS=0.711  | TNS=0.000  | WHS=-0.097 | THS=-47.392|
Phase 2.5 Update Timing for Bus Skew
Phase 2.5.1 Update Timing
Phase 2.5.1 Update Timing | Checksum: 2180770e8
INFO: [Route 35-416] Intermediate Timing Summary | WNS=0.711  | TNS=0.000  | WHS=-0.115 | THS=-16.464|
Phase 2.5 Update Timing for Bus Skew | Checksum: 23d86bba8
[2026-04-01T15:33:42+0000] [2x2_none] still running...
INFO: [Timing 38-78] ReportTimingParams: -max_paths 10 -nworst 1 -delay_type max -sort_by group.
## route_design -directive $ROUTE_DIRECT -tns_cleanup
Command: route_design -directive Default -tns_cleanup
Post Restoration Checksum: NetGraph: 6358c4db | NumContArr: ff973fa2 | Constraints: 16617ce1 | Timing: c2a8fa9d
Phase 2.4 Update Timing
Phase 2.4 Update Timing | Checksum: 1f467b390
INFO: [Route 35-416] Intermediate Timing Summary | WNS=0.711  | TNS=0.000  | WHS=-0.097 | THS=-47.392|
Phase 2.5 Update Timing for Bus Skew
Phase 2.5.1 Update Timing
Phase 2.5.1 Update Timing | Checksum: 2180770e8
INFO: [Route 35-416] Intermediate Timing Summary | WNS=0.711  | TNS=0.000  | WHS=-0.115 | THS=-16.464|
Phase 2.5 Update Timing for Bus Skew | Checksum: 23d86bba8
[2026-04-01T15:35:42+0000] [2x2_none] still running...
INFO: [Timing 38-78] ReportTimingParams: -max_paths 10 -nworst 1 -delay_type max -sort_by group.
## route_design -directive $ROUTE_DIRECT -tns_cleanup
Command: route_design -directive Default -tns_cleanup
Post Restoration Checksum: NetGraph: 6358c4db | NumContArr: ff973fa2 | Constraints: 16617ce1 | Timing: c2a8fa9d
Phase 2.4 Update Timing
Phase 2.4 Update Timing | Checksum: 1f467b390
INFO: [Route 35-416] Intermediate Timing Summary | WNS=0.711  | TNS=0.000  | WHS=-0.097 | THS=-47.392|
Phase 2.5 Update Timing for Bus Skew
Phase 2.5.1 Update Timing
Phase 2.5.1 Update Timing | Checksum: 2180770e8
INFO: [Route 35-416] Intermediate Timing Summary | WNS=0.711  | TNS=0.000  | WHS=-0.115 | THS=-16.464|
Phase 2.5 Update Timing for Bus Skew | Checksum: 23d86bba8
[2026-04-01T15:37:42+0000] [2x2_none] still running...
INFO: [Timing 38-78] ReportTimingParams: -max_paths 10 -nworst 1 -delay_type max -sort_by group.
## route_design -directive $ROUTE_DIRECT -tns_cleanup
Command: route_design -directive Default -tns_cleanup
Post Restoration Checksum: NetGraph: 6358c4db | NumContArr: ff973fa2 | Constraints: 16617ce1 | Timing: c2a8fa9d
Phase 2.4 Update Timing
Phase 2.4 Update Timing | Checksum: 1f467b390
INFO: [Route 35-416] Intermediate Timing Summary | WNS=0.711  | TNS=0.000  | WHS=-0.097 | THS=-47.392|
Phase 2.5 Update Timing for Bus Skew
Phase 2.5.1 Update Timing
Phase 2.5.1 Update Timing | Checksum: 2180770e8
INFO: [Route 35-416] Intermediate Timing Summary | WNS=0.711  | TNS=0.000  | WHS=-0.115 | THS=-16.464|
Phase 2.5 Update Timing for Bus Skew | Checksum: 23d86bba8
[2026-04-01T15:39:42+0000] [2x2_none] still running...
INFO: [Timing 38-78] ReportTimingParams: -max_paths 10 -nworst 1 -delay_type max -sort_by group.
## route_design -directive $ROUTE_DIRECT -tns_cleanup
Command: route_design -directive Default -tns_cleanup
Post Restoration Checksum: NetGraph: 6358c4db | NumContArr: ff973fa2 | Constraints: 16617ce1 | Timing: c2a8fa9d
Phase 2.4 Update Timing
Phase 2.4 Update Timing | Checksum: 1f467b390
INFO: [Route 35-416] Intermediate Timing Summary | WNS=0.711  | TNS=0.000  | WHS=-0.097 | THS=-47.392|
Phase 2.5 Update Timing for Bus Skew
Phase 2.5.1 Update Timing
Phase 2.5.1 Update Timing | Checksum: 2180770e8
INFO: [Route 35-416] Intermediate Timing Summary | WNS=0.711  | TNS=0.000  | WHS=-0.115 | THS=-16.464|
Phase 2.5 Update Timing for Bus Skew | Checksum: 23d86bba8
[2026-04-01T15:41:42+0000] [2x2_none] still running...
INFO: [Timing 38-78] ReportTimingParams: -max_paths 10 -nworst 1 -delay_type max -sort_by group.
## route_design -directive $ROUTE_DIRECT -tns_cleanup
Command: route_design -directive Default -tns_cleanup
Post Restoration Checksum: NetGraph: 6358c4db | NumContArr: ff973fa2 | Constraints: 16617ce1 | Timing: c2a8fa9d
Phase 2.4 Update Timing
Phase 2.4 Update Timing | Checksum: 1f467b390
INFO: [Route 35-416] Intermediate Timing Summary | WNS=0.711  | TNS=0.000  | WHS=-0.097 | THS=-47.392|
Phase 2.5 Update Timing for Bus Skew
Phase 2.5.1 Update Timing
Phase 2.5.1 Update Timing | Checksum: 2180770e8
INFO: [Route 35-416] Intermediate Timing Summary | WNS=0.711  | TNS=0.000  | WHS=-0.115 | THS=-16.464|
Phase 2.5 Update Timing for Bus Skew | Checksum: 23d86bba8
[2026-04-01T15:43:42+0000] [2x2_none] still running...
INFO: [Timing 38-78] ReportTimingParams: -max_paths 10 -nworst 1 -delay_type max -sort_by group.
## route_design -directive $ROUTE_DIRECT -tns_cleanup
Command: route_design -directive Default -tns_cleanup
Post Restoration Checksum: NetGraph: 6358c4db | NumContArr: ff973fa2 | Constraints: 16617ce1 | Timing: c2a8fa9d
Phase 2.4 Update Timing
Phase 2.4 Update Timing | Checksum: 1f467b390
INFO: [Route 35-416] Intermediate Timing Summary | WNS=0.711  | TNS=0.000  | WHS=-0.097 | THS=-47.392|
Phase 2.5 Update Timing for Bus Skew
Phase 2.5.1 Update Timing
Phase 2.5.1 Update Timing | Checksum: 2180770e8
INFO: [Route 35-416] Intermediate Timing Summary | WNS=0.711  | TNS=0.000  | WHS=-0.115 | THS=-16.464|
Phase 2.5 Update Timing for Bus Skew | Checksum: 23d86bba8
[2026-04-01T15:45:42+0000] [2x2_none] still running...
INFO: [Timing 38-78] ReportTimingParams: -max_paths 10 -nworst 1 -delay_type max -sort_by group.
## route_design -directive $ROUTE_DIRECT -tns_cleanup
Command: route_design -directive Default -tns_cleanup
Post Restoration Checksum: NetGraph: 6358c4db | NumContArr: ff973fa2 | Constraints: 16617ce1 | Timing: c2a8fa9d
Phase 2.4 Update Timing
Phase 2.4 Update Timing | Checksum: 1f467b390
INFO: [Route 35-416] Intermediate Timing Summary | WNS=0.711  | TNS=0.000  | WHS=-0.097 | THS=-47.392|
Phase 2.5 Update Timing for Bus Skew
Phase 2.5.1 Update Timing
Phase 2.5.1 Update Timing | Checksum: 2180770e8
INFO: [Route 35-416] Intermediate Timing Summary | WNS=0.711  | TNS=0.000  | WHS=-0.115 | THS=-16.464|
Phase 2.5 Update Timing for Bus Skew | Checksum: 23d86bba8
[2026-04-01T15:47:42+0000] [2x2_none] still running...
INFO: [Timing 38-78] ReportTimingParams: -max_paths 10 -nworst 1 -delay_type max -sort_by group.
## route_design -directive $ROUTE_DIRECT -tns_cleanup
Command: route_design -directive Default -tns_cleanup
Post Restoration Checksum: NetGraph: 6358c4db | NumContArr: ff973fa2 | Constraints: 16617ce1 | Timing: c2a8fa9d
Phase 2.4 Update Timing
Phase 2.4 Update Timing | Checksum: 1f467b390
INFO: [Route 35-416] Intermediate Timing Summary | WNS=0.711  | TNS=0.000  | WHS=-0.097 | THS=-47.392|
Phase 2.5 Update Timing for Bus Skew
Phase 2.5.1 Update Timing
Phase 2.5.1 Update Timing | Checksum: 2180770e8
INFO: [Route 35-416] Intermediate Timing Summary | WNS=0.711  | TNS=0.000  | WHS=-0.115 | THS=-16.464|
Phase 2.5 Update Timing for Bus Skew | Checksum: 23d86bba8
[2026-04-01T15:49:42+0000] [2x2_none] still running...
INFO: [Timing 38-78] ReportTimingParams: -max_paths 10 -nworst 1 -delay_type max -sort_by group.
## route_design -directive $ROUTE_DIRECT -tns_cleanup
Command: route_design -directive Default -tns_cleanup
Post Restoration Checksum: NetGraph: 6358c4db | NumContArr: ff973fa2 | Constraints: 16617ce1 | Timing: c2a8fa9d
Phase 2.4 Update Timing
Phase 2.4 Update Timing | Checksum: 1f467b390
INFO: [Route 35-416] Intermediate Timing Summary | WNS=0.711  | TNS=0.000  | WHS=-0.097 | THS=-47.392|
Phase 2.5 Update Timing for Bus Skew
Phase 2.5.1 Update Timing
Phase 2.5.1 Update Timing | Checksum: 2180770e8
INFO: [Route 35-416] Intermediate Timing Summary | WNS=0.711  | TNS=0.000  | WHS=-0.115 | THS=-16.464|
Phase 2.5 Update Timing for Bus Skew | Checksum: 23d86bba8
[2026-04-01T15:51:42+0000] [2x2_none] still running...
INFO: [Timing 38-78] ReportTimingParams: -max_paths 10 -nworst 1 -delay_type max -sort_by group.
## route_design -directive $ROUTE_DIRECT -tns_cleanup
Command: route_design -directive Default -tns_cleanup
Post Restoration Checksum: NetGraph: 6358c4db | NumContArr: ff973fa2 | Constraints: 16617ce1 | Timing: c2a8fa9d
Phase 2.4 Update Timing
Phase 2.4 Update Timing | Checksum: 1f467b390
INFO: [Route 35-416] Intermediate Timing Summary | WNS=0.711  | TNS=0.000  | WHS=-0.097 | THS=-47.392|
Phase 2.5 Update Timing for Bus Skew
Phase 2.5.1 Update Timing
Phase 2.5.1 Update Timing | Checksum: 2180770e8
INFO: [Route 35-416] Intermediate Timing Summary | WNS=0.711  | TNS=0.000  | WHS=-0.115 | THS=-16.464|
Phase 2.5 Update Timing for Bus Skew | Checksum: 23d86bba8
[2026-04-01T15:53:42+0000] [2x2_none] still running...
INFO: [Timing 38-78] ReportTimingParams: -max_paths 10 -nworst 1 -delay_type max -sort_by group.
## route_design -directive $ROUTE_DIRECT -tns_cleanup
Command: route_design -directive Default -tns_cleanup
Post Restoration Checksum: NetGraph: 6358c4db | NumContArr: ff973fa2 | Constraints: 16617ce1 | Timing: c2a8fa9d
Phase 2.4 Update Timing
Phase 2.4 Update Timing | Checksum: 1f467b390
INFO: [Route 35-416] Intermediate Timing Summary | WNS=0.711  | TNS=0.000  | WHS=-0.097 | THS=-47.392|
Phase 2.5 Update Timing for Bus Skew
Phase 2.5.1 Update Timing
Phase 2.5.1 Update Timing | Checksum: 2180770e8
INFO: [Route 35-416] Intermediate Timing Summary | WNS=0.711  | TNS=0.000  | WHS=-0.115 | THS=-16.464|
Phase 2.5 Update Timing for Bus Skew | Checksum: 23d86bba8
[2026-04-01T15:55:42+0000] [2x2_none] still running...
INFO: [Timing 38-78] ReportTimingParams: -max_paths 10 -nworst 1 -delay_type max -sort_by group.
## route_design -directive $ROUTE_DIRECT -tns_cleanup
Command: route_design -directive Default -tns_cleanup
Post Restoration Checksum: NetGraph: 6358c4db | NumContArr: ff973fa2 | Constraints: 16617ce1 | Timing: c2a8fa9d
Phase 2.4 Update Timing
Phase 2.4 Update Timing | Checksum: 1f467b390
INFO: [Route 35-416] Intermediate Timing Summary | WNS=0.711  | TNS=0.000  | WHS=-0.097 | THS=-47.392|
Phase 2.5 Update Timing for Bus Skew
Phase 2.5.1 Update Timing
Phase 2.5.1 Update Timing | Checksum: 2180770e8
INFO: [Route 35-416] Intermediate Timing Summary | WNS=0.711  | TNS=0.000  | WHS=-0.115 | THS=-16.464|
Phase 2.5 Update Timing for Bus Skew | Checksum: 23d86bba8
[2026-04-01T15:57:42+0000] [2x2_none] still running...
INFO: [Timing 38-78] ReportTimingParams: -max_paths 10 -nworst 1 -delay_type max -sort_by group.
## route_design -directive $ROUTE_DIRECT -tns_cleanup
Command: route_design -directive Default -tns_cleanup
Post Restoration Checksum: NetGraph: 6358c4db | NumContArr: ff973fa2 | Constraints: 16617ce1 | Timing: c2a8fa9d
Phase 2.4 Update Timing
Phase 2.4 Update Timing | Checksum: 1f467b390
INFO: [Route 35-416] Intermediate Timing Summary | WNS=0.711  | TNS=0.000  | WHS=-0.097 | THS=-47.392|
Phase 2.5 Update Timing for Bus Skew
Phase 2.5.1 Update Timing
Phase 2.5.1 Update Timing | Checksum: 2180770e8
INFO: [Route 35-416] Intermediate Timing Summary | WNS=0.711  | TNS=0.000  | WHS=-0.115 | THS=-16.464|
Phase 2.5 Update Timing for Bus Skew | Checksum: 23d86bba8
[2026-04-01T15:59:42+0000] [2x2_none] still running...
INFO: [Timing 38-78] ReportTimingParams: -max_paths 10 -nworst 1 -delay_type max -sort_by group.
## route_design -directive $ROUTE_DIRECT -tns_cleanup
Command: route_design -directive Default -tns_cleanup
Post Restoration Checksum: NetGraph: 6358c4db | NumContArr: ff973fa2 | Constraints: 16617ce1 | Timing: c2a8fa9d
Phase 2.4 Update Timing
Phase 2.4 Update Timing | Checksum: 1f467b390
INFO: [Route 35-416] Intermediate Timing Summary | WNS=0.711  | TNS=0.000  | WHS=-0.097 | THS=-47.392|
Phase 2.5 Update Timing for Bus Skew
Phase 2.5.1 Update Timing
Phase 2.5.1 Update Timing | Checksum: 2180770e8
INFO: [Route 35-416] Intermediate Timing Summary | WNS=0.711  | TNS=0.000  | WHS=-0.115 | THS=-16.464|
Phase 2.5 Update Timing for Bus Skew | Checksum: 23d86bba8
[2026-04-01T16:01:42+0000] [2x2_none] still running...
INFO: [Timing 38-78] ReportTimingParams: -max_paths 10 -nworst 1 -delay_type max -sort_by group.
## route_design -directive $ROUTE_DIRECT -tns_cleanup
Command: route_design -directive Default -tns_cleanup
Post Restoration Checksum: NetGraph: 6358c4db | NumContArr: ff973fa2 | Constraints: 16617ce1 | Timing: c2a8fa9d
Phase 2.4 Update Timing
Phase 2.4 Update Timing | Checksum: 1f467b390
INFO: [Route 35-416] Intermediate Timing Summary | WNS=0.711  | TNS=0.000  | WHS=-0.097 | THS=-47.392|
Phase 2.5 Update Timing for Bus Skew
Phase 2.5.1 Update Timing
Phase 2.5.1 Update Timing | Checksum: 2180770e8
INFO: [Route 35-416] Intermediate Timing Summary | WNS=0.711  | TNS=0.000  | WHS=-0.115 | THS=-16.464|
Phase 2.5 Update Timing for Bus Skew | Checksum: 23d86bba8
[2026-04-01T16:03:42+0000] [2x2_none] still running...
INFO: [Timing 38-78] ReportTimingParams: -max_paths 10 -nworst 1 -delay_type max -sort_by group.
## route_design -directive $ROUTE_DIRECT -tns_cleanup
Command: route_design -directive Default -tns_cleanup
Post Restoration Checksum: NetGraph: 6358c4db | NumContArr: ff973fa2 | Constraints: 16617ce1 | Timing: c2a8fa9d
Phase 2.4 Update Timing
Phase 2.4 Update Timing | Checksum: 1f467b390
INFO: [Route 35-416] Intermediate Timing Summary | WNS=0.711  | TNS=0.000  | WHS=-0.097 | THS=-47.392|
Phase 2.5 Update Timing for Bus Skew
Phase 2.5.1 Update Timing
Phase 2.5.1 Update Timing | Checksum: 2180770e8
INFO: [Route 35-416] Intermediate Timing Summary | WNS=0.711  | TNS=0.000  | WHS=-0.115 | THS=-16.464|
Phase 2.5 Update Timing for Bus Skew | Checksum: 23d86bba8
[2026-04-01T16:05:42+0000] [2x2_none] still running...
INFO: [Timing 38-78] ReportTimingParams: -max_paths 10 -nworst 1 -delay_type max -sort_by group.
## route_design -directive $ROUTE_DIRECT -tns_cleanup
Command: route_design -directive Default -tns_cleanup
Post Restoration Checksum: NetGraph: 6358c4db | NumContArr: ff973fa2 | Constraints: 16617ce1 | Timing: c2a8fa9d
Phase 2.4 Update Timing
Phase 2.4 Update Timing | Checksum: 1f467b390
INFO: [Route 35-416] Intermediate Timing Summary | WNS=0.711  | TNS=0.000  | WHS=-0.097 | THS=-47.392|
Phase 2.5 Update Timing for Bus Skew
Phase 2.5.1 Update Timing
Phase 2.5.1 Update Timing | Checksum: 2180770e8
INFO: [Route 35-416] Intermediate Timing Summary | WNS=0.711  | TNS=0.000  | WHS=-0.115 | THS=-16.464|
Phase 2.5 Update Timing for Bus Skew | Checksum: 23d86bba8
[2026-04-01T16:07:42+0000] [2x2_none] still running...
INFO: [Timing 38-78] ReportTimingParams: -max_paths 10 -nworst 1 -delay_type max -sort_by group.
## route_design -directive $ROUTE_DIRECT -tns_cleanup
Command: route_design -directive Default -tns_cleanup
Post Restoration Checksum: NetGraph: 6358c4db | NumContArr: ff973fa2 | Constraints: 16617ce1 | Timing: c2a8fa9d
Phase 2.4 Update Timing
Phase 2.4 Update Timing | Checksum: 1f467b390
INFO: [Route 35-416] Intermediate Timing Summary | WNS=0.711  | TNS=0.000  | WHS=-0.097 | THS=-47.392|
Phase 2.5 Update Timing for Bus Skew
Phase 2.5.1 Update Timing
Phase 2.5.1 Update Timing | Checksum: 2180770e8
INFO: [Route 35-416] Intermediate Timing Summary | WNS=0.711  | TNS=0.000  | WHS=-0.115 | THS=-16.464|
Phase 2.5 Update Timing for Bus Skew | Checksum: 23d86bba8
[2026-04-01T16:09:42+0000] [2x2_none] still running...
INFO: [Timing 38-78] ReportTimingParams: -max_paths 10 -nworst 1 -delay_type max -sort_by group.
## route_design -directive $ROUTE_DIRECT -tns_cleanup
Command: route_design -directive Default -tns_cleanup
Post Restoration Checksum: NetGraph: 6358c4db | NumContArr: ff973fa2 | Constraints: 16617ce1 | Timing: c2a8fa9d
Phase 2.4 Update Timing
Phase 2.4 Update Timing | Checksum: 1f467b390
INFO: [Route 35-416] Intermediate Timing Summary | WNS=0.711  | TNS=0.000  | WHS=-0.097 | THS=-47.392|
Phase 2.5 Update Timing for Bus Skew
Phase 2.5.1 Update Timing
Phase 2.5.1 Update Timing | Checksum: 2180770e8
INFO: [Route 35-416] Intermediate Timing Summary | WNS=0.711  | TNS=0.000  | WHS=-0.115 | THS=-16.464|
Phase 2.5 Update Timing for Bus Skew | Checksum: 23d86bba8
[2026-04-01T16:11:42+0000] [2x2_none] still running...
INFO: [Timing 38-78] ReportTimingParams: -max_paths 10 -nworst 1 -delay_type max -sort_by group.
## route_design -directive $ROUTE_DIRECT -tns_cleanup
Command: route_design -directive Default -tns_cleanup
Post Restoration Checksum: NetGraph: 6358c4db | NumContArr: ff973fa2 | Constraints: 16617ce1 | Timing: c2a8fa9d
Phase 2.4 Update Timing
Phase 2.4 Update Timing | Checksum: 1f467b390
INFO: [Route 35-416] Intermediate Timing Summary | WNS=0.711  | TNS=0.000  | WHS=-0.097 | THS=-47.392|
Phase 2.5 Update Timing for Bus Skew
Phase 2.5.1 Update Timing
Phase 2.5.1 Update Timing | Checksum: 2180770e8
INFO: [Route 35-416] Intermediate Timing Summary | WNS=0.711  | TNS=0.000  | WHS=-0.115 | THS=-16.464|
Phase 2.5 Update Timing for Bus Skew | Checksum: 23d86bba8
[2026-04-01T16:13:42+0000] [2x2_none] still running...
## route_design -directive $ROUTE_DIRECT -tns_cleanup
Command: route_design -directive Default -tns_cleanup
Post Restoration Checksum: NetGraph: 6358c4db | NumContArr: ff973fa2 | Constraints: 16617ce1 | Timing: c2a8fa9d
Phase 2.4 Update Timing
Phase 2.4 Update Timing | Checksum: 1f467b390
INFO: [Route 35-416] Intermediate Timing Summary | WNS=0.711  | TNS=0.000  | WHS=-0.097 | THS=-47.392|
Phase 2.5 Update Timing for Bus Skew
Phase 2.5.1 Update Timing
Phase 2.5.1 Update Timing | Checksum: 2180770e8
INFO: [Route 35-416] Intermediate Timing Summary | WNS=0.711  | TNS=0.000  | WHS=-0.115 | THS=-16.464|
Phase 2.5 Update Timing for Bus Skew | Checksum: 23d86bba8
INFO: [Route 35-416] Intermediate Timing Summary | WNS=0.711  | TNS=0.000  | WHS=-0.033 | THS=-0.086 |
[2026-04-01T16:15:42+0000] [2x2_none] still running...
Command: route_design -directive Default -tns_cleanup
Post Restoration Checksum: NetGraph: 6358c4db | NumContArr: ff973fa2 | Constraints: 16617ce1 | Timing: c2a8fa9d
Phase 2.4 Update Timing
Phase 2.4 Update Timing | Checksum: 1f467b390
INFO: [Route 35-416] Intermediate Timing Summary | WNS=0.711  | TNS=0.000  | WHS=-0.097 | THS=-47.392|
Phase 2.5 Update Timing for Bus Skew
Phase 2.5.1 Update Timing
Phase 2.5.1 Update Timing | Checksum: 2180770e8
INFO: [Route 35-416] Intermediate Timing Summary | WNS=0.711  | TNS=0.000  | WHS=-0.115 | THS=-16.464|
Phase 2.5 Update Timing for Bus Skew | Checksum: 23d86bba8
INFO: [Route 35-416] Intermediate Timing Summary | WNS=0.711  | TNS=0.000  | WHS=-0.033 | THS=-0.086 |
INFO: [Route 35-416] Intermediate Timing Summary | WNS=0.711  | TNS=0.000  | WHS=N/A    | THS=N/A    |
[2026-04-01T16:17:42+0000] [2x2_none] still running...
Command: route_design -directive Default -tns_cleanup
Post Restoration Checksum: NetGraph: 6358c4db | NumContArr: ff973fa2 | Constraints: 16617ce1 | Timing: c2a8fa9d
Phase 2.4 Update Timing
Phase 2.4 Update Timing | Checksum: 1f467b390
INFO: [Route 35-416] Intermediate Timing Summary | WNS=0.711  | TNS=0.000  | WHS=-0.097 | THS=-47.392|
Phase 2.5 Update Timing for Bus Skew
Phase 2.5.1 Update Timing
Phase 2.5.1 Update Timing | Checksum: 2180770e8
INFO: [Route 35-416] Intermediate Timing Summary | WNS=0.711  | TNS=0.000  | WHS=-0.115 | THS=-16.464|
Phase 2.5 Update Timing for Bus Skew | Checksum: 23d86bba8
INFO: [Route 35-416] Intermediate Timing Summary | WNS=0.711  | TNS=0.000  | WHS=-0.033 | THS=-0.086 |
INFO: [Route 35-416] Intermediate Timing Summary | WNS=0.711  | TNS=0.000  | WHS=N/A    | THS=N/A    |
[2026-04-01T16:19:42+0000] [2x2_none] still running...
Phase 2.4 Update Timing
Phase 2.4 Update Timing | Checksum: 1f467b390
INFO: [Route 35-416] Intermediate Timing Summary | WNS=0.711  | TNS=0.000  | WHS=-0.097 | THS=-47.392|
Phase 2.5 Update Timing for Bus Skew
Phase 2.5.1 Update Timing
Phase 2.5.1 Update Timing | Checksum: 2180770e8
INFO: [Route 35-416] Intermediate Timing Summary | WNS=0.711  | TNS=0.000  | WHS=-0.115 | THS=-16.464|
Phase 2.5 Update Timing for Bus Skew | Checksum: 23d86bba8
INFO: [Route 35-416] Intermediate Timing Summary | WNS=0.711  | TNS=0.000  | WHS=-0.033 | THS=-0.086 |
INFO: [Route 35-416] Intermediate Timing Summary | WNS=0.711  | TNS=0.000  | WHS=N/A    | THS=N/A    |
INFO: [Route 35-416] Intermediate Timing Summary | WNS=0.711  | TNS=0.000  | WHS=0.010  | THS=0.000  |
INFO: [Route 35-416] Intermediate Timing Summary | WNS=0.711  | TNS=0.000  | WHS=0.010  | THS=0.000  |
[2026-04-01T16:21:42+0000] [2x2_none] still running...
Phase 2.4 Update Timing | Checksum: 1f467b390
INFO: [Route 35-416] Intermediate Timing Summary | WNS=0.711  | TNS=0.000  | WHS=-0.097 | THS=-47.392|
Phase 2.5 Update Timing for Bus Skew
Phase 2.5.1 Update Timing
Phase 2.5.1 Update Timing | Checksum: 2180770e8
INFO: [Route 35-416] Intermediate Timing Summary | WNS=0.711  | TNS=0.000  | WHS=-0.115 | THS=-16.464|
Phase 2.5 Update Timing for Bus Skew | Checksum: 23d86bba8
INFO: [Route 35-416] Intermediate Timing Summary | WNS=0.711  | TNS=0.000  | WHS=-0.033 | THS=-0.086 |
INFO: [Route 35-416] Intermediate Timing Summary | WNS=0.711  | TNS=0.000  | WHS=N/A    | THS=N/A    |
INFO: [Route 35-416] Intermediate Timing Summary | WNS=0.711  | TNS=0.000  | WHS=0.010  | THS=0.000  |
INFO: [Route 35-416] Intermediate Timing Summary | WNS=0.711  | TNS=0.000  | WHS=0.010  | THS=0.000  |
INFO: [Route 35-416] Intermediate Timing Summary | WNS=0.711  | TNS=0.000  | WHS=0.010  | THS=0.000  |
[2026-04-01T16:23:42+0000] [2x2_none] still running...
Phase 2.4 Update Timing | Checksum: 1f467b390
INFO: [Route 35-416] Intermediate Timing Summary | WNS=0.711  | TNS=0.000  | WHS=-0.097 | THS=-47.392|
Phase 2.5 Update Timing for Bus Skew
Phase 2.5.1 Update Timing
Phase 2.5.1 Update Timing | Checksum: 2180770e8
INFO: [Route 35-416] Intermediate Timing Summary | WNS=0.711  | TNS=0.000  | WHS=-0.115 | THS=-16.464|
Phase 2.5 Update Timing for Bus Skew | Checksum: 23d86bba8
INFO: [Route 35-416] Intermediate Timing Summary | WNS=0.711  | TNS=0.000  | WHS=-0.033 | THS=-0.086 |
INFO: [Route 35-416] Intermediate Timing Summary | WNS=0.711  | TNS=0.000  | WHS=N/A    | THS=N/A    |
INFO: [Route 35-416] Intermediate Timing Summary | WNS=0.711  | TNS=0.000  | WHS=0.010  | THS=0.000  |
INFO: [Route 35-416] Intermediate Timing Summary | WNS=0.711  | TNS=0.000  | WHS=0.010  | THS=0.000  |
INFO: [Route 35-416] Intermediate Timing Summary | WNS=0.711  | TNS=0.000  | WHS=0.010  | THS=0.000  |
[2026-04-01T16:25:42+0000] [2x2_none] still running...
Phase 2.4 Update Timing | Checksum: 1f467b390
INFO: [Route 35-416] Intermediate Timing Summary | WNS=0.711  | TNS=0.000  | WHS=-0.097 | THS=-47.392|
Phase 2.5 Update Timing for Bus Skew
Phase 2.5.1 Update Timing
Phase 2.5.1 Update Timing | Checksum: 2180770e8
INFO: [Route 35-416] Intermediate Timing Summary | WNS=0.711  | TNS=0.000  | WHS=-0.115 | THS=-16.464|
Phase 2.5 Update Timing for Bus Skew | Checksum: 23d86bba8
INFO: [Route 35-416] Intermediate Timing Summary | WNS=0.711  | TNS=0.000  | WHS=-0.033 | THS=-0.086 |
INFO: [Route 35-416] Intermediate Timing Summary | WNS=0.711  | TNS=0.000  | WHS=N/A    | THS=N/A    |
INFO: [Route 35-416] Intermediate Timing Summary | WNS=0.711  | TNS=0.000  | WHS=0.010  | THS=0.000  |
INFO: [Route 35-416] Intermediate Timing Summary | WNS=0.711  | TNS=0.000  | WHS=0.010  | THS=0.000  |
INFO: [Route 35-416] Intermediate Timing Summary | WNS=0.711  | TNS=0.000  | WHS=0.010  | THS=0.000  |
[2026-04-01T16:27:42+0000] [2x2_none] still running...
INFO: [Route 35-416] Intermediate Timing Summary | WNS=0.711  | TNS=0.000  | WHS=-0.115 | THS=-16.464|
Phase 2.5 Update Timing for Bus Skew | Checksum: 23d86bba8
INFO: [Route 35-416] Intermediate Timing Summary | WNS=0.711  | TNS=0.000  | WHS=-0.033 | THS=-0.086 |
INFO: [Route 35-416] Intermediate Timing Summary | WNS=0.711  | TNS=0.000  | WHS=N/A    | THS=N/A    |
INFO: [Route 35-416] Intermediate Timing Summary | WNS=0.711  | TNS=0.000  | WHS=0.010  | THS=0.000  |
INFO: [Route 35-416] Intermediate Timing Summary | WNS=0.711  | TNS=0.000  | WHS=0.010  | THS=0.000  |
INFO: [Route 35-416] Intermediate Timing Summary | WNS=0.711  | TNS=0.000  | WHS=0.010  | THS=0.000  |
Phase 14 Post Router Timing
INFO: [Route 35-57] Estimated Timing Summary | WNS=0.711  | TNS=0.000  | WHS=0.010  | THS=0.000  |
Phase 14 Post Router Timing | Checksum: 29b9a05aa
Total Elapsed time in route_design: 4536.27 secs
INFO: [Constraints 18-12546] INFO: Running DFX DRC before completing route_design
[2026-04-01T16:29:42+0000] [2x2_none] still running...
INFO: [Route 35-416] Intermediate Timing Summary | WNS=0.711  | TNS=0.000  | WHS=0.010  | THS=0.000  |
INFO: [Route 35-416] Intermediate Timing Summary | WNS=0.711  | TNS=0.000  | WHS=0.010  | THS=0.000  |
INFO: [Route 35-416] Intermediate Timing Summary | WNS=0.711  | TNS=0.000  | WHS=0.010  | THS=0.000  |
Phase 14 Post Router Timing
INFO: [Route 35-57] Estimated Timing Summary | WNS=0.711  | TNS=0.000  | WHS=0.010  | THS=0.000  |
Phase 14 Post Router Timing | Checksum: 29b9a05aa
Total Elapsed time in route_design: 4536.27 secs
INFO: [Constraints 18-12546] INFO: Running DFX DRC before completing route_design
route_design completed successfully
route_design: Time (s): cpu = 01:17:34 ; elapsed = 01:17:36 . Memory (MB): peak = 13810.352 ; gain = 0.000 ; free physical = 9262 ; free virtual = 27772
## print "Writing post-route design checkpoint and report"
AWS FPGA: (16:28:31): Writing post-route design checkpoint and report
[2026-04-01T16:31:42+0000] [2x2_none] still running...
INFO: [Route 35-416] Intermediate Timing Summary | WNS=0.711  | TNS=0.000  | WHS=0.010  | THS=0.000  |
INFO: [Route 35-416] Intermediate Timing Summary | WNS=0.711  | TNS=0.000  | WHS=0.010  | THS=0.000  |
INFO: [Route 35-416] Intermediate Timing Summary | WNS=0.711  | TNS=0.000  | WHS=0.010  | THS=0.000  |
Phase 14 Post Router Timing
INFO: [Route 35-57] Estimated Timing Summary | WNS=0.711  | TNS=0.000  | WHS=0.010  | THS=0.000  |
Phase 14 Post Router Timing | Checksum: 29b9a05aa
Total Elapsed time in route_design: 4536.27 secs
INFO: [Constraints 18-12546] INFO: Running DFX DRC before completing route_design
route_design completed successfully
route_design: Time (s): cpu = 01:17:34 ; elapsed = 01:17:36 . Memory (MB): peak = 13810.352 ; gain = 0.000 ; free physical = 9262 ; free virtual = 27772
## print "Writing post-route design checkpoint and report"
AWS FPGA: (16:28:31): Writing post-route design checkpoint and report
[2026-04-01T16:33:42+0000] [2x2_none] still running...
INFO: [Route 35-57] Estimated Timing Summary | WNS=0.711  | TNS=0.000  | WHS=0.010  | THS=0.000  |
Phase 14 Post Router Timing | Checksum: 29b9a05aa
Total Elapsed time in route_design: 4536.27 secs
INFO: [Constraints 18-12546] INFO: Running DFX DRC before completing route_design
route_design completed successfully
route_design: Time (s): cpu = 01:17:34 ; elapsed = 01:17:36 . Memory (MB): peak = 13810.352 ; gain = 0.000 ; free physical = 9262 ; free virtual = 27772
## print "Writing post-route design checkpoint and report"
AWS FPGA: (16:28:31): Writing post-route design checkpoint and report
WARNING: [Timing 38-164] This design has multiple clocks. Inter clock paths are considered valid unless explicitly excluded by timing constraints such as set_clock_groups or set_false_path.
WARNING: [Timing 38-164] This design has multiple clocks. Inter clock paths are considered valid unless explicitly excluded by timing constraints such as set_clock_groups or set_false_path.
##     write_checkpoint -force ${checkpoints_dir}/${CL}.${TAG}.post_route.VIOLATED.dcp
##     write_checkpoint -force ${checkpoints_dir}/${CL}.${TAG}.post_route.dcp
[2026-04-01T16:35:42+0000] [2x2_none] still running...
WARNING: [Timing 38-164] This design has multiple clocks. Inter clock paths are considered valid unless explicitly excluded by timing constraints such as set_clock_groups or set_false_path.
WARNING: [Timing 38-164] This design has multiple clocks. Inter clock paths are considered valid unless explicitly excluded by timing constraints such as set_clock_groups or set_false_path.
##     write_checkpoint -force ${checkpoints_dir}/${CL}.${TAG}.post_route.VIOLATED.dcp
##     write_checkpoint -force ${checkpoints_dir}/${CL}.${TAG}.post_route.dcp
INFO: [Timing 38-480] Writing timing data to binary archive.
INFO: [Common 17-1381] The checkpoint '/home/ubuntu/src/project_data/SatSwarmV2/src/aws-fpga/hdk/cl/examples/cl_satswarm/build/checkpoints/cl_satswarm.2026_04_01-132542.post_route.dcp' has been generated.
write_checkpoint: Time (s): cpu = 00:01:07 ; elapsed = 00:01:09 . Memory (MB): peak = 13810.352 ; gain = 0.000 ; free physical = 9074 ; free virtual = 27758
INFO: [Timing 38-78] ReportTimingParams: -max_paths 10 -nworst 1 -delay_type max -sort_by group.
## write_debug_probes -no_partial_ltxfile -force ${checkpoints_dir}/${TAG}.debug_probes.ltx
## print "Finished building design checkpoints for customer design ${CL}"
AWS FPGA: (16:35:21): Finished building design checkpoints for customer design cl_satswarm
8194925dabb6624bf4a359b69653b311d474884694d2eff2bb6e9be94131a68c  /home/ubuntu/src/project_data/SatSwarmV2/src/aws-fpga/hdk/cl/examples/cl_satswarm/build/checkpoints/cl_satswarm.2026_04_01-132542.post_route.dcp
Completed 1.0 MiB/173.2 MiB (12.3 MiB/s) with 1 file(s) remainingCompleted 2.0 MiB/173.2 MiB (18.9 MiB/s) with 1 file(s) remainingCompleted 3.0 MiB/173.2 MiB (27.4 MiB/s) with 1 file(s) remainingCompleted 4.0 MiB/173.2 MiB (36.0 MiB/s) with 1 file(s) remainingCompleted 5.0 MiB/173.2 MiB (44.3 MiB/s) with 1 file(s) remainingCompleted 6.0 MiB/173.2 MiB (51.3 MiB/s) with 1 file(s) remainingCompleted 7.0 MiB/173.2 MiB (59.0 MiB/s) with 1 file(s) remainingCompleted 8.0 MiB/173.2 MiB (66.8 MiB/s) with 1 file(s) remainingCompleted 9.0 MiB/173.2 MiB (69.6 MiB/s) with 1 file(s) remainingCompleted 10.0 MiB/173.2 MiB (75.8 MiB/s) with 1 file(s) remainingCompleted 11.0 MiB/173.2 MiB (83.4 MiB/s) with 1 file(s) remainingCompleted 12.0 MiB/173.2 MiB (89.5 MiB/s) with 1 file(s) remainingCompleted 13.0 MiB/173.2 MiB (96.0 MiB/s) with 1 file(s) remainingCompleted 14.0 MiB/173.2 MiB (101.3 MiB/s) with 1 file(s) remainingCompleted 15.0 MiB/173.2 MiB (108.4 MiB/s) with 1 file(s) remainingCompleted 16.0 MiB/173.2 MiB (115.6 MiB/s) with 1 file(s) remainingCompleted 17.0 MiB/173.2 MiB (119.3 MiB/s) with 1 file(s) remainingCompleted 18.0 MiB/173.2 MiB (110.1 MiB/s) with 1 file(s) remainingCompleted 19.0 MiB/173.2 MiB (115.3 MiB/s) with 1 file(s) remainingCompleted 20.0 MiB/173.2 MiB (120.7 MiB/s) with 1 file(s) remainingCompleted 21.0 MiB/173.2 MiB (126.0 MiB/s) with 1 file(s) remainingCompleted 22.0 MiB/173.2 MiB (131.0 MiB/s) with 1 file(s) remainingCompleted 23.0 MiB/173.2 MiB (135.8 MiB/s) with 1 file(s) remainingCompleted 24.0 MiB/173.2 MiB (141.6 MiB/s) with 1 file(s) remainingCompleted 25.0 MiB/173.2 MiB (147.4 MiB/s) with 1 file(s) remainingCompleted 26.0 MiB/173.2 MiB (151.1 MiB/s) with 1 file(s) remainingCompleted 27.0 MiB/173.2 MiB (156.8 MiB/s) with 1 file(s) remainingCompleted 28.0 MiB/173.2 MiB (162.5 MiB/s) with 1 file(s) remainingCompleted 29.0 MiB/173.2 MiB (167.3 MiB/s) with 1 file(s) remainingCompleted 30.0 MiB/173.2 MiB (172.0 MiB/s) with 1 file(s) remainingCompleted 31.0 MiB/173.2 MiB (175.3 MiB/s) with 1 file(s) remainingCompleted 32.0 MiB/173.2 MiB (181.0 MiB/s) with 1 file(s) remainingCompleted 33.0 MiB/173.2 MiB (185.8 MiB/s) with 1 file(s) remainingCompleted 34.0 MiB/173.2 MiB (191.2 MiB/s) with 1 file(s) remainingCompleted 35.0 MiB/173.2 MiB (195.2 MiB/s) with 1 file(s) remainingCompleted 36.0 MiB/173.2 MiB (200.5 MiB/s) with 1 file(s) remainingCompleted 37.0 MiB/173.2 MiB (204.2 MiB/s) with 1 file(s) remainingCompleted 38.0 MiB/173.2 MiB (209.6 MiB/s) with 1 file(s) remainingCompleted 39.0 MiB/173.2 MiB (213.3 MiB/s) with 1 file(s) remainingCompleted 40.0 MiB/173.2 MiB (216.6 MiB/s) with 1 file(s) remainingCompleted 41.0 MiB/173.2 MiB (221.4 MiB/s) with 1 file(s) remainingCompleted 42.0 MiB/173.2 MiB (226.8 MiB/s) with 1 file(s) remainingCompleted 43.0 MiB/173.2 MiB (232.0 MiB/s) with 1 file(s) remainingCompleted 44.0 MiB/173.2 MiB (236.7 MiB/s) with 1 file(s) remainingCompleted 45.0 MiB/173.2 MiB (238.8 MiB/s) with 1 file(s) remainingCompleted 46.0 MiB/173.2 MiB (244.0 MiB/s) with 1 file(s) remainingCompleted 47.0 MiB/173.2 MiB (248.4 MiB/s) with 1 file(s) remainingCompleted 48.0 MiB/173.2 MiB (251.6 MiB/s) with 1 file(s) remainingCompleted 49.0 MiB/173.2 MiB (256.1 MiB/s) with 1 file(s) remainingCompleted 50.0 MiB/173.2 MiB (261.1 MiB/s) with 1 file(s) remainingCompleted 51.0 MiB/173.2 MiB (266.2 MiB/s) with 1 file(s) remainingCompleted 52.0 MiB/173.2 MiB (270.6 MiB/s) with 1 file(s) remainingCompleted 53.0 MiB/173.2 MiB (275.1 MiB/s) with 1 file(s) remainingCompleted 54.0 MiB/173.2 MiB (280.2 MiB/s) with 1 file(s) remainingCompleted 55.0 MiB/173.2 MiB (282.9 MiB/s) with 1 file(s) remainingCompleted 56.0 MiB/173.2 MiB (284.8 MiB/s) with 1 file(s) remainingCompleted 57.0 MiB/173.2 MiB (289.6 MiB/s) with 1 file(s) remainingCompleted 58.0 MiB/173.2 MiB (294.5 MiB/s) with 1 file(s) remainingCompleted 59.0 MiB/173.2 MiB (298.7 MiB/s) with 1 file(s) remainingCompleted 60.0 MiB/173.2 MiB (302.4 MiB/s) with 1 file(s) remainingCompleted 61.0 MiB/173.2 MiB (307.3 MiB/s) with 1 file(s) remainingCompleted 62.0 MiB/173.2 MiB (310.7 MiB/s) with 1 file(s) remainingCompleted 63.0 MiB/173.2 MiB (314.2 MiB/s) with 1 file(s) remainingCompleted 64.0 MiB/173.2 MiB (316.2 MiB/s) with 1 file(s) remainingCompleted 65.0 MiB/173.2 MiB (319.4 MiB/s) with 1 file(s) remainingCompleted 66.0 MiB/173.2 MiB (324.2 MiB/s) with 1 file(s) remainingCompleted 67.0 MiB/173.2 MiB (329.0 MiB/s) with 1 file(s) remainingCompleted 68.0 MiB/173.2 MiB (331.0 MiB/s) with 1 file(s) remainingCompleted 69.0 MiB/173.2 MiB (335.1 MiB/s) with 1 file(s) remainingCompleted 70.0 MiB/173.2 MiB (339.7 MiB/s) with 1 file(s) remainingCompleted 71.0 MiB/173.2 MiB (343.5 MiB/s) with 1 file(s) remainingCompleted 72.0 MiB/173.2 MiB (346.7 MiB/s) with 1 file(s) remainingCompleted 73.0 MiB/173.2 MiB (351.3 MiB/s) with 1 file(s) remainingCompleted 74.0 MiB/173.2 MiB (352.5 MiB/s) with 1 file(s) remainingCompleted 75.0 MiB/173.2 MiB (355.6 MiB/s) with 1 file(s) remainingCompleted 76.0 MiB/173.2 MiB (359.5 MiB/s) with 1 file(s) remainingCompleted 77.0 MiB/173.2 MiB (361.1 MiB/s) with 1 file(s) remainingCompleted 78.0 MiB/173.2 MiB (363.8 MiB/s) with 1 file(s) remainingCompleted 79.0 MiB/173.2 MiB (367.9 MiB/s) with 1 file(s) remainingCompleted 80.0 MiB/173.2 MiB (366.9 MiB/s) with 1 file(s) remainingCompleted 81.0 MiB/173.2 MiB (321.8 MiB/s) with 1 file(s) remainingCompleted 82.0 MiB/173.2 MiB (322.9 MiB/s) with 1 file(s) remainingCompleted 83.0 MiB/173.2 MiB (322.3 MiB/s) with 1 file(s) remainingCompleted 84.0 MiB/173.2 MiB (323.4 MiB/s) with 1 file(s) remainingCompleted 85.0 MiB/173.2 MiB (314.9 MiB/s) with 1 file(s) remainingCompleted 86.0 MiB/173.2 MiB (316.6 MiB/s) with 1 file(s) remainingCompleted 87.0 MiB/173.2 MiB (318.9 MiB/s) with 1 file(s) remainingCompleted 88.0 MiB/173.2 MiB (321.2 MiB/s) with 1 file(s) remainingCompleted 89.0 MiB/173.2 MiB (323.6 MiB/s) with 1 file(s) remainingCompleted 90.0 MiB/173.2 MiB (324.4 MiB/s) with 1 file(s) remainingCompleted 91.0 MiB/173.2 MiB (327.5 MiB/s) with 1 file(s) remainingCompleted 92.0 MiB/173.2 MiB (328.3 MiB/s) with 1 file(s) remainingCompleted 93.0 MiB/173.2 MiB (329.1 MiB/s) with 1 file(s) remainingCompleted 94.0 MiB/173.2 MiB (330.4 MiB/s) with 1 file(s) remainingCompleted 95.0 MiB/173.2 MiB (332.4 MiB/s) with 1 file(s) remainingCompleted 96.0 MiB/173.2 MiB (332.6 MiB/s) with 1 file(s) remainingCompleted 97.0 MiB/173.2 MiB (335.5 MiB/s) with 1 file(s) remainingCompleted 98.0 MiB/173.2 MiB (337.2 MiB/s) with 1 file(s) remainingCompleted 99.0 MiB/173.2 MiB (339.7 MiB/s) with 1 file(s) remainingCompleted 100.0 MiB/173.2 MiB (342.0 MiB/s) with 1 file(s) remainingCompleted 101.0 MiB/173.2 MiB (343.2 MiB/s) with 1 file(s) remainingCompleted 102.0 MiB/173.2 MiB (344.3 MiB/s) with 1 file(s) remainingCompleted 103.0 MiB/173.2 MiB (346.3 MiB/s) with 1 file(s) remainingCompleted 104.0 MiB/173.2 MiB (348.4 MiB/s) with 1 file(s) remainingCompleted 105.0 MiB/173.2 MiB (349.4 MiB/s) with 1 file(s) remainingCompleted 106.0 MiB/173.2 MiB (349.8 MiB/s) with 1 file(s) remainingCompleted 107.0 MiB/173.2 MiB (348.6 MiB/s) with 1 file(s) remainingCompleted 108.0 MiB/173.2 MiB (349.3 MiB/s) with 1 file(s) remainingCompleted 109.0 MiB/173.2 MiB (351.2 MiB/s) with 1 file(s) remainingCompleted 110.0 MiB/173.2 MiB (353.3 MiB/s) with 1 file(s) remainingCompleted 111.0 MiB/173.2 MiB (355.8 MiB/s) with 1 file(s) remainingCompleted 112.0 MiB/173.2 MiB (357.9 MiB/s) with 1 file(s) remainingCompleted 113.0 MiB/173.2 MiB (359.7 MiB/s) with 1 file(s) remainingCompleted 114.0 MiB/173.2 MiB (361.6 MiB/s) with 1 file(s) remainingCompleted 115.0 MiB/173.2 MiB (363.6 MiB/s) with 1 file(s) remainingCompleted 116.0 MiB/173.2 MiB (360.8 MiB/s) with 1 file(s) remainingCompleted 117.0 MiB/173.2 MiB (362.3 MiB/s) with 1 file(s) remainingCompleted 118.0 MiB/173.2 MiB (364.2 MiB/s) with 1 file(s) remainingCompleted 119.0 MiB/173.2 MiB (364.5 MiB/s) with 1 file(s) remainingCompleted 120.0 MiB/173.2 MiB (363.0 MiB/s) with 1 file(s) remainingCompleted 121.0 MiB/173.2 MiB (357.0 MiB/s) with 1 file(s) remainingCompleted 122.0 MiB/173.2 MiB (357.7 MiB/s) with 1 file(s) remainingCompleted 123.0 MiB/173.2 MiB (359.1 MiB/s) with 1 file(s) remainingCompleted 124.0 MiB/173.2 MiB (360.5 MiB/s) with 1 file(s) remainingCompleted 125.0 MiB/173.2 MiB (353.2 MiB/s) with 1 file(s) remainingCompleted 126.0 MiB/173.2 MiB (354.0 MiB/s) with 1 file(s) remainingCompleted 127.0 MiB/173.2 MiB (355.0 MiB/s) with 1 file(s) remainingCompleted 128.0 MiB/173.2 MiB (356.3 MiB/s) with 1 file(s) remainingCompleted 129.0 MiB/173.2 MiB (358.7 MiB/s) with 1 file(s) remainingCompleted 130.0 MiB/173.2 MiB (359.8 MiB/s) with 1 file(s) remainingCompleted 131.0 MiB/173.2 MiB (360.6 MiB/s) with 1 file(s) remainingCompleted 132.0 MiB/173.2 MiB (360.1 MiB/s) with 1 file(s) remainingCompleted 133.0 MiB/173.2 MiB (352.8 MiB/s) with 1 file(s) remainingCompleted 134.0 MiB/173.2 MiB (354.3 MiB/s) with 1 file(s) remainingCompleted 135.0 MiB/173.2 MiB (355.8 MiB/s) with 1 file(s) remainingCompleted 136.0 MiB/173.2 MiB (356.0 MiB/s) with 1 file(s) remainingCompleted 137.0 MiB/173.2 MiB (356.6 MiB/s) with 1 file(s) remainingCompleted 138.0 MiB/173.2 MiB (356.4 MiB/s) with 1 file(s) remainingCompleted 139.0 MiB/173.2 MiB (358.3 MiB/s) with 1 file(s) remainingCompleted 140.0 MiB/173.2 MiB (360.8 MiB/s) with 1 file(s) remainingCompleted 141.0 MiB/173.2 MiB (361.3 MiB/s) with 1 file(s) remainingCompleted 142.0 MiB/173.2 MiB (362.0 MiB/s) with 1 file(s) remainingCompleted 143.0 MiB/173.2 MiB (363.1 MiB/s) with 1 file(s) remainingCompleted 144.0 MiB/173.2 MiB (364.1 MiB/s) with 1 file(s) remainingCompleted 145.0 MiB/173.2 MiB (365.2 MiB/s) with 1 file(s) remainingCompleted 146.0 MiB/173.2 MiB (366.8 MiB/s) with 1 file(s) remainingCompleted 147.0 MiB/173.2 MiB (368.6 MiB/s) with 1 file(s) remainingCompleted 148.0 MiB/173.2 MiB (369.8 MiB/s) with 1 file(s) remainingCompleted 149.0 MiB/173.2 MiB (372.0 MiB/s) with 1 file(s) remainingCompleted 150.0 MiB/173.2 MiB (373.0 MiB/s) with 1 file(s) remainingCompleted 151.0 MiB/173.2 MiB (372.8 MiB/s) with 1 file(s) remainingCompleted 152.0 MiB/173.2 MiB (375.0 MiB/s) with 1 file(s) remainingCompleted 153.0 MiB/173.2 MiB (376.3 MiB/s) with 1 file(s) remainingCompleted 154.0 MiB/173.2 MiB (377.2 MiB/s) with 1 file(s) remainingCompleted 155.0 MiB/173.2 MiB (377.6 MiB/s) with 1 file(s) remainingCompleted 156.0 MiB/173.2 MiB (379.7 MiB/s) with 1 file(s) remainingCompleted 157.0 MiB/173.2 MiB (379.4 MiB/s) with 1 file(s) remainingCompleted 158.0 MiB/173.2 MiB (380.5 MiB/s) with 1 file(s) remainingCompleted 159.0 MiB/173.2 MiB (381.7 MiB/s) with 1 file(s) remainingCompleted 160.0 MiB/173.2 MiB (382.3 MiB/s) with 1 file(s) remainingCompleted 161.0 MiB/173.2 MiB (367.6 MiB/s) with 1 file(s) remainingCompleted 162.0 MiB/173.2 MiB (366.8 MiB/s) with 1 file(s) remainingCompleted 163.0 MiB/173.2 MiB (368.2 MiB/s) with 1 file(s) remainingCompleted 164.0 MiB/173.2 MiB (369.0 MiB/s) with 1 file(s) remainingCompleted 165.0 MiB/173.2 MiB (370.1 MiB/s) with 1 file(s) remainingCompleted 166.0 MiB/173.2 MiB (371.4 MiB/s) with 1 file(s) remainingCompleted 167.0 MiB/173.2 MiB (373.0 MiB/s) with 1 file(s) remainingCompleted 168.0 MiB/173.2 MiB (374.2 MiB/s) with 1 file(s) remainingCompleted 169.0 MiB/173.2 MiB (368.6 MiB/s) with 1 file(s) remainingCompleted 170.0 MiB/173.2 MiB (369.2 MiB/s) with 1 file(s) remainingCompleted 171.0 MiB/173.2 MiB (369.9 MiB/s) with 1 file(s) remainingCompleted 172.0 MiB/173.2 MiB (370.7 MiB/s) with 1 file(s) remainingCompleted 173.0 MiB/173.2 MiB (372.3 MiB/s) with 1 file(s) remainingCompleted 173.2 MiB/173.2 MiB (315.1 MiB/s) with 1 file(s) remainingupload: src/aws-fpga/hdk/cl/examples/cl_satswarm/build/checkpoints/2026_04_01-132542.Developer_CL.tar to s3://satswarm-v2-afi-624824941978/dcp/2026_04_01-132542.Developer_CL.tar
=== [2x2_none] ok ===
log: /home/ubuntu/src/project_data/SatSwarmV2/deploy/logs/grid_sharing_20260401_132542/build_2x2_none_20260401_132542.log
latest tar: /home/ubuntu/src/project_data/SatSwarmV2/src/aws-fpga/hdk/cl/examples/cl_satswarm/build/checkpoints/2026_04_01-132542.Developer_CL.tar
afi submitted: afi-0620b908c628bb5ac (agfi-0557b672797cfa0e1)
afi json: /home/ubuntu/src/project_data/SatSwarmV2/deploy/logs/grid_sharing_20260401_132542/afi_create_2x2_none_20260401_132542.json

=== [3x3_none] apply params ===
--- Current parameter snapshot ---
cl_satswarm: 23:    parameter int GRID_X               = 3,
cl_satswarm: 24:    parameter int GRID_Y               = 3,
cl_satswarm: 26:    parameter int MAX_CLAUSES_PER_CORE = 2048,
cl_satswarm: 27:    parameter int MAX_LITS             = 8192
bridge: 19:    parameter int GRID_X              = 3,
bridge: 20:    parameter int GRID_Y              = 3,
bridge: 22:    parameter int MAX_CLAUSES_PER_CORE= 2048,
bridge: 23:    parameter int MAX_LITS            = 8192
satswarm_top: 3:    parameter int GRID_X = 3,
satswarm_top: 4:    parameter int GRID_Y = 3,
satswarm_top: 6:    parameter int MAX_CLAUSES_PER_CORE = 2048,
satswarm_top: 7:    parameter int MAX_LITS = 8192,
satswarm_top: 9:    parameter int CLAUSE_SHARING_MODE = 0,
satswarm_top: 10:    parameter int SHARE_MAX_LEN = 2
satswarm_top: 205:                    .CLAUSE_SHARING_MODE(CLAUSE_SHARING_MODE),
satswarm_top: 206:                    .SHARE_MAX_LEN(SHARE_MAX_LEN)
pkg: 15:  parameter int GRID_X         = 3;    // 1x1 grid
pkg: 16:  parameter int GRID_Y         = 3;
mesh: 4:    parameter int GRID_X = 3,
mesh: 5:    parameter int GRID_Y = 3
=== [3x3_none] launch BuildAll (speed-focused directives) ===
[3x3_none] pid=219833 log=/home/ubuntu/src/project_data/SatSwarmV2/deploy/logs/grid_sharing_20260401_132542/build_3x3_none_20260401_163547.log
[2026-04-01T16:37:47+0000] [3x3_none] still running...
CRITICAL WARNING: [Designutils 20-1280] Could not find module 'clk_mmcm_hbm'. The XDC file /home/ubuntu/src/project_data/SatSwarmV2/src/aws-fpga/hdk/common/ip/cl_ip/cl_ip.gen/sources_1/ip/clk_mmcm_hbm/clk_mmcm_hbm_board.xdc will not be read for any cell of this module.
CRITICAL WARNING: [Designutils 20-1280] Could not find module 'clk_mmcm_hbm'. The XDC file /home/ubuntu/src/project_data/SatSwarmV2/src/aws-fpga/hdk/common/ip/cl_ip/cl_ip.gen/sources_1/ip/clk_mmcm_hbm/clk_mmcm_hbm.xdc will not be read for any cell of this module.
INFO: [Timing 38-2] Deriving generated clocks
CRITICAL WARNING: [Designutils 20-1280] Could not find module 'cl_ddr4'. The XDC file /home/ubuntu/src/project_data/SatSwarmV2/src/aws-fpga/hdk/common/ip/cl_ip/cl_ip.gen/sources_1/ip/cl_ddr4/cl_ddr4_board.xdc will not be read for any cell of this module.
CRITICAL WARNING: [Designutils 20-1280] Could not find module 'clk_mmcm_a'. The XDC file /home/ubuntu/src/project_data/SatSwarmV2/src/aws-fpga/hdk/common/ip/cl_ip/cl_ip.gen/sources_1/ip/clk_mmcm_a/clk_mmcm_a_late.xdc will not be read for any cell of this module.
CRITICAL WARNING: [Designutils 20-1280] Could not find module 'clk_mmcm_b'. The XDC file /home/ubuntu/src/project_data/SatSwarmV2/src/aws-fpga/hdk/common/ip/cl_ip/cl_ip.gen/sources_1/ip/clk_mmcm_b/clk_mmcm_b_late.xdc will not be read for any cell of this module.
CRITICAL WARNING: [Designutils 20-1280] Could not find module 'clk_mmcm_c'. The XDC file /home/ubuntu/src/project_data/SatSwarmV2/src/aws-fpga/hdk/common/ip/cl_ip/cl_ip.gen/sources_1/ip/clk_mmcm_c/clk_mmcm_c_late.xdc will not be read for any cell of this module.
CRITICAL WARNING: [Designutils 20-1280] Could not find module 'clk_mmcm_hbm'. The XDC file /home/ubuntu/src/project_data/SatSwarmV2/src/aws-fpga/hdk/common/ip/cl_ip/cl_ip.gen/sources_1/ip/clk_mmcm_hbm/clk_mmcm_hbm_late.xdc will not be read for any cell of this module.
CRITICAL WARNING: [Designutils 20-1280] Could not find module 'axi_register_slice'. The XDC file /home/ubuntu/src/project_data/SatSwarmV2/src/aws-fpga/hdk/common/ip/cl_ip/cl_ip.gen/sources_1/ip/axi_register_slice/axi_register_slice_clocks.xdc will not be read for any cell of this module.
CRITICAL WARNING: [Designutils 20-1280] Could not find module 'axi_register_slice_light'. The XDC file /home/ubuntu/src/project_data/SatSwarmV2/src/aws-fpga/hdk/common/ip/cl_ip/cl_ip.gen/sources_1/ip/axi_register_slice_light/axi_register_slice_light_clocks.xdc will not be read for any cell of this module.
CRITICAL WARNING: [Designutils 20-1280] Could not find module 'cl_axi3_256b_reg_slice'. The XDC file /home/ubuntu/src/project_data/SatSwarmV2/src/aws-fpga/hdk/common/ip/cl_ip/cl_ip.gen/sources_1/ip/cl_axi3_256b_reg_slice/cl_axi3_256b_reg_slice_clocks.xdc will not be read for any cell of this module.
CRITICAL WARNING: [Designutils 20-1280] Could not find module 'cl_axi_register_slice'. The XDC file /home/ubuntu/src/project_data/SatSwarmV2/src/aws-fpga/hdk/common/ip/cl_ip/cl_ip.gen/sources_1/ip/cl_axi_register_slice/cl_axi_register_slice_clocks.xdc will not be read for any cell of this module.
[2026-04-01T16:39:47+0000] [3x3_none] still running...
INFO: [Timing 38-2] Deriving generated clocks
CRITICAL WARNING: [Designutils 20-1280] Could not find module 'cl_ddr4'. The XDC file /home/ubuntu/src/project_data/SatSwarmV2/src/aws-fpga/hdk/common/ip/cl_ip/cl_ip.gen/sources_1/ip/cl_ddr4/cl_ddr4_board.xdc will not be read for any cell of this module.
CRITICAL WARNING: [Designutils 20-1280] Could not find module 'clk_mmcm_a'. The XDC file /home/ubuntu/src/project_data/SatSwarmV2/src/aws-fpga/hdk/common/ip/cl_ip/cl_ip.gen/sources_1/ip/clk_mmcm_a/clk_mmcm_a_late.xdc will not be read for any cell of this module.
CRITICAL WARNING: [Designutils 20-1280] Could not find module 'clk_mmcm_b'. The XDC file /home/ubuntu/src/project_data/SatSwarmV2/src/aws-fpga/hdk/common/ip/cl_ip/cl_ip.gen/sources_1/ip/clk_mmcm_b/clk_mmcm_b_late.xdc will not be read for any cell of this module.
CRITICAL WARNING: [Designutils 20-1280] Could not find module 'clk_mmcm_c'. The XDC file /home/ubuntu/src/project_data/SatSwarmV2/src/aws-fpga/hdk/common/ip/cl_ip/cl_ip.gen/sources_1/ip/clk_mmcm_c/clk_mmcm_c_late.xdc will not be read for any cell of this module.
CRITICAL WARNING: [Designutils 20-1280] Could not find module 'clk_mmcm_hbm'. The XDC file /home/ubuntu/src/project_data/SatSwarmV2/src/aws-fpga/hdk/common/ip/cl_ip/cl_ip.gen/sources_1/ip/clk_mmcm_hbm/clk_mmcm_hbm_late.xdc will not be read for any cell of this module.
CRITICAL WARNING: [Designutils 20-1280] Could not find module 'axi_register_slice'. The XDC file /home/ubuntu/src/project_data/SatSwarmV2/src/aws-fpga/hdk/common/ip/cl_ip/cl_ip.gen/sources_1/ip/axi_register_slice/axi_register_slice_clocks.xdc will not be read for any cell of this module.
CRITICAL WARNING: [Designutils 20-1280] Could not find module 'axi_register_slice_light'. The XDC file /home/ubuntu/src/project_data/SatSwarmV2/src/aws-fpga/hdk/common/ip/cl_ip/cl_ip.gen/sources_1/ip/axi_register_slice_light/axi_register_slice_light_clocks.xdc will not be read for any cell of this module.
CRITICAL WARNING: [Designutils 20-1280] Could not find module 'cl_axi3_256b_reg_slice'. The XDC file /home/ubuntu/src/project_data/SatSwarmV2/src/aws-fpga/hdk/common/ip/cl_ip/cl_ip.gen/sources_1/ip/cl_axi3_256b_reg_slice/cl_axi3_256b_reg_slice_clocks.xdc will not be read for any cell of this module.
CRITICAL WARNING: [Designutils 20-1280] Could not find module 'cl_axi_register_slice'. The XDC file /home/ubuntu/src/project_data/SatSwarmV2/src/aws-fpga/hdk/common/ip/cl_ip/cl_ip.gen/sources_1/ip/cl_axi_register_slice/cl_axi_register_slice_clocks.xdc will not be read for any cell of this module.
Start Loading Part and Timing Information
Finished Loading Part and Timing Information : Time (s): cpu = 00:01:38 ; elapsed = 00:01:41 . Memory (MB): peak = 5380.688 ; gain = 2441.348 ; free physical = 16285 ; free virtual = 35148
[2026-04-01T16:41:47+0000] [3x3_none] still running...
INFO: [Timing 38-2] Deriving generated clocks
CRITICAL WARNING: [Designutils 20-1280] Could not find module 'cl_ddr4'. The XDC file /home/ubuntu/src/project_data/SatSwarmV2/src/aws-fpga/hdk/common/ip/cl_ip/cl_ip.gen/sources_1/ip/cl_ddr4/cl_ddr4_board.xdc will not be read for any cell of this module.
CRITICAL WARNING: [Designutils 20-1280] Could not find module 'clk_mmcm_a'. The XDC file /home/ubuntu/src/project_data/SatSwarmV2/src/aws-fpga/hdk/common/ip/cl_ip/cl_ip.gen/sources_1/ip/clk_mmcm_a/clk_mmcm_a_late.xdc will not be read for any cell of this module.
CRITICAL WARNING: [Designutils 20-1280] Could not find module 'clk_mmcm_b'. The XDC file /home/ubuntu/src/project_data/SatSwarmV2/src/aws-fpga/hdk/common/ip/cl_ip/cl_ip.gen/sources_1/ip/clk_mmcm_b/clk_mmcm_b_late.xdc will not be read for any cell of this module.
CRITICAL WARNING: [Designutils 20-1280] Could not find module 'clk_mmcm_c'. The XDC file /home/ubuntu/src/project_data/SatSwarmV2/src/aws-fpga/hdk/common/ip/cl_ip/cl_ip.gen/sources_1/ip/clk_mmcm_c/clk_mmcm_c_late.xdc will not be read for any cell of this module.
CRITICAL WARNING: [Designutils 20-1280] Could not find module 'clk_mmcm_hbm'. The XDC file /home/ubuntu/src/project_data/SatSwarmV2/src/aws-fpga/hdk/common/ip/cl_ip/cl_ip.gen/sources_1/ip/clk_mmcm_hbm/clk_mmcm_hbm_late.xdc will not be read for any cell of this module.
CRITICAL WARNING: [Designutils 20-1280] Could not find module 'axi_register_slice'. The XDC file /home/ubuntu/src/project_data/SatSwarmV2/src/aws-fpga/hdk/common/ip/cl_ip/cl_ip.gen/sources_1/ip/axi_register_slice/axi_register_slice_clocks.xdc will not be read for any cell of this module.
CRITICAL WARNING: [Designutils 20-1280] Could not find module 'axi_register_slice_light'. The XDC file /home/ubuntu/src/project_data/SatSwarmV2/src/aws-fpga/hdk/common/ip/cl_ip/cl_ip.gen/sources_1/ip/axi_register_slice_light/axi_register_slice_light_clocks.xdc will not be read for any cell of this module.
CRITICAL WARNING: [Designutils 20-1280] Could not find module 'cl_axi3_256b_reg_slice'. The XDC file /home/ubuntu/src/project_data/SatSwarmV2/src/aws-fpga/hdk/common/ip/cl_ip/cl_ip.gen/sources_1/ip/cl_axi3_256b_reg_slice/cl_axi3_256b_reg_slice_clocks.xdc will not be read for any cell of this module.
CRITICAL WARNING: [Designutils 20-1280] Could not find module 'cl_axi_register_slice'. The XDC file /home/ubuntu/src/project_data/SatSwarmV2/src/aws-fpga/hdk/common/ip/cl_ip/cl_ip.gen/sources_1/ip/cl_axi_register_slice/cl_axi_register_slice_clocks.xdc will not be read for any cell of this module.
Start Loading Part and Timing Information
Finished Loading Part and Timing Information : Time (s): cpu = 00:01:38 ; elapsed = 00:01:41 . Memory (MB): peak = 5380.688 ; gain = 2441.348 ; free physical = 16285 ; free virtual = 35148
[2026-04-01T16:43:47+0000] [3x3_none] still running...
CRITICAL WARNING: [Designutils 20-1280] Could not find module 'clk_mmcm_a'. The XDC file /home/ubuntu/src/project_data/SatSwarmV2/src/aws-fpga/hdk/common/ip/cl_ip/cl_ip.gen/sources_1/ip/clk_mmcm_a/clk_mmcm_a_late.xdc will not be read for any cell of this module.
CRITICAL WARNING: [Designutils 20-1280] Could not find module 'clk_mmcm_b'. The XDC file /home/ubuntu/src/project_data/SatSwarmV2/src/aws-fpga/hdk/common/ip/cl_ip/cl_ip.gen/sources_1/ip/clk_mmcm_b/clk_mmcm_b_late.xdc will not be read for any cell of this module.
CRITICAL WARNING: [Designutils 20-1280] Could not find module 'clk_mmcm_c'. The XDC file /home/ubuntu/src/project_data/SatSwarmV2/src/aws-fpga/hdk/common/ip/cl_ip/cl_ip.gen/sources_1/ip/clk_mmcm_c/clk_mmcm_c_late.xdc will not be read for any cell of this module.
CRITICAL WARNING: [Designutils 20-1280] Could not find module 'clk_mmcm_hbm'. The XDC file /home/ubuntu/src/project_data/SatSwarmV2/src/aws-fpga/hdk/common/ip/cl_ip/cl_ip.gen/sources_1/ip/clk_mmcm_hbm/clk_mmcm_hbm_late.xdc will not be read for any cell of this module.
CRITICAL WARNING: [Designutils 20-1280] Could not find module 'axi_register_slice'. The XDC file /home/ubuntu/src/project_data/SatSwarmV2/src/aws-fpga/hdk/common/ip/cl_ip/cl_ip.gen/sources_1/ip/axi_register_slice/axi_register_slice_clocks.xdc will not be read for any cell of this module.
CRITICAL WARNING: [Designutils 20-1280] Could not find module 'axi_register_slice_light'. The XDC file /home/ubuntu/src/project_data/SatSwarmV2/src/aws-fpga/hdk/common/ip/cl_ip/cl_ip.gen/sources_1/ip/axi_register_slice_light/axi_register_slice_light_clocks.xdc will not be read for any cell of this module.
CRITICAL WARNING: [Designutils 20-1280] Could not find module 'cl_axi3_256b_reg_slice'. The XDC file /home/ubuntu/src/project_data/SatSwarmV2/src/aws-fpga/hdk/common/ip/cl_ip/cl_ip.gen/sources_1/ip/cl_axi3_256b_reg_slice/cl_axi3_256b_reg_slice_clocks.xdc will not be read for any cell of this module.
CRITICAL WARNING: [Designutils 20-1280] Could not find module 'cl_axi_register_slice'. The XDC file /home/ubuntu/src/project_data/SatSwarmV2/src/aws-fpga/hdk/common/ip/cl_ip/cl_ip.gen/sources_1/ip/cl_axi_register_slice/cl_axi_register_slice_clocks.xdc will not be read for any cell of this module.
Start Loading Part and Timing Information
Finished Loading Part and Timing Information : Time (s): cpu = 00:01:38 ; elapsed = 00:01:41 . Memory (MB): peak = 5380.688 ; gain = 2441.348 ; free physical = 16285 ; free virtual = 35148
Start Applying XDC Timing Constraints
Finished Applying XDC Timing Constraints : Time (s): cpu = 00:05:32 ; elapsed = 00:06:07 . Memory (MB): peak = 5412.473 ; gain = 2473.133 ; free physical = 14670 ; free virtual = 33559
[2026-04-01T16:45:47+0000] [3x3_none] still running...
CRITICAL WARNING: [Designutils 20-1280] Could not find module 'clk_mmcm_a'. The XDC file /home/ubuntu/src/project_data/SatSwarmV2/src/aws-fpga/hdk/common/ip/cl_ip/cl_ip.gen/sources_1/ip/clk_mmcm_a/clk_mmcm_a_late.xdc will not be read for any cell of this module.
CRITICAL WARNING: [Designutils 20-1280] Could not find module 'clk_mmcm_b'. The XDC file /home/ubuntu/src/project_data/SatSwarmV2/src/aws-fpga/hdk/common/ip/cl_ip/cl_ip.gen/sources_1/ip/clk_mmcm_b/clk_mmcm_b_late.xdc will not be read for any cell of this module.
CRITICAL WARNING: [Designutils 20-1280] Could not find module 'clk_mmcm_c'. The XDC file /home/ubuntu/src/project_data/SatSwarmV2/src/aws-fpga/hdk/common/ip/cl_ip/cl_ip.gen/sources_1/ip/clk_mmcm_c/clk_mmcm_c_late.xdc will not be read for any cell of this module.
CRITICAL WARNING: [Designutils 20-1280] Could not find module 'clk_mmcm_hbm'. The XDC file /home/ubuntu/src/project_data/SatSwarmV2/src/aws-fpga/hdk/common/ip/cl_ip/cl_ip.gen/sources_1/ip/clk_mmcm_hbm/clk_mmcm_hbm_late.xdc will not be read for any cell of this module.
CRITICAL WARNING: [Designutils 20-1280] Could not find module 'axi_register_slice'. The XDC file /home/ubuntu/src/project_data/SatSwarmV2/src/aws-fpga/hdk/common/ip/cl_ip/cl_ip.gen/sources_1/ip/axi_register_slice/axi_register_slice_clocks.xdc will not be read for any cell of this module.
CRITICAL WARNING: [Designutils 20-1280] Could not find module 'axi_register_slice_light'. The XDC file /home/ubuntu/src/project_data/SatSwarmV2/src/aws-fpga/hdk/common/ip/cl_ip/cl_ip.gen/sources_1/ip/axi_register_slice_light/axi_register_slice_light_clocks.xdc will not be read for any cell of this module.
CRITICAL WARNING: [Designutils 20-1280] Could not find module 'cl_axi3_256b_reg_slice'. The XDC file /home/ubuntu/src/project_data/SatSwarmV2/src/aws-fpga/hdk/common/ip/cl_ip/cl_ip.gen/sources_1/ip/cl_axi3_256b_reg_slice/cl_axi3_256b_reg_slice_clocks.xdc will not be read for any cell of this module.
CRITICAL WARNING: [Designutils 20-1280] Could not find module 'cl_axi_register_slice'. The XDC file /home/ubuntu/src/project_data/SatSwarmV2/src/aws-fpga/hdk/common/ip/cl_ip/cl_ip.gen/sources_1/ip/cl_axi_register_slice/cl_axi_register_slice_clocks.xdc will not be read for any cell of this module.
Start Loading Part and Timing Information
Finished Loading Part and Timing Information : Time (s): cpu = 00:01:38 ; elapsed = 00:01:41 . Memory (MB): peak = 5380.688 ; gain = 2441.348 ; free physical = 16285 ; free virtual = 35148
Start Applying XDC Timing Constraints
Finished Applying XDC Timing Constraints : Time (s): cpu = 00:05:32 ; elapsed = 00:06:07 . Memory (MB): peak = 5412.473 ; gain = 2473.133 ; free physical = 14670 ; free virtual = 33559
[2026-04-01T16:47:47+0000] [3x3_none] still running...
CRITICAL WARNING: [Designutils 20-1280] Could not find module 'clk_mmcm_a'. The XDC file /home/ubuntu/src/project_data/SatSwarmV2/src/aws-fpga/hdk/common/ip/cl_ip/cl_ip.gen/sources_1/ip/clk_mmcm_a/clk_mmcm_a_late.xdc will not be read for any cell of this module.
CRITICAL WARNING: [Designutils 20-1280] Could not find module 'clk_mmcm_b'. The XDC file /home/ubuntu/src/project_data/SatSwarmV2/src/aws-fpga/hdk/common/ip/cl_ip/cl_ip.gen/sources_1/ip/clk_mmcm_b/clk_mmcm_b_late.xdc will not be read for any cell of this module.
CRITICAL WARNING: [Designutils 20-1280] Could not find module 'clk_mmcm_c'. The XDC file /home/ubuntu/src/project_data/SatSwarmV2/src/aws-fpga/hdk/common/ip/cl_ip/cl_ip.gen/sources_1/ip/clk_mmcm_c/clk_mmcm_c_late.xdc will not be read for any cell of this module.
CRITICAL WARNING: [Designutils 20-1280] Could not find module 'clk_mmcm_hbm'. The XDC file /home/ubuntu/src/project_data/SatSwarmV2/src/aws-fpga/hdk/common/ip/cl_ip/cl_ip.gen/sources_1/ip/clk_mmcm_hbm/clk_mmcm_hbm_late.xdc will not be read for any cell of this module.
CRITICAL WARNING: [Designutils 20-1280] Could not find module 'axi_register_slice'. The XDC file /home/ubuntu/src/project_data/SatSwarmV2/src/aws-fpga/hdk/common/ip/cl_ip/cl_ip.gen/sources_1/ip/axi_register_slice/axi_register_slice_clocks.xdc will not be read for any cell of this module.
CRITICAL WARNING: [Designutils 20-1280] Could not find module 'axi_register_slice_light'. The XDC file /home/ubuntu/src/project_data/SatSwarmV2/src/aws-fpga/hdk/common/ip/cl_ip/cl_ip.gen/sources_1/ip/axi_register_slice_light/axi_register_slice_light_clocks.xdc will not be read for any cell of this module.
CRITICAL WARNING: [Designutils 20-1280] Could not find module 'cl_axi3_256b_reg_slice'. The XDC file /home/ubuntu/src/project_data/SatSwarmV2/src/aws-fpga/hdk/common/ip/cl_ip/cl_ip.gen/sources_1/ip/cl_axi3_256b_reg_slice/cl_axi3_256b_reg_slice_clocks.xdc will not be read for any cell of this module.
CRITICAL WARNING: [Designutils 20-1280] Could not find module 'cl_axi_register_slice'. The XDC file /home/ubuntu/src/project_data/SatSwarmV2/src/aws-fpga/hdk/common/ip/cl_ip/cl_ip.gen/sources_1/ip/cl_axi_register_slice/cl_axi_register_slice_clocks.xdc will not be read for any cell of this module.
Start Loading Part and Timing Information
Finished Loading Part and Timing Information : Time (s): cpu = 00:01:38 ; elapsed = 00:01:41 . Memory (MB): peak = 5380.688 ; gain = 2441.348 ; free physical = 16285 ; free virtual = 35148
Start Applying XDC Timing Constraints
Finished Applying XDC Timing Constraints : Time (s): cpu = 00:05:32 ; elapsed = 00:06:07 . Memory (MB): peak = 5412.473 ; gain = 2473.133 ; free physical = 14670 ; free virtual = 33559
[2026-04-01T16:49:47+0000] [3x3_none] still running...
CRITICAL WARNING: [Designutils 20-1280] Could not find module 'clk_mmcm_a'. The XDC file /home/ubuntu/src/project_data/SatSwarmV2/src/aws-fpga/hdk/common/ip/cl_ip/cl_ip.gen/sources_1/ip/clk_mmcm_a/clk_mmcm_a_late.xdc will not be read for any cell of this module.
CRITICAL WARNING: [Designutils 20-1280] Could not find module 'clk_mmcm_b'. The XDC file /home/ubuntu/src/project_data/SatSwarmV2/src/aws-fpga/hdk/common/ip/cl_ip/cl_ip.gen/sources_1/ip/clk_mmcm_b/clk_mmcm_b_late.xdc will not be read for any cell of this module.
CRITICAL WARNING: [Designutils 20-1280] Could not find module 'clk_mmcm_c'. The XDC file /home/ubuntu/src/project_data/SatSwarmV2/src/aws-fpga/hdk/common/ip/cl_ip/cl_ip.gen/sources_1/ip/clk_mmcm_c/clk_mmcm_c_late.xdc will not be read for any cell of this module.
CRITICAL WARNING: [Designutils 20-1280] Could not find module 'clk_mmcm_hbm'. The XDC file /home/ubuntu/src/project_data/SatSwarmV2/src/aws-fpga/hdk/common/ip/cl_ip/cl_ip.gen/sources_1/ip/clk_mmcm_hbm/clk_mmcm_hbm_late.xdc will not be read for any cell of this module.
CRITICAL WARNING: [Designutils 20-1280] Could not find module 'axi_register_slice'. The XDC file /home/ubuntu/src/project_data/SatSwarmV2/src/aws-fpga/hdk/common/ip/cl_ip/cl_ip.gen/sources_1/ip/axi_register_slice/axi_register_slice_clocks.xdc will not be read for any cell of this module.
CRITICAL WARNING: [Designutils 20-1280] Could not find module 'axi_register_slice_light'. The XDC file /home/ubuntu/src/project_data/SatSwarmV2/src/aws-fpga/hdk/common/ip/cl_ip/cl_ip.gen/sources_1/ip/axi_register_slice_light/axi_register_slice_light_clocks.xdc will not be read for any cell of this module.
CRITICAL WARNING: [Designutils 20-1280] Could not find module 'cl_axi3_256b_reg_slice'. The XDC file /home/ubuntu/src/project_data/SatSwarmV2/src/aws-fpga/hdk/common/ip/cl_ip/cl_ip.gen/sources_1/ip/cl_axi3_256b_reg_slice/cl_axi3_256b_reg_slice_clocks.xdc will not be read for any cell of this module.
CRITICAL WARNING: [Designutils 20-1280] Could not find module 'cl_axi_register_slice'. The XDC file /home/ubuntu/src/project_data/SatSwarmV2/src/aws-fpga/hdk/common/ip/cl_ip/cl_ip.gen/sources_1/ip/cl_axi_register_slice/cl_axi_register_slice_clocks.xdc will not be read for any cell of this module.
Start Loading Part and Timing Information
Finished Loading Part and Timing Information : Time (s): cpu = 00:01:38 ; elapsed = 00:01:41 . Memory (MB): peak = 5380.688 ; gain = 2441.348 ; free physical = 16285 ; free virtual = 35148
Start Applying XDC Timing Constraints
Finished Applying XDC Timing Constraints : Time (s): cpu = 00:05:32 ; elapsed = 00:06:07 . Memory (MB): peak = 5412.473 ; gain = 2473.133 ; free physical = 14670 ; free virtual = 33559
[2026-04-01T16:51:47+0000] [3x3_none] still running...
CRITICAL WARNING: [Designutils 20-1280] Could not find module 'clk_mmcm_a'. The XDC file /home/ubuntu/src/project_data/SatSwarmV2/src/aws-fpga/hdk/common/ip/cl_ip/cl_ip.gen/sources_1/ip/clk_mmcm_a/clk_mmcm_a_late.xdc will not be read for any cell of this module.
CRITICAL WARNING: [Designutils 20-1280] Could not find module 'clk_mmcm_b'. The XDC file /home/ubuntu/src/project_data/SatSwarmV2/src/aws-fpga/hdk/common/ip/cl_ip/cl_ip.gen/sources_1/ip/clk_mmcm_b/clk_mmcm_b_late.xdc will not be read for any cell of this module.
CRITICAL WARNING: [Designutils 20-1280] Could not find module 'clk_mmcm_c'. The XDC file /home/ubuntu/src/project_data/SatSwarmV2/src/aws-fpga/hdk/common/ip/cl_ip/cl_ip.gen/sources_1/ip/clk_mmcm_c/clk_mmcm_c_late.xdc will not be read for any cell of this module.
CRITICAL WARNING: [Designutils 20-1280] Could not find module 'clk_mmcm_hbm'. The XDC file /home/ubuntu/src/project_data/SatSwarmV2/src/aws-fpga/hdk/common/ip/cl_ip/cl_ip.gen/sources_1/ip/clk_mmcm_hbm/clk_mmcm_hbm_late.xdc will not be read for any cell of this module.
CRITICAL WARNING: [Designutils 20-1280] Could not find module 'axi_register_slice'. The XDC file /home/ubuntu/src/project_data/SatSwarmV2/src/aws-fpga/hdk/common/ip/cl_ip/cl_ip.gen/sources_1/ip/axi_register_slice/axi_register_slice_clocks.xdc will not be read for any cell of this module.
CRITICAL WARNING: [Designutils 20-1280] Could not find module 'axi_register_slice_light'. The XDC file /home/ubuntu/src/project_data/SatSwarmV2/src/aws-fpga/hdk/common/ip/cl_ip/cl_ip.gen/sources_1/ip/axi_register_slice_light/axi_register_slice_light_clocks.xdc will not be read for any cell of this module.
CRITICAL WARNING: [Designutils 20-1280] Could not find module 'cl_axi3_256b_reg_slice'. The XDC file /home/ubuntu/src/project_data/SatSwarmV2/src/aws-fpga/hdk/common/ip/cl_ip/cl_ip.gen/sources_1/ip/cl_axi3_256b_reg_slice/cl_axi3_256b_reg_slice_clocks.xdc will not be read for any cell of this module.
CRITICAL WARNING: [Designutils 20-1280] Could not find module 'cl_axi_register_slice'. The XDC file /home/ubuntu/src/project_data/SatSwarmV2/src/aws-fpga/hdk/common/ip/cl_ip/cl_ip.gen/sources_1/ip/cl_axi_register_slice/cl_axi_register_slice_clocks.xdc will not be read for any cell of this module.
Start Loading Part and Timing Information
Finished Loading Part and Timing Information : Time (s): cpu = 00:01:38 ; elapsed = 00:01:41 . Memory (MB): peak = 5380.688 ; gain = 2441.348 ; free physical = 16285 ; free virtual = 35148
Start Applying XDC Timing Constraints
Finished Applying XDC Timing Constraints : Time (s): cpu = 00:05:32 ; elapsed = 00:06:07 . Memory (MB): peak = 5412.473 ; gain = 2473.133 ; free physical = 14670 ; free virtual = 33559
[2026-04-01T16:53:47+0000] [3x3_none] still running...
CRITICAL WARNING: [Designutils 20-1280] Could not find module 'clk_mmcm_c'. The XDC file /home/ubuntu/src/project_data/SatSwarmV2/src/aws-fpga/hdk/common/ip/cl_ip/cl_ip.gen/sources_1/ip/clk_mmcm_c/clk_mmcm_c_late.xdc will not be read for any cell of this module.
CRITICAL WARNING: [Designutils 20-1280] Could not find module 'clk_mmcm_hbm'. The XDC file /home/ubuntu/src/project_data/SatSwarmV2/src/aws-fpga/hdk/common/ip/cl_ip/cl_ip.gen/sources_1/ip/clk_mmcm_hbm/clk_mmcm_hbm_late.xdc will not be read for any cell of this module.
CRITICAL WARNING: [Designutils 20-1280] Could not find module 'axi_register_slice'. The XDC file /home/ubuntu/src/project_data/SatSwarmV2/src/aws-fpga/hdk/common/ip/cl_ip/cl_ip.gen/sources_1/ip/axi_register_slice/axi_register_slice_clocks.xdc will not be read for any cell of this module.
CRITICAL WARNING: [Designutils 20-1280] Could not find module 'axi_register_slice_light'. The XDC file /home/ubuntu/src/project_data/SatSwarmV2/src/aws-fpga/hdk/common/ip/cl_ip/cl_ip.gen/sources_1/ip/axi_register_slice_light/axi_register_slice_light_clocks.xdc will not be read for any cell of this module.
CRITICAL WARNING: [Designutils 20-1280] Could not find module 'cl_axi3_256b_reg_slice'. The XDC file /home/ubuntu/src/project_data/SatSwarmV2/src/aws-fpga/hdk/common/ip/cl_ip/cl_ip.gen/sources_1/ip/cl_axi3_256b_reg_slice/cl_axi3_256b_reg_slice_clocks.xdc will not be read for any cell of this module.
CRITICAL WARNING: [Designutils 20-1280] Could not find module 'cl_axi_register_slice'. The XDC file /home/ubuntu/src/project_data/SatSwarmV2/src/aws-fpga/hdk/common/ip/cl_ip/cl_ip.gen/sources_1/ip/cl_axi_register_slice/cl_axi_register_slice_clocks.xdc will not be read for any cell of this module.
INFO: [Timing 38-35] Done setting XDC timing constraints. [/home/ubuntu/src/project_data/SatSwarmV2/src/aws-fpga/hdk/common/ip/cl_ip/cl_ip.gen/sources_1/ip/cl_axi_clock_converter/cl_axi_clock_converter_clocks.xdc:16]
INFO: [Timing 38-2] Deriving generated clocks [/home/ubuntu/src/project_data/SatSwarmV2/src/aws-fpga/hdk/common/ip/cl_ip/cl_ip.gen/sources_1/ip/cl_axi_clock_converter/cl_axi_clock_converter_clocks.xdc:16]
CRITICAL WARNING: [Vivado 12-4739] set_false_path:No valid object(s) found for '-from [get_pins -of_objects [get_cells -hierarchical -filter { NAME =~ *ram_reg*}] -filter {REF_PIN_NAME == CLK}]'. [/home/ubuntu/src/project_data/SatSwarmV2/src/aws-fpga/hdk/common/shell_stable/build/constraints/cl_ddr_timing_aws.xdc:26]
CRITICAL WARNING: [Vivado 12-4739] set_clock_groups:No valid object(s) found for '-group [get_clocks -of_objects [get_pins -hierarchical -filter NAME=~*SH_DDR/genblk1.IS_DDR_PRESENT.DDR4_0/inst/u_ddr4_infrastructure/gen_mmcme4.u_mmcme_adv_inst/CLKOUT0]]'. [/home/ubuntu/src/project_data/SatSwarmV2/src/aws-fpga/hdk/common/shell_stable/build/constraints/cl_ddr_timing_aws.xdc:30]
CRITICAL WARNING: [Vivado 12-4739] set_clock_groups:No valid object(s) found for '-group '. [/home/ubuntu/src/project_data/SatSwarmV2/src/aws-fpga/hdk/common/shell_stable/build/constraints/cl_ddr_timing_aws.xdc:30]
CRITICAL WARNING: [Vivado 12-5201] set_clock_groups: cannot set the clock group when only one non-empty group remains. [/home/ubuntu/src/project_data/SatSwarmV2/src/aws-fpga/hdk/common/shell_stable/build/constraints/cl_ddr_timing_aws.xdc:30]
[2026-04-01T16:55:47+0000] [3x3_none] still running...
CRITICAL WARNING: [Vivado 12-4739] set_false_path:No valid object(s) found for '-from [get_pins -of_objects [get_cells -hierarchical -filter { NAME =~ *ram_reg*}] -filter {REF_PIN_NAME == CLK}]'. [/home/ubuntu/src/project_data/SatSwarmV2/src/aws-fpga/hdk/common/shell_stable/build/constraints/cl_ddr_timing_aws.xdc:26]
CRITICAL WARNING: [Vivado 12-4739] set_clock_groups:No valid object(s) found for '-group [get_clocks -of_objects [get_pins -hierarchical -filter NAME=~*SH_DDR/genblk1.IS_DDR_PRESENT.DDR4_0/inst/u_ddr4_infrastructure/gen_mmcme4.u_mmcme_adv_inst/CLKOUT0]]'. [/home/ubuntu/src/project_data/SatSwarmV2/src/aws-fpga/hdk/common/shell_stable/build/constraints/cl_ddr_timing_aws.xdc:30]
CRITICAL WARNING: [Vivado 12-4739] set_clock_groups:No valid object(s) found for '-group '. [/home/ubuntu/src/project_data/SatSwarmV2/src/aws-fpga/hdk/common/shell_stable/build/constraints/cl_ddr_timing_aws.xdc:30]
CRITICAL WARNING: [Vivado 12-5201] set_clock_groups: cannot set the clock group when only one non-empty group remains. [/home/ubuntu/src/project_data/SatSwarmV2/src/aws-fpga/hdk/common/shell_stable/build/constraints/cl_ddr_timing_aws.xdc:30]
synth_design completed successfully
synth_design: Time (s): cpu = 00:17:51 ; elapsed = 00:18:34 . Memory (MB): peak = 11297.301 ; gain = 9623.523 ; free physical = 11517 ; free virtual = 30401
INFO: [Common 17-2834] synth_design peak Physical Memory [PSS] (MB): overall = 10973.738; main = 10564.168; forked = 4012.246
INFO: [Common 17-2834] synth_design peak Virtual Memory [VSS] (MB): overall = 13497.449; main = 11297.270; forked = 5647.102
### print "Writing post-synth design checkpoint"
AWS FPGA: (16:54:31): Writing post-synth design checkpoint
### write_checkpoint -force ${checkpoints_dir}/${CL}.${TAG}.post_synth.dcp
INFO: [Timing 38-35] Done setting XDC timing constraints.
[2026-04-01T16:57:47+0000] [3x3_none] still running...
CRITICAL WARNING: [Vivado 12-4739] set_clock_groups:No valid object(s) found for '-group [get_clocks -of_objects [get_pins -hierarchical -filter NAME=~*SH_DDR/genblk1.IS_DDR_PRESENT.DDR4_0/inst/u_ddr4_infrastructure/gen_mmcme4.u_mmcme_adv_inst/CLKOUT0]]'. [/home/ubuntu/src/project_data/SatSwarmV2/src/aws-fpga/hdk/common/shell_stable/build/constraints/cl_ddr_timing_aws.xdc:30]
CRITICAL WARNING: [Vivado 12-4739] set_clock_groups:No valid object(s) found for '-group '. [/home/ubuntu/src/project_data/SatSwarmV2/src/aws-fpga/hdk/common/shell_stable/build/constraints/cl_ddr_timing_aws.xdc:30]
CRITICAL WARNING: [Vivado 12-5201] set_clock_groups: cannot set the clock group when only one non-empty group remains. [/home/ubuntu/src/project_data/SatSwarmV2/src/aws-fpga/hdk/common/shell_stable/build/constraints/cl_ddr_timing_aws.xdc:30]
synth_design completed successfully
synth_design: Time (s): cpu = 00:17:51 ; elapsed = 00:18:34 . Memory (MB): peak = 11297.301 ; gain = 9623.523 ; free physical = 11517 ; free virtual = 30401
INFO: [Common 17-2834] synth_design peak Physical Memory [PSS] (MB): overall = 10973.738; main = 10564.168; forked = 4012.246
INFO: [Common 17-2834] synth_design peak Virtual Memory [VSS] (MB): overall = 13497.449; main = 11297.270; forked = 5647.102
### print "Writing post-synth design checkpoint"
AWS FPGA: (16:54:31): Writing post-synth design checkpoint
### write_checkpoint -force ${checkpoints_dir}/${CL}.${TAG}.post_synth.dcp
INFO: [Timing 38-35] Done setting XDC timing constraints.
INFO: [Timing 38-480] Writing timing data to binary archive.
=== [3x3_none] failed ===
log: /home/ubuntu/src/project_data/SatSwarmV2/deploy/logs/grid_sharing_20260401_132542/build_3x3_none_20260401_163547.log
latest tar: /home/ubuntu/src/project_data/SatSwarmV2/src/aws-fpga/hdk/cl/examples/cl_satswarm/build/checkpoints/2026_04_01-132542.Developer_CL.tar
[3x3_none] last error lines:
CRI